SampleIndex,True_AirTemperature,Pred_AirTemperature,True_Precipitation,Pred_Precipitation,True_WindSpeed,Pred_WindSpeed,True_RainBinary,Pred_RainBinary
0,25.0,23.675583,0.0,0.011585769,2.2,1.7829348,0,0
1,25.6,25.638111,0.0,0.010134229,1.0,2.4204283,0,0
2,26.6,25.838455,0.0,0.011698182,1.2,1.720975,0,0
3,28.8,26.488508,0.0,0.010531199,0.5,1.5007997,0,0
4,29.2,27.816916,0.0,0.0086424565,2.2,1.2409832,0,0
5,26.4,27.816706,0.0,0.011482221,1.1,1.956448,0,0
6,23.8,25.065386,5.0,1.5190125,0.3999999999999999,1.2092003,1,1
7,24.0,23.549461,0.0,3.5208135,1.5,0.93868625,0,1
8,23.8,24.488836,0.0,0.0645377,0.5,0.9079026,0,0
9,23.9,24.17211,0.0,0.014256195,0.30000000000000004,0.7890942,0,0
10,23.0,23.508528,0.0,0.014197894,1.5,0.6604464,0,0
11,22.2,22.824408,0.0,0.012140027,1.0,0.87519825,0,0
12,23.4,22.326366,0.0,0.013024059,1.0,0.87465364,0,0
13,24.9,22.84424,0.0,0.011024463,1.3,0.8505124,0,0
14,27.9,25.255808,0.0,0.0067586447,1.3,1.0870628,0,0
15,27.8,28.2416,0.0,0.009734928,3.4,1.4827942,0,0
16,28.9,28.098938,0.0,0.012834104,1.9,2.7895138,0,0
17,30.4,28.794004,0.0,0.0115478905,1.9,2.393696,0,0
18,28.7,29.463839,0.0,0.011933473,1.9,2.298532,0,0
19,28.0,28.292992,0.0,0.01175199,5.1,2.0218956,0,0
20,28.3,27.294138,0.0,0.012003784,3.0,3.0247386,0,0
21,27.7,27.240007,0.0,0.010095771,1.7,2.4843621,0,0
22,27.0,26.516766,0.0,0.009693173,1.4,1.4762061,0,0
23,26.9,26.311487,0.0,0.007960385,1.3,1.0135094,0,0
24,27.0,26.295712,0.0,0.0065814513,1.1,0.9596016,0,0
25,26.9,26.59511,0.0,0.006550744,0.6000000000000001,0.96643734,0,0
26,26.8,26.675917,0.0,0.0070144744,0.3999999999999999,0.82953405,0,0
27,26.5,26.542662,0.0,0.010284852,0.8,0.76050484,0,0
28,26.6,26.294458,0.0,0.012123606,0.6000000000000001,0.83262193,0,0
29,26.2,27.066257,0.0,0.007421165,0.6000000000000001,0.91982967,0,0
30,27.2,26.52704,0.0,0.008270162,1.1,0.96723,0,0
31,26.7,27.191303,0.0,0.008469138,1.3,1.3562969,0,0
32,26.9,26.356703,0.0,0.011519231,0.9,1.222335,0,0
33,26.7,26.630615,0.0,0.074446134,2.4,1.1169146,0,0
34,27.0,25.911356,0.0,1.3019698,1.4,1.9249463,0,0
35,27.7,28.216549,0.0,0.014694078,2.5,2.0251544,0,0
36,28.5,28.408062,0.0,0.016019762,3.9,2.740465,0,0
37,30.0,28.553175,0.0,0.018407015,1.4,3.5699437,0,0
38,29.3,29.751926,0.0,0.017383453,3.6,2.8863432,0,0
39,29.7,29.16184,0.0,0.018311141,3.4,3.4742196,0,0
40,29.9,29.729414,0.0,0.01723038,2.8,3.509717,0,0
41,29.0,29.617277,0.0,0.01607178,5.5,3.1736717,0,0
42,29.4,28.926767,0.0,0.01486538,3.7,3.875936,0,0
43,28.9,28.721247,0.0,0.014070423,3.2,3.6694632,0,0
44,28.4,27.8522,0.0,0.013179737,2.5,3.082469,0,0
45,28.0,27.138376,0.0,0.01268943,2.4,2.2297058,0,0
46,27.3,26.929401,0.0,0.011700171,2.9,1.8600318,0,0
47,27.1,26.262384,0.0,0.027046185,4.0,1.9589113,0,0
48,26.8,26.40652,0.0,0.0137717,3.7,2.68507,0,0
49,26.7,26.400196,0.0,0.019302506,1.3,2.916167,0,0
50,26.5,26.536404,0.0,0.012685076,2.2,1.8776531,0,0
51,26.5,26.12969,0.0,0.013663729,1.0,1.8918098,0,0
52,26.7,26.639881,0.0,0.011066546,3.3,1.306175,0,0
53,26.4,26.914524,0.0,0.012365348,1.2,2.4621396,0,0
54,25.1,26.440315,0.0,0.011362811,0.0,1.5803082,0,0
55,24.3,25.125477,0.0,0.009921873,0.6000000000000001,0.796397,0,0
56,23.8,23.883057,0.0,0.0101437755,0.6000000000000001,0.68438816,0,0
57,23.5,23.681946,0.0,0.011306565,0.9,0.66704535,0,0
58,23.1,24.08939,0.0,0.008662856,0.7,0.80046797,0,0
59,23.7,23.63465,0.0,0.010612746,1.1,0.770288,0,0
60,26.2,25.17362,0.0,0.012838975,1.0,1.1219782,0,0
61,27.8,28.28635,0.0,0.0108759375,0.3999999999999999,1.5737503,0,0
62,29.0,28.988138,0.0,0.011414016,2.1,1.6878717,0,0
63,28.4,29.278082,0.0,0.013148829,1.6,2.4949918,0,0
64,27.3,28.262766,0.0,0.013557145,1.4,2.0699315,0,0
65,28.1,26.453888,0.0,0.020691972,2.2,1.5673134,0,0
66,26.4,27.221714,0.0,0.010702137,2.7,1.8242339,0,0
67,27.4,25.036541,0.0,0.0102039175,1.0,1.7773991,0,0
68,26.8,26.404264,0.0,0.0063361228,2.1,1.2928686,0,0
69,26.1,25.467258,0.0,0.0068530147,2.0,1.376638,0,0
70,25.2,24.774641,0.0,0.0072044833,2.0,1.431712,0,0
71,24.5,23.895918,0.0,0.009159443,1.3,1.5220796,0,0
72,24.5,23.660088,0.0,0.0088951,0.7,1.2686844,0,0
73,25.1,24.073187,0.0,0.008298593,0.7,0.95813954,0,0
74,24.5,25.255508,0.0,0.009294565,2.6,0.8900739,0,0
75,20.7,22.668844,0.0,1.7272525,2.2,2.11452,0,1
76,21.3,22.266996,0.0,0.01779182,0.6000000000000001,1.6778358,0,0
77,22.2,22.195389,0.0,0.011900447,1.9,1.2283615,0,0
78,22.6,22.736063,0.0,0.009740767,0.8,1.4649289,0,0
79,22.0,22.375767,0.0,0.011250444,1.6,1.1418716,0,0
80,22.1,21.535152,0.0,0.008511257,2.4,1.3200253,0,0
81,22.5,22.068855,0.0,0.008165748,2.1,1.953471,0,0
82,22.9,22.431282,0.0,0.008637133,2.1,2.1523645,0,0
83,23.4,23.543282,0.0,0.009069093,3.1,2.1824408,0,0
84,24.1,23.864006,0.0,0.010240912,2.5,2.8862226,0,0
85,23.7,24.043495,0.0,0.009876786,2.5,2.643455,0,0
86,22.7,23.50762,0.0,0.009414453,3.2,2.4795437,0,0
87,22.9,21.999613,0.0,0.0076341177,3.1,2.608299,0,0
88,22.1,22.311255,0.0,0.0077768187,2.5,2.5142462,0,0
89,21.3,21.808365,0.0,0.007360163,3.1,2.4462054,0,0
90,21.0,21.141909,0.0,0.009520381,2.7,2.868074,0,0
91,20.8,20.834892,0.0,0.008965047,1.9,2.8475504,0,0
92,20.7,20.698803,0.0,0.0083689755,2.0,2.3156023,0,0
93,20.7,20.828531,0.0,0.0062679816,1.7,2.0469532,0,0
94,20.5,20.496838,0.0,0.009423245,2.0,2.0530741,0,0
95,20.6,20.710438,0.0,0.0070491903,0.5,2.2790568,0,0
96,20.6,21.598404,0.0,0.005204657,1.2,1.4488626,0,0
97,20.8,21.082478,0.0,0.0040644915,1.4,1.5088078,0,0
98,20.5,21.359806,0.0,0.0038964218,1.6,1.6303817,0,0
99,19.9,21.269335,0.0,0.0026699172,1.4,1.5554248,0,0
100,20.5,19.594145,0.0,0.007571073,1.1,1.5889469,0,0
101,21.3,20.707026,0.0,0.0038224324,1.6,1.3994858,0,0
102,22.7,22.013958,0.0,0.005055604,1.4,1.5784229,0,0
103,23.9,23.366627,0.0,0.011590971,3.0,1.6097862,0,0
104,23.8,23.68682,0.0,0.009883649,2.5,2.855879,0,0
105,24.7,23.781618,0.0,0.009292757,2.7,2.6388094,0,0
106,24.6,24.594564,0.0,0.009745205,2.0,2.6447613,0,0
107,24.6,24.431625,0.0,0.009644752,2.1,2.2794194,0,0
108,24.4,24.123125,0.0,0.009549489,1.7,2.1454952,0,0
109,22.4,23.619081,0.5,0.011500443,1.0,1.7754008,1,0
110,22.3,21.685087,0.5,0.568226,1.4,1.4700843,1,1
111,21.3,21.297281,0.0,0.42990282,1.0,1.3729007,0,1
112,21.4,21.89082,0.0,0.011837631,0.8,1.1126723,0,0
113,20.9,21.603216,1.0,0.012012505,2.1,0.9035055,1,0
114,20.8,20.289713,1.0,0.7026423,1.0,1.4225775,1,1
115,20.8,20.113365,3.5,1.2141633,0.30000000000000004,1.276531,1,1
116,24.8,20.214224,0.0,2.9078898,2.5,1.029081,0,1
117,25.5,23.913725,0.0,0.02454854,1.2,2.5268939,0,0
118,26.2,25.297134,0.0,0.016147627,2.1,1.950051,0,0
119,25.4,26.325874,0.0,0.011332795,2.1,2.2537396,0,0
120,24.7,24.883387,0.0,0.01485775,3.5,2.0462384,0,0
121,24.2,24.382113,0.0,0.011492613,2.0,2.541723,0,0
122,23.6,23.96552,0.0,0.010867452,2.4,2.099747,0,0
123,23.1,23.25953,0.0,0.010460579,2.0,2.0822763,0,0
124,23.0,23.216684,0.0,0.011039624,1.6,1.797863,0,0
125,22.8,23.18579,0.0,0.011418016,1.3,1.6860201,0,0
126,22.9,22.933487,0.0,0.010204916,1.3,1.448949,0,0
127,22.9,23.018774,0.0,0.011381913,1.6,1.4977181,0,0
128,22.7,23.451094,0.0,0.012843666,0.9,1.6731273,0,0
129,22.3,23.011242,1.0,0.010100276,1.2,1.1630173,1,0
130,22.0,21.435318,1.0,0.6154628,0.7,1.2389463,1,1
131,21.9,21.732462,0.5,0.40237704,1.0,1.0526909,1,1
132,21.9,21.950075,0.5,0.18541072,0.10000000000000009,1.0135415,1,0
133,21.9,21.88546,0.0,0.43873036,0.19999999999999996,0.8384855,0,1
134,22.1,21.829853,0.0,0.0926276,0.5,0.7125939,0,0
135,22.5,22.093714,1.0,0.03202676,0.19999999999999996,0.61959004,1,0
136,23.8,22.304283,0.0,0.53872955,1.2,0.7217368,0,0
137,25.2,23.821598,0.0,0.01525732,1.5,1.0292674,0,0
138,23.8,24.919006,0.0,0.011641907,1.5,1.3473234,0,0
139,23.2,23.578974,0.0,0.06112015,1.3,1.3216432,0,0
140,23.0,23.033455,0.0,0.019004472,0.6000000000000001,1.1975763,0,0
141,22.9,22.797209,0.0,0.023249699,0.5,0.85934454,0,0
142,22.8,22.602528,0.0,0.011322914,1.1,0.79702437,0,0
143,22.9,22.509134,0.0,0.024844749,1.1,1.0960271,0,0
144,19.7,22.99801,0.0,0.012526352,3.3,1.1930726,0,0
145,19.3,19.779106,0.0,0.014781581,2.2,2.5952148,0,0
146,19.1,19.34636,0.0,0.012157523,1.9,2.4389281,0,0
147,19.0,19.035652,0.0,0.011980679,2.6,2.1580384,0,0
148,18.8,18.950003,0.0,0.010832948,2.0,2.4763608,0,0
149,18.9,18.89024,0.0,0.008587963,2.3,2.275369,0,0
150,19.0,18.89301,0.0,0.010472298,1.9,2.458273,0,0
151,19.2,19.274227,0.0,0.008543467,2.9,2.4095783,0,0
152,19.6,19.473896,0.0,0.0071447133,1.9,2.763946,0,0
153,19.6,19.785631,0.0,0.008097717,2.1,2.5885146,0,0
154,19.2,19.874855,0.0,0.0060503967,2.4,2.6193004,0,0
155,19.3,19.3603,0.0,0.006926229,2.2,2.7553003,0,0
156,19.7,19.586594,0.0,0.0053722793,1.9,2.6956217,0,0
157,19.7,20.386837,0.0,0.0052356226,2.4,2.466999,0,0
158,19.8,19.714325,0.0,0.0049700136,3.0,2.5894642,0,0
159,19.7,19.53024,0.0,0.003991642,3.0,2.839002,0,0
160,19.3,19.065346,0.0,0.0050030453,3.3,2.8857126,0,0
161,19.8,18.780039,0.0,0.0055846456,3.0,2.9559338,0,0
162,19.4,19.322409,0.0,0.0040685916,3.5,2.811161,0,0
163,19.3,18.891558,0.0,0.0055891597,3.1,2.8880324,0,0
164,19.5,18.941833,0.0,0.005396276,2.7,2.767943,0,0
165,19.6,19.09027,0.0,0.005393542,2.2,2.618317,0,0
166,19.8,19.40067,0.0,0.003934834,2.6,2.3343494,0,0
167,19.7,19.528591,0.0,0.005325636,1.8,2.4282553,0,0
168,19.3,19.434813,0.0,0.0010593082,1.5,1.8966856,0,0
169,19.4,19.021357,0.0,0.0025359876,1.3,1.4840666,0,0
170,19.2,19.117878,0.0,0.0027666194,0.6000000000000001,1.2306073,0,0
171,19.2,18.702065,0.0,0.0065947175,0.0,0.84626174,0,0
172,19.2,19.048836,0.0,0.0051858635,0.19999999999999996,0.5709832,0,0
173,19.4,19.160656,0.0,0.0057543092,0.3999999999999999,0.5501938,0,0
174,19.7,19.828264,0.0,0.0067199855,0.5,0.57787573,0,0
175,20.0,20.614048,0.0,0.007168193,0.8,0.64921653,0,0
176,20.6,20.504473,0.0,0.0072338097,0.0,0.73477435,0,0
177,21.2,21.534868,0.0,0.008427165,0.3999999999999999,0.67837465,0,0
178,22.3,21.983402,0.0,0.0083968155,1.3,0.7713882,0,0
179,22.6,23.214846,0.0,0.0081451675,1.1,1.1857557,0,0
180,22.7,23.58743,0.0,0.00810701,1.3,1.336501,0,0
181,23.4,23.3976,0.0,0.008094108,1.6,1.3803627,0,0
182,23.9,23.612637,0.0,0.010809006,1.9,1.5983392,0,0
183,23.9,23.5464,0.0,0.012506558,1.9,1.6918336,0,0
184,23.4,23.559996,0.0,0.012491693,1.6,1.7077497,0,0
185,22.9,23.265303,0.0,0.010321397,1.1,1.5614519,0,0
186,22.7,22.610004,0.0,0.008259018,1.6,1.0321524,0,0
187,22.4,22.31066,0.0,0.0072726314,1.0,1.0584463,0,0
188,22.6,22.20166,0.0,0.007594276,0.7,0.8624419,0,0
189,22.4,22.515055,0.0,0.007982663,0.8,0.760039,0,0
190,22.2,22.57543,0.0,0.008188914,0.6000000000000001,0.774714,0,0
191,22.1,22.582886,0.0,0.008483553,0.8,0.74202704,0,0
192,21.6,22.404593,0.0,0.008462966,0.8,0.74898446,0,0
193,21.8,21.480682,0.0,0.007973797,0.0,0.66342294,0,0
194,21.9,21.634565,0.0,0.008539428,0.8,0.5236201,0,0
195,21.9,21.624727,0.0,0.008362267,0.10000000000000009,0.59959483,0,0
196,22.1,21.601496,0.0,0.009560144,0.7,0.5076921,0,0
197,22.0,22.02888,0.0,0.008998962,0.19999999999999996,0.62330556,0,0
198,22.0,22.15132,0.0,0.009264482,0.6000000000000001,0.59223926,0,0
199,22.4,22.489414,0.0,0.008756755,0.7,0.6725006,0,0
200,23.5,23.310745,0.0,0.0073222946,0.5,0.7876607,0,0
201,24.4,25.111687,0.0,0.004594063,0.19999999999999996,0.89732605,0,0
202,25.4,26.128956,0.0,0.005137315,0.10000000000000009,0.95655245,0,0
203,26.3,26.399084,0.0,0.005286122,1.1,0.92395574,0,0
204,26.5,26.363012,0.0,0.0072764964,1.9,1.3226945,0,0
205,26.4,25.903341,0.0,0.009254831,2.0,1.8100585,0,0
206,26.8,25.844624,0.0,0.008629524,1.3,1.871445,0,0
207,26.4,25.864777,0.0,0.0074331416,2.2,1.5639926,0,0
208,25.7,25.179068,0.0,0.007343002,2.1,1.6748197,0,0
209,26.0,24.578194,0.0,0.008444397,1.3,1.5607605,0,0
210,25.8,25.173658,0.0,0.0038628536,1.7,1.1306705,0,0
211,24.2,24.655315,0.0,0.0050628786,2.1,1.1733855,0,0
212,23.9,23.43317,0.0,0.012277539,2.4,1.6293865,0,0
213,23.9,23.475739,0.0,0.012257368,1.1,1.7563227,0,0
214,23.6,23.319386,0.0,0.00865111,0.6000000000000001,1.3093247,0,0
215,23.4,23.402613,0.0,0.006805782,0.30000000000000004,0.78175426,0,0
216,22.9,23.246357,0.0,0.006464849,0.3999999999999999,0.59923494,0,0
217,22.7,22.639097,0.0,0.007951718,0.7,0.5287646,0,0
218,22.9,22.427923,0.0,0.009369875,1.0,0.5950432,0,0
219,22.9,22.819733,0.0,0.0085454425,0.6000000000000001,0.72548366,0,0
220,23.0,22.8809,0.0,0.008288339,0.19999999999999996,0.68550706,0,0
221,22.7,22.782112,0.0,0.008724325,0.7,0.579188,0,0
222,23.1,22.660246,0.0,0.0094999755,0.19999999999999996,0.63663375,0,0
223,23.4,23.1569,0.0,0.008042718,0.3999999999999999,0.61477697,0,0
224,23.6,23.883997,0.0,0.007504285,1.5,0.65815413,0,0
225,23.7,24.202608,0.0,0.0077308603,0.7,1.0975215,0,0
226,23.8,24.136036,0.0,0.0072390926,1.0,1.0540465,0,0
227,25.7,24.187607,0.0,0.0070942095,0.9,1.1819279,0,0
228,25.6,25.82376,0.0,0.0065110694,1.7,1.3695284,0,0
229,25.2,25.05693,0.0,0.008506994,1.9,1.5401458,0,0
230,25.1,24.563774,0.0,0.00858935,1.0,1.6240801,0,0
231,26.3,25.107805,0.0,0.0045896624,0.9,1.3056358,0,0
232,26.9,25.860357,0.0,0.0035489681,1.5,1.1715364,0,0
233,25.5,26.088219,0.0,0.0038437252,1.3,1.179709,0,0
234,25.3,24.605103,0.0,0.0066888733,0.7,0.8627343,0,0
235,25.3,24.70152,0.0,0.005306941,0.5,0.68174386,0,0
236,25.4,24.61716,0.0,0.0043029315,0.10000000000000009,0.6127759,0,0
237,25.2,24.587906,0.0,0.0047326544,0.30000000000000004,0.5721179,0,0
238,25.1,24.397903,0.0,0.005156124,0.3999999999999999,0.5669925,0,0
239,24.9,24.380733,0.0,0.0059426785,0.5,0.67488945,0,0
240,24.2,24.201641,0.0,0.006533563,0.8,0.6309525,0,0
241,23.8,24.050003,0.0,0.0073206145,0.6000000000000001,0.68154025,0,0
242,23.9,23.917126,0.0,0.007027229,0.9,0.65689075,0,0
243,23.6,23.874617,0.0,0.0073653045,0.9,0.72922385,0,0
244,23.2,23.444576,0.0,0.008909439,1.3,0.7478405,0,0
245,23.2,23.10689,0.0,0.009615491,0.9,0.8885146,0,0
246,23.2,23.248024,0.0,0.0098661855,0.7,0.864836,0,0
247,23.7,23.616781,0.0,0.008344915,0.7,0.7954134,0,0
248,24.9,24.362167,0.0,0.006957116,0.6000000000000001,0.8150847,0,0
249,26.4,25.896276,0.0,0.0067449287,0.6000000000000001,0.879016,0,0
250,27.0,27.244314,0.0,0.007381141,1.7,1.2063109,0,0
251,28.3,27.529255,0.0,0.011335572,1.4,1.8485992,0,0
252,28.4,28.524485,0.0,0.011981311,1.6,2.0547097,0,0
253,28.9,28.1945,0.0,0.011891332,1.7,2.05732,0,0
254,28.9,28.351433,0.0,0.0111981975,1.3,2.053013,0,0
255,28.4,27.8418,0.0,0.009944599,1.6,1.6974266,0,0
256,27.4,27.032999,0.0,0.008837216,2.3,1.4548572,0,0
257,27.2,26.18742,0.0,0.009369808,1.5,1.5014042,0,0
258,27.0,26.42008,0.0,0.0068545896,0.3999999999999999,1.1092484,0,0
259,27.2,26.12307,0.0,0.005963717,0.0,0.7498393,0,0
260,26.6,26.048939,0.0,0.0047751674,0.30000000000000004,0.640329,0,0
261,26.1,25.583345,0.0,0.00518098,0.10000000000000009,0.60455334,0,0
262,25.5,25.360403,0.0,0.006479514,0.3999999999999999,0.5976808,0,0
263,25.4,24.708176,0.0,0.007990609,0.9,0.5758182,0,0
264,25.1,24.708548,0.0,0.006488692,0.19999999999999996,0.6604122,0,0
265,24.9,24.633223,0.0,0.005918426,0.19999999999999996,0.55498886,0,0
266,24.7,24.524405,0.0,0.006139963,0.3999999999999999,0.5195637,0,0
267,24.5,24.441105,0.0,0.0057211285,0.10000000000000009,0.6042756,0,0
268,24.4,24.116774,0.0,0.006843821,0.19999999999999996,0.52747226,0,0
269,23.8,24.092556,0.0,0.0069627394,0.19999999999999996,0.5216987,0,0
270,23.8,23.641808,0.0,0.00794609,0.5,0.48983455,0,0
271,24.0,23.848248,0.0,0.009712953,0.30000000000000004,0.68191445,0,0
272,24.3,24.632998,0.0,0.01088922,0.7,0.74868226,0,0
273,24.7,25.325596,0.0,0.008160358,1.1,0.9500884,0,0
274,25.3,25.600683,0.0,0.008202844,1.6,1.2300946,0,0
275,25.1,25.485039,0.0,0.008680164,2.1,1.637993,0,0
276,24.8,25.21212,0.0,0.009333356,0.9,1.8847095,0,0
277,25.1,24.634981,0.0,0.008445145,0.3999999999999999,1.5118476,0,0
278,24.8,24.928755,0.0,0.005123416,1.1,1.1742541,0,0
279,24.6,24.412683,0.0,0.0061769956,0.6000000000000001,1.127359,0,0
280,24.9,24.081013,0.0,0.006211203,0.8,0.87692666,0,0
281,25.3,24.034883,0.0,0.006213111,0.5,0.75957215,0,0
282,25.4,24.271833,0.0,0.00547543,1.1,0.6664493,0,0
283,25.7,24.368326,0.0,0.0056575136,0.9,0.7499188,0,0
284,26.0,24.720388,0.0,0.006034799,0.6000000000000001,0.7935151,0,0
285,26.2,25.339317,0.0,0.0059809517,0.30000000000000004,0.75476515,0,0
286,26.4,25.792639,0.0,0.0056542614,0.8,0.71784437,0,0
287,26.0,26.259005,0.0,0.007245937,0.5,0.83921003,0,0
288,25.3,26.218534,0.0,0.007266192,0.3999999999999999,0.79275346,0,0
289,25.5,25.277922,0.0,0.0073998263,0.10000000000000009,0.69949126,0,0
290,25.9,25.3412,0.0,0.0077381316,0.3999999999999999,0.63342416,0,0
291,25.2,26.136967,0.0,0.007825194,0.7,0.714844,0,0
292,25.0,26.27206,0.0,0.0072912285,0.7,0.82641983,0,0
293,24.8,25.403534,0.0,0.00835679,0.19999999999999996,0.8024715,0,0
294,24.7,25.134785,0.0,0.0089886375,0.3999999999999999,0.69426286,0,0
295,25.6,25.498095,0.0,0.009003529,0.3999999999999999,0.70844436,0,0
296,26.8,26.481165,0.0,0.008032137,2.1,0.8090625,0,0
297,27.3,27.411896,0.0,0.011776746,2.4,1.8473941,0,0
298,28.2,27.745466,0.0,0.01190967,1.8,2.4200983,0,0
299,28.8,28.555372,0.0,0.012435696,2.3,2.2915747,0,0
300,29.3,28.754023,0.0,0.012298499,1.7,2.4817548,0,0
301,30.2,28.997904,0.0,0.012874839,1.5,2.1305113,0,0
302,30.3,29.336048,0.0,0.012495208,1.3,1.9279242,0,0
303,30.4,28.942623,0.0,0.0107126655,1.7,1.5958685,0,0
304,29.5,28.679928,0.0,0.009816159,1.6,1.464738,0,0
305,28.5,27.955145,0.0,0.0074363463,2.5,1.1799271,0,0
306,27.0,26.975246,0.0,0.0086841015,1.3,1.2917379,0,0
307,26.7,26.253298,0.0,0.008167532,1.1,0.8731273,0,0
308,26.4,26.014715,0.0,0.008030154,0.9,0.7855717,0,0
309,26.0,25.66852,0.0,0.007075478,0.3999999999999999,0.7481003,0,0
310,26.2,25.391642,0.0,0.0064518093,0.7,0.67981637,0,0
311,26.1,25.570887,0.0,0.005180111,1.3,0.7024313,0,0
312,26.0,25.613947,0.0,0.005783373,1.3,0.86995,0,0
313,25.8,25.691164,0.0,0.0061511365,0.9,0.96715593,0,0
314,25.6,25.777727,0.0,0.0062337606,1.4,0.90239096,0,0
315,25.6,25.53426,0.0,0.006703274,0.30000000000000004,0.98804164,0,0
316,25.3,25.275743,0.0,0.00757585,0.8,0.73831,0,0
317,25.1,25.36602,0.0,0.0063607576,0.5,0.76141167,0,0
318,25.1,25.172607,0.0,0.006555045,1.0,0.7102659,0,0
319,25.5,25.23013,0.0,0.009667983,0.7,0.82706356,0,0
320,26.0,26.684362,0.0,0.006296266,0.19999999999999996,0.89707613,0,0
321,27.4,26.810665,0.0,0.009086953,1.6,0.80819726,0,0
322,26.7,28.223137,0.0,0.009177909,2.2,1.4239421,0,0
323,26.4,26.971497,0.0,0.0129954545,2.0,1.8737512,0,0
324,26.0,26.35914,0.0,0.011778373,1.6,1.8649048,0,0
325,25.4,25.771107,0.0,0.009690874,1.4,1.5682018,0,0
326,25.8,25.415129,0.0,0.008373536,0.6000000000000001,1.3552232,0,0
327,25.7,25.693026,0.0,0.0069775456,0.3999999999999999,0.92196786,0,0
328,25.6,25.429098,0.0,0.0066100694,1.1,0.76723087,0,0
329,25.5,25.37866,0.0,0.0075260988,0.9,0.8539587,0,0
330,24.7,25.728617,0.0,0.007530168,0.5,0.8456516,0,0
331,24.1,24.836746,0.0,0.0067978865,0.8,0.70910096,0,0
332,23.7,24.093912,0.0,0.0076968404,0.5,0.7004744,0,0
333,23.5,23.75335,0.0,0.008565739,0.9,0.6453266,0,0
334,23.2,24.278688,0.0,0.0062312013,1.0,0.78871214,0,0
335,23.3,23.829062,0.0,0.007854396,1.0,0.8390726,0,0
336,22.7,23.692266,0.0,0.008556797,1.1,0.8666469,0,0
337,22.8,23.080307,0.0,0.00912265,0.8,0.8848608,0,0
338,22.9,23.320251,0.0,0.0099042235,1.2,0.8413892,0,0
339,23.2,23.430073,0.0,0.012458159,0.9,1.0293784,0,0
340,24.6,24.442217,0.0,0.0073538017,0.8,0.9580195,0,0
341,26.4,25.31056,0.0,0.0088410415,0.8,0.94010305,0,0
342,27.5,26.71475,0.0,0.007819272,2.3,1.0321075,0,0
343,28.3,27.087461,0.0,0.0122515615,3.4,1.9828103,0,0
344,28.1,27.745056,0.0,0.012273429,3.5,2.7891915,0,0
345,28.7,27.495338,0.0,0.012334528,3.5,2.9305773,0,0
346,28.3,27.84456,0.0,0.011744589,3.7,2.998504,0,0
347,28.0,27.499235,0.0,0.011237671,3.2,3.0274327,0,0
348,27.8,27.03611,0.0,0.010204849,4.7,2.7779093,0,0
349,27.2,26.635836,0.0,0.011217121,4.1,3.0426357,0,0
350,27.4,26.178244,0.0,0.012402489,1.8,2.785771,0,0
351,27.0,26.357054,0.0,0.012900799,0.7,1.8190491,0,0
352,26.6,26.775074,0.0,0.006517582,0.6000000000000001,0.9801135,0,0
353,26.4,26.194178,0.0,0.005873462,0.30000000000000004,0.8013772,0,0
354,24.8,25.44824,0.0,0.0063025635,0.8,0.7387978,0,0
355,24.1,24.020605,0.0,0.0069667087,0.5,0.6359676,0,0
356,23.8,23.718143,0.0,0.007255678,0.3999999999999999,0.5986327,0,0
357,23.8,23.604944,0.0,0.0072878543,0.30000000000000004,0.5732068,0,0
358,24.1,24.164984,0.0,0.0073997066,0.3999999999999999,0.61563146,0,0
359,26.1,24.478828,0.0,0.0068198317,0.9,0.66138566,0,0
360,26.5,26.368107,0.0,0.010302067,2.2,1.1214901,0,0
361,23.2,27.269773,2.5,0.04080229,3.0,2.161512,1,0
362,22.3,23.183031,3.5,4.9523606,1.8,1.7525039,1,1
363,25.4,23.170591,0.0,2.4514863,3.4,1.5332805,0,1
364,25.5,25.29301,0.0,0.015927933,2.7,3.590045,0,0
365,24.3,25.163912,0.0,0.013676739,1.3,3.2349565,0,0
366,23.6,23.979311,0.0,0.051707577,1.8,1.9996324,0,0
367,23.3,23.484003,0.0,0.012501212,2.6,1.715412,0,0
368,23.1,22.923561,0.0,0.009621313,2.2,2.1735837,0,0
369,22.8,22.90216,0.0,0.009859553,1.5,2.007693,0,0
370,22.8,23.057951,0.0,0.010987509,2.0,1.6980281,0,0
371,22.2,23.121809,0.0,0.010657413,1.5,1.8016621,0,0
372,21.9,22.695337,0.0,0.008969223,0.9,1.562973,0,0
373,21.8,22.130196,0.0,0.011208908,1.0,1.1487205,0,0
374,21.2,21.921467,0.0,0.009709986,1.3,0.99543405,0,0
375,21.4,21.041437,0.0,0.008802,0.9,0.97574496,0,0
376,21.4,21.396858,0.0,0.01007032,0.9,0.88875854,0,0
377,21.7,21.494167,0.0,0.009854287,0.6000000000000001,0.8718885,0,0
378,22.4,22.147139,0.0,0.010337186,0.6000000000000001,0.7890756,0,0
379,23.7,23.111582,0.0,0.010784259,0.19999999999999996,0.82830405,0,0
380,25.2,25.357868,0.0,0.0075231977,0.9,0.79634714,0,0
381,25.5,26.251549,0.0,0.0076382775,1.0,0.97470117,0,0
382,27.9,26.00484,0.0,0.009959451,1.8,1.2080321,0,0
383,27.9,27.242184,0.0,0.01164218,2.1,1.8856503,0,0
384,27.2,26.986227,0.0,0.012557659,1.9,1.9614115,0,0
385,26.9,26.318558,0.0,0.0123473955,1.9,1.7006856,0,0
386,25.9,25.860277,0.0,0.01666468,1.6,1.4842566,0,0
387,24.6,25.103767,0.0,0.3287628,2.2,1.2805707,0,1
388,23.9,23.806932,0.0,0.4802621,1.8,1.4005536,0,0
389,23.9,23.524134,0.0,0.020968512,0.7,1.4291004,0,0
390,24.1,23.48843,0.0,0.01124983,1.2,0.9555339,0,0
391,24.2,23.34273,0.0,0.011316049,1.3,0.9365551,0,0
392,24.8,23.592667,0.0,0.013276589,1.3,1.0836164,0,0
393,24.5,24.678074,0.0,0.00812518,0.3999999999999999,1.1384417,0,0
394,24.2,24.760302,0.0,0.008534645,0.7,0.8273642,0,0
395,23.8,24.39579,0.0,0.009270408,0.30000000000000004,0.7877152,0,0
396,23.6,23.802296,0.0,0.008710019,0.19999999999999996,0.65966594,0,0
397,23.6,23.38176,0.0,0.010561196,0.19999999999999996,0.58160985,0,0
398,23.1,23.470072,0.0,0.009144085,0.7,0.55230165,0,0
399,22.8,23.406569,0.0,0.0116063105,1.2,0.6547835,0,0
400,23.8,23.351091,0.0,0.0101593295,0.3999999999999999,0.8561593,0,0
401,25.4,24.643152,0.0,0.008734647,0.9,0.7756864,0,0
402,27.4,27.213036,0.0,0.008362773,0.9,1.0700909,0,0
403,28.2,28.39092,0.0,0.014855656,0.8,1.3447224,0,0
404,29.6,28.782951,0.0,0.01351642,2.9,1.4997492,0,0
405,29.3,29.415049,0.0,0.0145910075,3.7,2.693832,0,0
406,29.6,29.163708,0.0,0.015758276,3.8,3.178084,0,0
407,29.2,29.191843,0.0,0.015270229,3.3,3.3817754,0,0
408,28.7,28.181986,0.0,0.015121977,2.6,2.99933,0,0
409,29.1,27.86653,0.0,0.01166306,1.8,2.3922763,0,0
410,27.6,27.821295,0.0,0.011011855,2.5,1.8480574,0,0
411,27.6,26.339294,0.0,0.011057827,0.9,1.6251469,0,0
412,27.1,26.820524,0.0,0.013859456,1.1,0.8738915,0,0
413,26.9,26.560183,0.0,0.0136801675,1.2,0.8089981,0,0
414,26.5,26.484941,0.0,0.01045127,0.7,0.84034705,0,0
415,26.4,26.198288,0.0,0.008335927,0.8,0.759979,0,0
416,26.2,26.137714,0.0,0.0065367273,0.30000000000000004,0.7716249,0,0
417,25.3,25.955036,0.0,0.0060231355,0.10000000000000009,0.7033857,0,0
418,26.1,24.852667,0.0,0.0066502886,0.30000000000000004,0.5680907,0,0
419,26.9,25.76813,0.0,0.0065138247,0.9,0.8004384,0,0
420,26.5,26.38971,0.0,0.0077889976,1.1,0.9312139,0,0
421,23.6,26.74392,0.0,0.00820666,1.8,1.0612818,0,0
422,23.3,24.421286,0.0,0.008611191,0.9,1.0947634,0,0
423,22.9,23.996525,0.0,0.009379618,1.4,0.9201333,0,0
424,23.5,23.554834,0.0,0.0102823125,1.0,1.065554,0,0
425,23.9,24.084755,0.0,0.016674003,0.6000000000000001,1.1205175,0,0
426,26.8,24.203508,0.0,0.047527768,0.9,1.065518,0,0
427,28.1,28.249756,0.0,0.013704392,0.3999999999999999,1.3827283,0,0
428,28.3,28.931192,0.0,0.010474262,2.6,1.3022028,0,0
429,29.5,28.05021,0.0,0.014857709,2.3,2.2349057,0,0
430,29.3,28.97243,0.0,0.0136545645,1.9,2.349683,0,0
431,29.0,28.393106,0.0,0.014615413,1.9,2.0237582,0,0
432,28.4,28.016584,0.0,0.014598515,1.3,1.7619826,0,0
433,27.5,27.556116,0.0,0.010730041,3.1,1.2578655,0,0
434,27.2,26.466843,0.0,0.012090461,2.0,1.7840251,0,0
435,26.6,26.264406,0.0,0.0110326065,0.7,1.4229058,0,0
436,26.6,26.32496,0.0,0.0101263905,0.19999999999999996,0.9194066,0,0
437,26.5,26.242691,0.0,0.0076810936,0.5,0.74801195,0,0
438,26.5,26.0724,0.0,0.008504845,1.2,0.7193278,0,0
439,26.2,26.097845,0.0,0.007620248,0.9,0.85232174,0,0
440,25.6,25.854956,0.0,0.0072454195,0.8,0.81969,0,0
441,24.8,25.16646,0.0,0.0074869753,1.2,0.75313294,0,0
442,24.8,24.41599,0.0,0.0077033048,0.6000000000000001,0.7858424,0,0
443,24.3,24.406452,0.0,0.0077880886,0.7,0.72047067,0,0
444,24.3,24.376902,0.0,0.0069994004,0.7,0.7334777,0,0
445,24.5,24.315243,0.0,0.0075571467,1.0,0.738402,0,0
446,24.1,24.144434,0.0,0.008091711,1.2,0.7873241,0,0
447,24.3,25.716545,0.0,0.00819347,0.9,0.9837526,0,0
448,24.9,26.267834,0.0,0.007708524,1.1,0.99581397,0,0
449,26.4,26.5297,0.0,0.009692939,0.8,1.0936271,0,0
450,27.3,27.37396,0.0,0.008323091,0.30000000000000004,1.1040215,0,0
451,28.5,27.45824,0.0,0.011444779,2.5,0.9381118,0,0
452,26.4,28.11822,0.0,0.025493655,1.9,2.3069837,0,0
453,26.8,26.397253,0.0,0.014088742,0.5,1.8969569,0,0
454,26.0,26.549488,0.0,0.010226364,0.5,1.389844,0,0
455,25.7,26.023123,0.0,0.022403194,1.2,0.9373514,0,0
456,25.4,25.082794,0.0,0.012863417,0.10000000000000009,0.9903546,0,0
457,24.1,25.329594,0.5,0.009181523,1.0,0.7213273,1,0
458,23.2,25.529097,0.0,0.015782937,0.9,0.7381654,0,0
459,23.2,23.576971,0.0,0.19879101,1.5,0.75524366,0,0
460,23.6,23.621973,0.0,0.01215156,0.8,0.96768945,0,0
461,23.9,23.75495,0.0,0.010974622,0.9,0.8481908,0,0
462,24.6,24.163721,0.0,0.013243851,0.8,0.8486396,0,0
463,24.7,25.399973,0.0,0.008685959,1.3,0.87793297,0,0
464,26.1,25.581831,0.0,0.012728349,0.7,1.0205069,0,0
465,27.7,27.43273,0.0,0.009329818,2.4,1.0721858,0,0
466,29.4,28.212818,0.0,0.0136608025,4.1,2.2594407,0,0
467,28.7,29.222788,0.0,0.015256497,3.7,3.4868863,0,0
468,27.9,28.164373,0.0,0.014818292,1.7,3.5122633,0,0
469,27.7,26.171196,0.0,0.7814779,2.0,1.9287437,0,1
470,27.4,26.936892,0.0,0.012881439,2.8,1.9006773,0,0
471,26.7,26.233868,0.0,0.7095007,2.3,2.0029526,0,1
472,26.9,25.901186,0.0,0.035163365,2.8,1.8157285,0,0
473,27.0,26.189047,0.0,0.019377783,1.5,2.158601,0,0
474,27.4,26.745346,0.0,0.0162194,1.9,1.695076,0,0
475,23.4,27.480408,14.0,0.014018769,1.2,1.8560128,1,0
476,23.8,24.940174,0.5,1.8004868,0.19999999999999996,0.9438022,1,1
477,23.5,24.92352,1.5,0.3025899,0.10000000000000009,0.73648715,1,0
478,23.1,24.555187,10.499999999999998,0.43605912,0.5,0.63131034,1,0
479,22.8,23.651337,5.0,5.261923,1.0,1.033818,1,1
480,22.5,23.886854,9.000000000000002,3.6167164,1.8,0.9168402,1,1
481,21.3,23.513897,7.5,4.3953333,2.2,1.1046093,1,1
482,21.4,22.541103,9.5,3.766129,2.2,1.2966157,1,1
483,20.7,21.642017,2.0000000000000004,4.150995,2.6,1.3953177,1,1
484,20.9,20.600092,0.5,1.5220802,1.6,2.105296,1,1
485,20.8,21.791758,0.0,0.10920696,2.4,1.6096666,0,0
486,19.8,20.758957,6.999999999999998,0.044023614,0.9,2.0293567,1,0
487,19.6,19.342625,2.0000000000000004,5.00657,1.2,1.4117521,1,1
488,19.5,19.785555,1.5,2.2215278,1.3,1.1301422,1,1
489,19.4,19.425987,0.0,1.1336291,1.5,1.0629168,0,1
490,19.6,19.645756,0.0,0.15532644,1.2,1.2764995,0,0
491,19.8,19.832203,0.0,0.04414038,1.3,1.2458861,0,0
492,20.0,20.10945,0.0,0.012364862,1.2,1.2761356,0,0
493,20.2,20.375267,0.0,0.008016301,1.2,1.2417843,0,0
494,20.2,20.29608,0.0,0.007018255,0.7,1.158774,0,0
495,20.0,19.90335,0.0,0.0122681875,1.2,0.9056059,0,0
496,20.2,19.853807,0.0,0.013473402,0.9,0.972772,0,0
497,20.3,19.835756,0.0,0.049322467,0.10000000000000009,0.88533914,0,0
498,20.7,20.038733,0.0,0.06094401,0.30000000000000004,0.6103934,0,0
499,20.7,20.45738,0.0,0.033712592,0.6000000000000001,0.52301574,0,0
500,20.4,20.997274,1.0,0.013692697,0.19999999999999996,0.634689,1,0
501,21.0,19.419565,0.5,0.7291291,2.8,0.8751873,1,1
502,21.5,20.802155,0.0,0.16578631,1.1,1.4103805,0,0
503,25.4,20.544426,0.0,0.6594453,0.9,1.2960705,0,1
504,25.3,24.418518,0.0,0.01316478,0.3999999999999999,1.2470176,0,0
505,24.9,24.932896,0.0,0.01615808,1.3,0.99670154,0,0
506,23.3,24.841305,2.0000000000000004,0.04412621,0.10000000000000009,1.2307439,1,0
507,23.2,23.505993,2.0000000000000004,1.7983906,2.0,0.8429221,1,1
508,22.9,23.601202,5.999999999999999,2.328945,1.2,1.1138976,1,1
509,22.5,23.981146,0.5,3.1411982,1.0,0.9914052,1,1
510,22.1,23.320288,0.0,1.1156497,0.9,0.8016764,0,1
511,21.9,22.87664,0.0,0.14381464,1.9,0.7513244,0,0
512,21.9,21.910252,0.0,0.16557844,0.3999999999999999,1.0615978,0,0
513,21.8,22.042492,0.0,0.28219074,0.7,0.7152207,0,0
514,22.0,21.888918,0.0,0.013460531,0.6000000000000001,0.6383455,0,0
515,22.8,21.890102,0.0,0.01621661,0.5,0.6141386,0,0
516,24.3,22.711988,0.0,0.012916062,0.3999999999999999,0.61295104,0,0
517,25.6,25.006151,0.0,0.015330869,0.6000000000000001,0.7845149,0,0
518,23.2,26.548624,22.0,0.010662389,2.3,1.0820644,1,0
519,23.3,22.834146,14.499999999999998,11.599821,1.4,1.3867251,1,1
520,23.6,24.229456,1.0,4.709125,0.7,1.0856881,1,1
521,24.8,25.212383,0.0,1.9769268,0.7,1.0659478,0,1
522,25.1,25.19638,0.0,0.64283586,0.7,0.86580944,0,0
523,25.6,25.409357,0.0,0.27434295,0.6000000000000001,0.7901765,0,0
524,25.1,25.283329,0.0,0.40912202,1.3,0.71708596,0,0
525,24.7,24.972673,0.0,0.72250783,0.7,0.92982924,0,0
526,24.6,25.775164,0.0,0.12656438,0.7,0.7360563,0,0
527,24.7,25.824709,0.0,0.026233096,1.0,0.69944465,0,0
528,23.6,26.291372,0.0,0.0231831,0.5,0.7798687,0,0
529,23.4,24.404432,0.0,0.018021377,0.6000000000000001,0.5966923,0,0
530,23.1,23.74853,0.0,0.013996074,0.9,0.57985365,0,0
531,25.0,23.413536,0.0,0.0131243495,1.1,0.6909685,0,0
532,24.9,26.194834,0.0,0.009598362,1.3,1.1740413,0,0
533,23.1,25.492952,0.0,0.03678468,0.9,1.1703643,0,0
534,22.6,23.141037,0.0,0.19842732,0.6000000000000001,0.8620845,0,0
535,22.6,22.380394,0.0,0.059929673,1.0,0.6808764,0,0
536,22.9,22.680267,0.0,0.102236316,0.8,0.80655587,0,0
537,23.8,24.036022,0.0,0.036214128,1.1,0.8645708,0,0
538,25.4,25.324286,0.0,0.015295843,0.30000000000000004,1.0158184,0,0
539,26.2,26.456684,0.0,0.009943152,1.9,0.8392087,0,0
540,26.5,25.999317,0.0,0.014739022,1.7,1.5325856,0,0
541,27.3,25.607489,0.0,0.012497185,1.3,1.674833,0,0
542,26.5,26.543411,0.0,0.010811133,2.4,1.6266427,0,0
543,27.0,25.773981,0.0,0.011096529,2.1,1.8729619,0,0
544,27.5,25.729733,0.0,0.010855055,2.0,1.753648,0,0
545,27.8,26.226488,0.0,0.009062353,1.8,1.6286429,0,0
546,26.9,26.532822,0.0,0.0088304235,0.5,1.3479096,0,0
547,26.5,26.275942,0.0,0.0069494983,0.8,0.82981956,0,0
548,26.2,25.900887,0.0,0.011936643,1.7,0.72553575,0,0
549,26.2,25.293541,0.0,0.35921064,0.6000000000000001,1.0437568,0,0
550,26.1,25.966,0.0,0.009448591,1.7,0.7505648,0,0
551,26.0,25.505234,0.0,0.012564688,1.8,1.0922648,0,0
552,25.3,25.56532,0.0,0.015835816,0.5,1.4691759,0,0
553,25.1,25.7379,0.0,0.011028103,0.9,0.85984135,0,0
554,24.9,25.145863,0.0,0.008068461,0.8,0.7890413,0,0
555,23.7,24.693922,1.0,0.008038757,1.0,0.8161073,1,0
556,23.6,23.307745,1.0,2.255369,2.3,0.9902292,1,1
557,29.9,23.452694,0.0,1.0541804,1.6,1.3079805,0,1
558,32.2,29.13771,0.0,0.015059905,0.5,1.9207593,0,0
559,32.4,29.813927,0.0,0.012770822,1.7,1.6102734,0,0
560,31.8,29.519762,0.0,0.0139503265,2.3,1.7126597,0,0
561,31.0,29.528503,0.0,0.013594242,1.0,1.9672707,0,0
562,29.9,29.204515,0.0,0.010456509,2.4,1.2780758,0,0
563,28.1,28.603245,0.0,0.014549165,2.2,1.896438,0,0
564,27.2,27.096071,0.0,0.10395609,2.1,1.9599832,0,0
565,26.7,26.812311,0.0,0.017188093,1.8,1.9291819,0,0
566,26.1,25.677616,0.0,0.018671753,1.3,1.590635,0,0
567,25.1,25.058681,0.0,0.013390318,0.7,1.2137191,0,0
568,25.5,24.735493,0.0,0.023137532,1.6,0.8461517,0,0
569,25.7,24.617422,0.0,0.013081419,0.9,1.1421206,0,0
570,24.1,25.505457,0.0,0.009081656,0.9,1.0928109,0,0
571,23.7,24.505604,0.0,0.009776326,1.1,0.9086653,0,0
572,23.4,23.875591,0.0,0.010197752,0.5,0.9034188,0,0
573,23.4,23.515572,0.0,0.01073294,0.7,0.7453346,0,0
574,26.6,23.843727,0.0,0.01069849,1.3,0.7815975,0,0
575,28.6,27.281988,0.0,0.011800533,3.2,1.3084234,0,0
576,29.4,29.544058,0.0,0.01647134,4.4,3.1070707,0,0
577,31.6,29.889385,0.0,0.01718692,1.7,3.958707,0,0
578,31.3,31.342798,0.0,0.016121568,2.9,3.1589036,0,0
579,31.1,30.735376,0.0,0.01679674,4.4,3.2531812,0,0
580,31.1,30.59332,0.0,0.017337212,4.0,3.7425084,0,0
581,30.0,30.318819,0.0,0.016636444,5.4,3.69613,0,0
582,30.2,29.59383,0.0,0.015363684,4.2,4.0413938,0,0
583,30.3,29.36473,0.0,0.014513211,2.3,3.8440683,0,0
584,29.4,28.753925,0.0,0.012118513,2.4,2.7075026,0,0
585,28.7,28.037102,0.0,0.011500729,1.2,2.1416655,0,0
586,28.1,27.359781,0.0,0.008470687,1.3,1.2862016,0,0
587,27.6,27.073393,0.0,0.007355228,0.9,1.0851924,0,0
588,27.7,27.025684,0.0,0.010344812,0.7,0.8791579,0,0
589,27.1,27.165827,0.0,0.00853726,0.8,0.8042643,0,0
590,26.2,26.75521,0.0,0.007028677,1.3,0.7675545,0,0
591,25.7,25.759907,0.0,0.006857418,0.7,0.80000687,0,0
592,25.8,25.398375,0.0,0.007561553,1.0,0.7284297,0,0
593,25.1,25.419466,0.0,0.007315972,0.3999999999999999,0.797418,0,0
594,25.0,24.905901,0.0,0.007843665,1.0,0.66196156,0,0
595,24.7,24.689816,0.0,0.007845009,0.9,0.754207,0,0
596,24.1,24.6993,0.0,0.0098270355,1.5,0.79322755,0,0
597,24.4,24.861387,0.0,0.010039279,1.5,1.0233297,0,0
598,26.0,24.638933,0.0,0.00942523,1.2,1.1348403,0,0
599,27.2,26.456781,0.0,0.009039145,0.6000000000000001,1.2319378,0,0
600,29.0,27.896078,0.0,0.010600514,1.0,1.1869457,0,0
601,30.6,29.745079,0.0,0.01279277,1.5,1.8634624,0,0
602,32.0,30.61971,0.0,0.014737216,1.8,2.4323194,0,0
603,32.1,31.200876,0.0,0.015920296,3.1,2.720111,0,0
604,30.7,31.340656,0.0,0.016720153,4.4,3.1103663,0,0
605,30.1,29.825449,0.0,0.09426491,4.9,3.4178352,0,0
606,24.3,29.69083,0.0,0.0200865,3.0,3.7638037,0,0
607,22.9,24.84814,8.000000000000002,1.4005816,1.6,2.2827406,1,1
608,22.0,23.679483,3.5,5.867592,3.2,1.3218521,1,1
609,25.9,23.986729,0.0,1.7629933,0.9,1.4678721,0,1
610,25.9,26.491331,0.0,0.22906458,1.8,1.1398247,0,0
611,23.7,26.32077,0.5,0.014743316,1.4,1.5116893,1,0
612,22.1,24.26094,3.5,1.2800982,2.5,1.4050747,1,1
613,23.0,22.911964,0.5,1.9250388,2.5,1.4037778,1,1
614,23.2,22.94401,0.5,0.33889377,0.8,1.8598869,1,0
615,23.6,23.910826,0.0,0.07762856,0.6000000000000001,1.2381076,0,0
616,25.0,23.133427,0.0,0.6720654,1.6,1.0451987,0,0
617,25.9,24.107342,0.0,0.06882601,1.3,1.3291283,0,0
618,25.6,24.774384,0.0,0.59709895,1.8,1.4611288,0,0
619,25.9,25.15781,0.0,0.6708361,1.8,1.7512468,0,0
620,25.9,26.093842,0.0,0.014169216,2.3,2.0571811,0,0
621,24.9,25.607958,0.0,0.013289638,3.1,2.2227368,0,0
622,24.2,24.230417,0.0,0.015066188,1.9,2.6040494,0,0
623,23.4,23.73453,0.5,0.01664926,2.2,2.012668,1,0
624,22.5,21.495356,7.5,0.9730753,1.9,2.0977366,1,1
625,22.0,21.31831,4.5,4.6681013,1.5,1.6248124,1,1
626,21.7,22.042168,0.5,3.1060953,1.0,1.3773981,1,1
627,21.5,22.250383,0.5,0.838825,2.3,1.0860063,1,1
628,20.6,20.68657,0.5,0.39921576,1.2,1.797789,1,1
629,20.5,20.32575,1.0,0.4043821,2.1,1.3298489,1,1
630,20.3,19.667448,5.499999999999999,0.6935228,1.6,1.571533,1,1
631,20.5,19.437162,1.5,3.737399,0.9,1.3951341,1,1
632,23.9,20.542507,0.0,1.3639281,2.0,1.0264233,0,1
633,23.9,24.047337,0.0,0.012004875,3.8,1.9817145,0,0
634,24.1,23.843513,0.0,0.01160578,3.1,3.0659695,0,0
635,24.1,23.999754,0.0,0.011480658,3.1,3.2299325,0,0
636,23.4,23.596107,0.0,0.011069356,3.1,3.1434176,0,0
637,23.9,23.063042,0.0,0.009755462,1.8,2.9489255,0,0
638,23.1,23.26313,0.0,0.0091015715,2.7,2.0971658,0,0
639,22.6,22.67105,0.0,0.008207929,2.5,2.2790694,0,0
640,22.4,22.213379,0.0,0.007900082,2.3,2.2768106,0,0
641,22.1,22.074532,0.0,0.007819659,1.5,2.3125124,0,0
642,21.9,22.617569,0.0,0.008676895,2.0,1.7554142,0,0
643,21.7,22.307837,0.0,0.008495595,2.1,1.8495816,0,0
644,21.5,21.619547,0.0,0.008177496,2.1,2.1620874,0,0
645,21.3,21.78834,0.0,0.007674708,1.5,2.2525907,0,0
646,21.0,22.00934,0.0,0.006537511,1.0,1.786628,0,0
647,20.9,21.336607,0.0,0.0058824704,1.7,1.3745153,0,0
648,20.8,20.83142,0.0,0.0038236512,1.3,1.568506,0,0
649,20.9,20.639254,0.0,0.004701723,1.3,1.3136777,0,0
650,20.9,20.811956,0.0,0.0053339587,1.3,1.2527367,0,0
651,20.6,20.937292,0.0,0.005404055,1.0,1.3342026,0,0
652,21.0,20.85624,0.0,0.0060331644,0.7,1.16624,0,0
653,22.0,21.62379,0.0,0.0073043173,1.2,0.9722061,0,0
654,23.4,22.638454,0.0,0.00951038,2.4,1.2554016,0,0
655,24.4,23.99503,0.0,0.010889886,2.2,2.518269,0,0
656,25.6,25.1478,0.0,0.0108742425,2.1,2.6669407,0,0
657,25.8,25.503798,0.0,0.011213926,3.2,2.5981667,0,0
658,26.6,25.447157,0.0,0.011855469,2.1,3.099968,0,0
659,26.5,26.110014,0.0,0.009830943,3.4,2.5189402,0,0
660,27.3,25.849073,0.0,0.011046756,2.2,2.9370046,0,0
661,27.3,25.996983,0.0,0.009989034,2.7,2.6229153,0,0
662,26.1,25.824936,0.0,0.009255324,3.6,2.3858874,0,0
663,25.4,25.07706,0.0,0.010954909,2.6,2.6136775,0,0
664,24.8,24.436766,0.0,0.009880067,2.5,2.1781957,0,0
665,24.5,23.958576,0.0,0.010214367,1.2,2.008074,0,0
666,23.6,23.617323,0.0,0.010946398,1.9,1.5960764,0,0
667,23.1,23.340172,0.0,0.0109513765,1.4,1.5727888,0,0
668,23.0,22.968693,0.0,0.009962223,1.3,1.318932,0,0
669,22.6,22.916384,0.0,0.010102533,1.1,1.3156347,0,0
670,22.7,22.505596,0.0,0.0094791865,1.0,1.068102,0,0
671,23.0,22.40992,0.0,0.009651132,1.3,1.0197035,0,0
672,22.9,22.754822,0.0,0.0096723875,0.30000000000000004,1.0364486,0,0
673,22.7,22.620682,0.0,0.009639145,0.8,0.7151536,0,0
674,22.6,22.359228,0.0,0.01040624,0.6000000000000001,0.71367943,0,0
675,22.6,22.318481,0.0,0.009773182,0.8,0.6601876,0,0
676,22.7,22.511574,0.0,0.009878092,0.3999999999999999,0.71030605,0,0
677,23.5,22.751919,0.0,0.009160052,0.9,0.65753305,0,0
678,24.4,23.817102,0.0,0.008061428,0.6000000000000001,0.81866026,0,0
679,26.0,25.444212,0.0,0.0067543355,1.2,0.8622472,0,0
680,27.3,26.948742,0.0,0.0069833826,0.5,1.2463186,0,0
681,29.2,27.884396,0.0,0.008172355,0.7,1.2608342,0,0
682,29.5,28.57406,0.0,0.010527701,1.6,1.5170366,0,0
683,29.0,28.654898,0.0,0.012590937,1.9,1.8328698,0,0
684,29.4,28.401089,0.0,0.012083566,1.4,1.8979247,0,0
685,27.8,28.323599,0.0,0.010324058,2.0,1.600043,0,0
686,27.2,26.96838,0.0,0.010921064,2.0,1.3670682,0,0
687,26.7,26.34359,0.0,0.008732182,2.3,1.3858492,0,0
688,26.1,25.699833,0.0,0.009284766,1.6,1.4579437,0,0
689,25.3,25.626263,0.0,0.01617081,1.6,1.2238387,0,0
690,25.4,24.986614,0.0,0.010922348,0.9,1.2236555,0,0
691,25.2,25.21036,0.0,0.010514082,0.5,1.0476383,0,0
692,25.3,25.21769,0.0,0.007833762,0.7,0.7829279,0,0
693,25.0,25.229689,0.0,0.006972174,0.8,0.7560806,0,0
694,25.0,25.313318,0.0,0.0064102304,0.30000000000000004,0.78115654,0,0
695,24.8,24.815016,0.0,0.007469688,0.3999999999999999,0.6635258,0,0
696,24.9,24.778187,0.0,0.0068199625,0.8,0.6595566,0,0
697,24.9,24.921938,0.0,0.007019786,0.10000000000000009,0.7597755,0,0
698,25.0,24.704304,0.0,0.008096687,0.3999999999999999,0.63919795,0,0
699,24.4,24.928358,0.0,0.00912165,0.9,0.65805197,0,0
700,24.2,24.925846,0.0,0.009998708,1.0,0.7736676,0,0
701,24.8,25.26869,0.0,0.01231576,0.7,0.88837063,0,0
702,25.4,26.356092,0.0,0.009334599,0.8,0.8890522,0,0
703,26.1,26.618458,0.0,0.009600818,0.9,0.957969,0,0
704,25.7,26.972914,0.5,0.013838514,0.7,1.1039685,1,0
705,26.7,25.423712,0.5,0.44936886,1.1,1.0551442,1,0
706,28.4,27.370226,0.0,0.012638766,1.0,1.2130198,0,0
707,27.8,27.793678,0.0,0.010051663,1.8,1.351394,0,0
708,28.1,27.093832,0.0,0.010052168,0.6000000000000001,1.4117011,0,0
709,27.2,27.505318,0.0,0.0072356146,1.0,1.0924089,0,0
710,26.2,26.446247,0.0,0.010415695,1.2,0.8942078,0,0
711,26.3,25.732464,0.0,0.012598011,1.0,0.8390975,0,0
712,26.2,25.834066,0.0,0.008150741,0.10000000000000009,0.81360483,0,0
713,26.0,25.886568,0.0,0.0072096754,1.1,0.6685575,0,0
714,25.7,25.63351,0.0,0.007726445,0.0,0.77186406,0,0
715,25.9,25.720089,0.0,0.007386267,0.30000000000000004,0.627854,0,0
716,26.1,26.164589,0.0,0.007922017,0.3999999999999999,0.6408353,0,0
717,25.9,26.317291,0.0,0.0064720516,0.7,0.673314,0,0
718,25.3,26.127493,0.0,0.0069423146,0.3999999999999999,0.75564384,0,0
719,24.9,25.498438,0.0,0.008170398,0.30000000000000004,0.70483303,0,0
720,25.2,24.838957,0.0,0.008093413,0.6000000000000001,0.6332921,0,0
721,25.1,25.253504,0.0,0.008094326,0.3999999999999999,0.6945121,0,0
722,26.1,25.75434,0.0,0.008313671,0.19999999999999996,0.70009375,0,0
723,26.8,26.43728,0.0,0.008577845,0.8,0.70961344,0,0
724,27.6,27.599539,0.0,0.009586791,2.0,0.91547513,0,0
725,28.1,28.517403,0.0,0.012883633,1.7,1.8406614,0,0
726,29.3,28.849754,0.0,0.013931972,2.3,2.0384026,0,0
727,29.3,29.558826,0.0,0.013701084,2.4,2.5271711,0,0
728,28.5,29.24568,0.0,0.014685632,3.6,2.6397643,0,0
729,29.1,28.706053,0.0,0.014708913,1.5,3.0856643,0,0
730,28.5,28.720903,0.0,0.012423435,2.0,2.1679258,0,0
731,28.5,27.538172,0.0,0.0121245,0.5,1.868291,0,0
732,28.9,27.402065,0.0,0.007841777,1.1,1.0946795,0,0
733,28.7,27.539328,0.0,0.006376338,1.1,1.0469152,0,0
734,27.9,27.18924,0.0,0.007887218,1.7,0.89211154,0,0
735,27.3,26.205061,0.0,0.008816196,1.1,1.0010041,0,0
736,26.9,26.110323,0.0,0.006696658,1.2,0.86091506,0,0
737,26.5,25.994143,0.0,0.0068587386,1.0,0.96616334,0,0
738,26.0,25.913252,0.0,0.0070642717,0.8,0.9041686,0,0
739,25.4,25.320318,0.0,0.0069993446,1.5,0.7874522,0,0
740,24.9,24.929174,0.0,0.00625909,1.0,0.95246285,0,0
741,24.6,24.61773,0.0,0.006142455,0.7,0.86010706,0,0
742,24.5,24.293932,0.0,0.006090766,1.3,0.74954534,0,0
743,24.2,23.900349,0.0,0.007839704,1.3,0.9150881,0,0
744,24.2,23.597183,0.0,0.008585502,0.7,1.0002693,0,0
745,24.0,24.219606,0.0,0.006912523,0.3999999999999999,0.81399226,0,0
746,24.0,24.201447,0.0,0.0070203375,1.2,0.6908859,0,0
747,24.9,24.601408,0.0,0.007198817,0.9,0.9236132,0,0
748,26.8,26.126589,0.0,0.0074450006,1.7,1.009824,0,0
749,28.3,28.033476,0.0,0.011393722,1.5,1.8028853,0,0
750,29.1,29.241451,0.0,0.013110661,2.2,2.0435228,0,0
751,30.5,29.554081,0.0,0.012634737,2.4,2.5775118,0,0
752,29.2,29.619637,0.0,0.014179549,2.8,2.8984654,0,0
753,29.6,28.557129,0.0,0.013975717,2.2,2.7459385,0,0
754,29.7,28.562963,0.0,0.0118477605,2.0,2.4161997,0,0
755,28.5,28.414787,0.0,0.011394008,2.2,2.2058349,0,0
756,28.0,27.312202,0.0,0.010756941,2.1,2.138188,0,0
757,27.9,26.73271,0.0,0.010012102,2.4,1.9350303,0,0
758,27.6,26.370178,0.0,0.009607902,1.8,1.9360437,0,0
759,26.7,25.905252,0.0,0.008226048,1.3,1.5589134,0,0
760,25.8,25.688044,0.0,0.0058183353,1.3,1.2879659,0,0
761,25.7,24.98254,0.0,0.0056812027,1.3,1.1399584,0,0
762,25.0,24.99745,0.0,0.0053060157,1.4,1.2089683,0,0
763,24.7,24.11666,0.0,0.00796845,1.3,1.2313881,0,0
764,24.6,24.100643,0.0,0.0070295776,1.1,1.1037092,0,0
765,24.3,23.94505,0.0,0.0068563716,1.4,0.9378245,0,0
766,23.8,23.318285,0.0,0.008576151,1.3,0.98257715,0,0
767,23.6,22.83335,0.0,0.010073473,1.3,0.9562982,0,0
768,23.7,22.970879,0.0,0.0109232,0.8,1.0651206,0,0
769,23.7,23.505495,0.0,0.008752034,0.3999999999999999,0.89690924,0,0
770,23.8,24.075933,0.0,0.007935095,0.5,0.77236354,0,0
771,24.4,25.025684,0.0,0.008607641,1.1,0.7889435,0,0
772,25.4,25.916544,0.0,0.009244657,1.7,1.0094367,0,0
773,27.4,26.542406,0.0,0.0096827615,1.9,1.5161024,0,0
774,28.2,28.027378,0.0,0.012226236,2.4,2.301487,0,0
775,29.8,28.476154,0.0,0.013869341,2.2,2.792061,0,0
776,28.1,29.391499,0.0,0.014363233,4.6,2.8272784,0,0
777,29.3,28.135042,0.0,0.015617387,4.3,3.7199788,0,0
778,29.1,28.983175,0.0,0.015953096,3.1,4.0031815,0,0
779,28.5,28.40379,0.0,0.015045911,3.4,3.5474577,0,0
780,27.6,27.606113,0.0,0.013675299,4.3,3.3374941,0,0
781,27.2,27.101961,0.0,0.012348316,2.9,3.561934,0,0
782,26.0,26.59047,0.0,0.010902399,3.0,2.9031165,0,0
783,24.9,25.26716,0.0,0.010949934,3.9,2.5872688,0,0
784,24.8,24.913294,0.0,0.011146159,3.6,3.040295,0,0
785,24.8,25.07879,0.0,0.011160641,4.1,3.2197623,0,0
786,24.4,25.006636,0.0,0.011827084,1.8,3.640928,0,0
787,24.0,24.10819,0.0,0.009967012,2.7,2.4219894,0,0
788,24.0,23.942974,0.0,0.010134842,4.1,2.657644,0,0
789,23.5,24.467701,0.0,0.01128262,3.1,3.4975293,0,0
790,22.7,23.228842,0.0,0.009610744,3.6,3.1579316,0,0
791,22.5,22.025658,0.0,0.008068766,2.7,3.127608,0,0
792,22.1,22.179106,0.0,0.0072248224,3.2,2.858179,0,0
793,22.1,21.926947,0.0,0.007026122,3.0,2.9424696,0,0
794,22.2,22.395157,0.0,0.0076875878,2.2,3.0208793,0,0
795,23.0,22.020561,0.0,0.0063568475,2.0,2.5606842,0,0
796,23.4,22.653744,0.0,0.0075057037,2.7,2.3659344,0,0
797,24.5,22.953928,0.0,0.009113101,3.6,2.796133,0,0
798,25.1,24.106201,0.0,0.011904468,4.6,3.4791071,0,0
799,26.4,25.276308,0.0,0.013080422,3.6,4.218241,0,0
800,27.1,26.003792,0.0,0.012871466,4.1,4.154072,0,0
801,26.8,26.457174,0.0,0.013178529,4.1,4.325362,0,0
802,26.4,26.374685,0.0,0.013105728,3.9,4.306607,0,0
803,26.8,25.849094,0.0,0.012817996,3.0,4.1532984,0,0
804,26.8,25.684002,0.0,0.011866106,2.9,3.715958,0,0
805,25.5,25.345432,0.0,0.011253853,3.0,3.327416,0,0
806,24.5,24.550085,0.0,0.0107772825,2.3,2.9197876,0,0
807,23.2,23.8603,0.0,0.009453957,2.2,2.3326435,0,0
808,22.5,22.99056,0.0,0.008775361,1.9,2.0924497,0,0
809,22.2,22.57307,0.0,0.008975971,2.4,1.8553667,0,0
810,22.2,21.957155,0.0,0.007815135,1.2,2.1525648,0,0
811,21.9,22.474503,0.0,0.0070531666,1.3,1.6046509,0,0
812,21.5,21.819445,0.0,0.0057541626,1.0,1.3408321,0,0
813,21.5,20.882019,0.0,0.0054188385,1.1,0.9571868,0,0
814,21.2,20.742579,0.0,0.005850893,1.1,0.89900875,0,0
815,21.3,20.50453,0.0,0.0060837525,0.19999999999999996,0.8831542,0,0
816,21.1,20.86635,0.0,0.007482978,1.0,0.6594436,0,0
817,20.9,21.22901,0.0,0.007450945,1.1,0.85645646,0,0
818,20.7,21.363438,0.0,0.007257363,1.3,1.0282838,0,0
819,21.5,21.596231,0.0,0.0064632935,0.10000000000000009,1.1790745,0,0
820,23.4,22.998451,0.0,0.009698916,0.5,0.85410666,0,0
821,24.9,25.459723,0.0,0.0053760884,0.5,0.9719744,0,0
822,26.7,26.18083,0.0,0.0070086108,1.1,1.0588646,0,0
823,28.5,27.634542,0.0,0.009539193,1.3,1.5930849,0,0
824,29.0,28.247704,0.0,0.011761674,1.8,1.9125885,0,0
825,28.8,27.910213,0.0,0.011817082,1.5,2.0300674,0,0
826,28.4,27.699839,0.0,0.010327777,1.5,1.763188,0,0
827,28.1,27.169535,0.0,0.008292031,2.1,1.457244,0,0
828,28.2,26.59641,0.0,0.00799413,1.7,1.4496238,0,0
829,27.6,26.670523,0.0,0.005006995,1.7,1.2082192,0,0
830,27.0,26.458996,0.0,0.0044619613,1.2,1.0910798,0,0
831,26.3,25.821392,0.0,0.00464873,0.6000000000000001,0.88132775,0,0
832,26.1,24.89121,0.0,0.005875572,0.5,0.7096944,0,0
833,25.4,24.803608,0.0,0.005273648,0.30000000000000004,0.6880326,0,0
834,24.2,24.226692,0.0,0.0062424988,1.1,0.6573558,0,0
835,23.9,23.65598,0.0,0.0069105728,0.9,0.78867567,0,0
836,23.0,23.394564,0.0,0.006635071,1.2,0.75256085,0,0
837,22.7,22.495264,0.0,0.00861369,1.3,0.7597439,0,0
838,22.8,22.165335,0.0,0.009022997,0.6000000000000001,0.83959126,0,0
839,22.7,22.442926,0.0,0.009702474,1.0,0.7447338,0,0
840,22.6,22.611547,0.0,0.009531765,0.8,0.85650676,0,0
841,22.8,22.894299,0.0,0.009734658,0.8,0.8643195,0,0
842,23.0,24.280245,0.0,0.008088884,1.1,0.9061352,0,0
843,23.5,24.567041,0.0,0.007730996,0.9,1.0432272,0,0
844,24.1,24.598173,0.0,0.011772005,0.9,1.0993068,0,0
845,25.0,25.347246,0.0,0.0070668827,0.19999999999999996,1.0792146,0,0
846,25.6,25.958582,0.0,0.006786999,1.0,0.94357526,0,0
847,27.2,25.820578,0.0,0.0069678267,1.2,1.2009257,0,0
848,27.8,26.829615,0.0,0.008164434,1.8,1.4924402,0,0
849,26.7,27.07185,0.0,0.00932701,0.9,1.8201946,0,0
850,27.5,26.184755,0.0,0.006903431,1.7,1.3376377,0,0
851,27.0,26.486712,0.0,0.006880497,1.9,1.397694,0,0
852,27.4,26.200102,0.0,0.0059662955,1.0,1.329426,0,0
853,27.9,26.221,0.0,0.0034135045,1.0,0.96820927,0,0
854,26.9,26.33917,0.0,0.0032654344,0.8,0.8830908,0,0
855,26.5,25.423185,0.0,0.004190077,0.30000000000000004,0.7446909,0,0
856,25.9,25.036892,0.0,0.004485835,1.0,0.6421771,0,0
857,25.3,25.181086,0.0,0.0047121095,0.8,0.771268,0,0
858,24.8,24.707876,0.0,0.004812905,0.6000000000000001,0.7417743,0,0
859,24.3,24.601847,0.0,0.0050534476,0.6000000000000001,0.7131901,0,0
860,24.3,24.089304,0.0,0.006066951,0.8,0.6655321,0,0
861,23.9,23.992496,0.0,0.006160993,1.1,0.6935749,0,0
862,24.1,23.538141,0.0,0.0076254965,0.8,0.7877004,0,0
863,24.4,24.02866,0.0,0.0070028524,0.6000000000000001,0.7950896,0,0
864,24.3,24.53998,0.0,0.005757816,0.6000000000000001,0.78333914,0,0
865,24.0,24.453989,0.0,0.006843255,0.8,0.7793212,0,0
866,24.2,24.172228,0.0,0.0077118045,1.2,0.810771,0,0
867,24.9,24.38007,0.0,0.007967118,0.9,0.9643842,0,0
868,25.8,25.753443,0.0,0.010506545,1.0,1.0251417,0,0
869,28.5,27.088322,0.0,0.008322596,2.0,1.2507209,0,0
870,29.5,29.20821,0.0,0.012739204,3.0,2.4184222,0,0
871,30.3,29.273571,0.0,0.015467172,2.7,3.114389,0,0
872,29.6,29.713377,0.0,0.015380429,3.0,3.1052938,0,0
873,30.5,29.104498,0.0,0.014912165,3.8,3.0101337,0,0
874,30.1,29.490438,0.0,0.01490687,3.1,3.2751355,0,0
875,30.1,29.042805,0.0,0.01325835,3.2,2.950687,0,0
876,29.2,28.700184,0.0,0.012004304,2.1,2.7110457,0,0
877,28.6,27.934828,0.0,0.012732371,1.3,1.8568918,0,0
878,28.1,27.640913,0.0,0.008077797,1.1,1.1496778,0,0
879,28.1,27.316668,0.0,0.008087107,1.5,0.8935889,0,0
880,22.8,27.236744,1.5,0.008402052,2.3,1.0086567,1,0
881,22.2,23.812164,0.5,0.68237174,2.9,1.224442,1,1
882,20.3,21.24766,0.0,0.24229889,1.4,1.8668905,0,0
883,20.5,20.850693,0.0,0.016184796,2.6,1.6124214,0,0
884,20.8,20.130322,0.0,0.0106558725,2.7,2.2957928,0,0
885,20.5,20.607746,0.0,0.006460167,2.7,2.6256876,0,0
886,20.1,20.141182,0.0,0.0069712326,3.7,2.7024872,0,0
887,20.5,19.540379,0.0,0.008503529,2.8,3.153427,0,0
888,20.3,20.18009,0.0,0.005074703,2.4,2.982689,0,0
889,20.1,19.900692,0.0,0.0067954264,2.9,2.605587,0,0
890,19.8,19.546732,0.0,0.008380324,3.5,2.5867271,0,0
891,20.0,19.71191,0.0,0.006156882,2.4,2.8523996,0,0
892,19.4,19.790174,0.0,0.006745158,2.6,2.511785,0,0
893,19.6,19.077112,0.0,0.0098701725,2.7,2.3842509,0,0
894,19.6,19.557064,0.0,0.009387965,2.1,2.5199618,0,0
895,19.4,20.447,0.0,0.006511924,2.5,2.4121313,0,0
896,19.3,20.310942,0.0,0.006224821,2.7,2.5973775,0,0
897,20.0,19.870424,0.0,0.0065473584,2.6,2.6643605,0,0
898,20.2,19.766888,0.0,0.006878926,2.0,2.6326144,0,0
899,20.3,19.65284,0.0,0.006103977,1.9,2.2759492,0,0
900,20.5,19.460222,0.0,0.0037267273,2.7,1.9515927,0,0
901,20.8,19.664047,0.0,0.008591901,1.4,2.2445471,0,0
902,21.3,20.80705,0.0,0.003812059,2.0,1.7709875,0,0
903,22.6,21.511305,0.0,0.007321931,1.6,1.9928504,0,0
904,23.1,23.407173,0.0,0.010586328,2.5,1.8763211,0,0
905,23.3,23.81569,0.0,0.010583079,2.4,2.5527222,0,0
906,23.5,23.825008,0.0,0.0105520245,2.4,2.542067,0,0
907,24.0,23.522217,0.0,0.010381096,2.3,2.4392676,0,0
908,23.3,23.512344,0.0,0.0102198785,2.7,2.360056,0,0
909,23.5,22.784054,0.0,0.009195342,2.6,2.490289,0,0
910,23.2,23.050674,0.0,0.009402495,2.7,2.5106175,0,0
911,23.4,23.142448,0.0,0.009402127,2.4,2.5486248,0,0
912,22.7,23.25214,0.0,0.009437524,2.2,2.3935752,0,0
913,21.8,22.511377,0.0,0.008778145,1.4,2.213209,0,0
914,21.4,22.117342,0.0,0.0071225846,1.3,1.7178633,0,0
915,20.9,21.800032,0.0,0.006869383,1.2,1.5633082,0,0
916,20.8,21.625284,0.0,0.0074710916,0.9,1.399311,0,0
917,20.6,21.575048,0.0,0.0080906935,0.8,1.16161,0,0
918,20.2,21.28528,0.0,0.0078014587,0.7,0.95314455,0,0
919,19.6,20.420757,0.0,0.007223105,1.0,0.78961074,0,0
920,19.7,19.763182,0.0,0.006125915,1.1,0.8281766,0,0
921,19.9,19.734846,0.0,0.005418561,0.3999999999999999,0.94179356,0,0
922,19.6,20.158472,0.0,0.0064215637,1.0,0.7011361,0,0
923,19.4,19.687458,0.0,0.004796252,1.2,0.88313997,0,0
924,19.9,19.79077,0.0,0.003925047,0.6000000000000001,1.1441449,0,0
925,21.1,20.67908,0.0,0.005758292,0.8,0.907228,0,0
926,22.6,22.129099,0.0,0.008618394,2.8,1.0567064,0,0
927,24.5,23.65707,0.0,0.010453965,2.5,2.7117205,0,0
928,25.4,25.940674,0.0,0.010869391,3.2,3.0902262,0,0
929,26.2,26.195702,0.0,0.0119789895,2.9,3.5271742,0,0
930,26.6,26.144547,0.0,0.012004388,2.6,3.4222035,0,0
931,27.4,26.142782,0.0,0.011441037,3.3,3.125295,0,0
932,27.4,26.371649,0.0,0.011135686,3.2,3.3167574,0,0
933,27.9,26.11028,0.0,0.010956178,3.3,3.1864016,0,0
934,27.5,26.784399,0.0,0.010136276,3.5,2.9615598,0,0
935,26.3,25.998404,0.0,0.010072878,3.0,2.8467941,0,0
936,25.3,24.829447,0.0,0.00993311,2.2,2.5068486,0,0
937,24.4,23.998032,0.0,0.009416871,1.4,2.0709367,0,0
938,24.2,23.500532,0.0,0.012819916,1.0,1.6730105,0,0
939,24.5,23.467527,0.0,0.008070778,1.9,1.4870545,0,0
940,24.6,23.513592,0.0,0.012836867,2.6,1.7039585,0,0
941,25.1,23.575941,0.0,0.007952825,2.2,2.2847662,0,0
942,24.5,23.309015,0.0,0.007683485,2.4,2.270677,0,0
943,23.6,22.127777,0.0,0.006685251,3.1,2.3546636,0,0
944,22.2,21.91216,0.0,0.0062533543,2.9,2.8088365,0,0
945,21.7,21.088795,0.0,0.005943211,4.0,2.5665278,0,0
946,21.6,21.881182,0.0,0.007918714,2.6,3.2078269,0,0
947,21.7,21.54166,0.0,0.0064115496,4.1,2.8089204,0,0
948,21.3,21.702114,0.0,0.00866144,2.2,3.4194753,0,0
949,22.3,21.01135,0.0,0.0064730113,3.1,2.7640648,0,0
950,23.5,22.031492,0.0,0.008129833,2.7,3.1653616,0,0
951,24.7,23.606115,0.0,0.010464211,3.4,3.2007573,0,0
952,25.6,24.492355,0.0,0.011407458,4.2,3.49951,0,0
953,26.4,25.23007,0.0,0.012000286,3.4,3.9545379,0,0
954,26.6,25.614202,0.0,0.011597184,4.5,3.7904332,0,0
955,27.3,25.665558,0.0,0.011958154,3.4,4.0396266,0,0
956,27.0,25.792532,0.0,0.011425265,3.9,3.7614727,0,0
957,26.5,25.63445,0.0,0.011314308,3.1,3.7105687,0,0
958,26.8,25.22154,0.0,0.010378662,3.0,3.194422,0,0
959,26.4,25.250671,0.0,0.01026725,2.7,2.847374,0,0
960,25.1,24.80174,0.0,0.010009566,1.9,2.5120606,0,0
961,23.8,23.704958,0.0,0.01043799,1.7,1.8560158,0,0
962,22.8,23.424984,0.0,0.012669821,1.7,1.6635771,0,0
963,22.4,23.00642,0.0,0.009314565,1.6,1.5838157,0,0
964,22.2,22.534111,0.0,0.006929294,0.6000000000000001,1.4866334,0,0
965,22.1,21.80302,0.0,0.006469825,0.7,0.90448344,0,0
966,21.9,21.688498,0.0,0.006644607,1.1,0.75065935,0,0
967,21.9,21.276907,0.0,0.0066066836,1.1,0.8302033,0,0
968,21.4,21.376684,0.0,0.006839039,1.3,0.8473114,0,0
969,21.9,20.828983,0.0,0.0064869784,0.7,0.9136099,0,0
970,21.7,21.862165,0.0,0.0082439035,1.0,0.8306509,0,0
971,21.6,21.875519,0.0,0.008806627,1.1,0.88222146,0,0
972,21.9,22.079428,0.0,0.00949597,0.9,1.0062227,0,0
973,22.9,22.790674,0.0,0.010497152,0.8,0.99942744,0,0
974,24.4,24.096312,0.0,0.009990148,1.0,0.9912267,0,0
975,26.5,25.843464,0.0,0.008455054,1.3,1.1911285,0,0
976,26.6,27.291735,0.0,0.011437835,2.0,1.7609979,0,0
977,26.2,26.84921,0.0,0.012053252,1.8,2.1330779,0,0
978,25.9,25.989029,0.0,0.012168069,1.9,1.912162,0,0
979,25.1,25.207335,0.0,0.011342531,2.1,1.7979745,0,0
980,25.4,24.118044,0.0,0.010903153,1.7,1.6956532,0,0
981,25.9,24.422497,0.0,0.009401037,1.7,1.5541059,0,0
982,26.2,24.874472,0.0,0.0072992556,1.8,1.4427378,0,0
983,25.1,24.945103,0.0,0.0063440707,1.9,1.3960683,0,0
984,24.8,23.908564,0.0,0.010520582,0.8,1.2857133,0,0
985,24.4,23.962233,0.0,0.009188743,1.1,0.8992564,0,0
986,23.7,23.691961,0.0,0.009677364,0.9,0.94669896,0,0
987,23.6,23.129078,0.0,0.011402838,0.3999999999999999,0.8974585,0,0
988,23.1,23.593807,0.0,0.00905668,0.7,0.7566719,0,0
989,22.5,23.399035,0.0,0.009233096,0.6000000000000001,0.7707702,0,0
990,22.1,22.689697,0.0,0.0094725,0.10000000000000009,0.66786325,0,0
991,22.0,22.465025,0.0,0.0092873275,0.9,0.5595479,0,0
992,21.8,22.251753,0.0,0.009551193,0.9,0.67364573,0,0
993,21.3,21.881592,0.0,0.009857671,0.10000000000000009,0.7182143,0,0
994,21.1,21.485529,0.0,0.010196358,0.5,0.5605643,0,0
995,20.6,21.650894,0.0,0.009317971,1.3,0.5937402,0,0
996,20.8,21.043715,0.0,0.008361402,1.2,0.8402883,0,0
997,21.3,21.367094,0.0,0.00809321,0.9,0.96109396,0,0
998,24.4,22.36344,0.0,0.009599145,1.1,0.99960136,0,0
999,26.6,25.7497,0.0,0.0049835434,2.2,1.2717187,0,0
1000,27.6,26.988056,0.0,0.010089559,2.0,2.4007008,0,0
1001,28.5,27.387852,0.0,0.011575617,2.5,2.610017,0,0
1002,29.2,28.032343,0.0,0.0127515625,2.5,2.8726468,0,0
1003,28.9,28.33636,0.0,0.011778453,2.8,2.7405179,0,0
1004,29.3,27.804464,0.0,0.011236028,2.4,2.669373,0,0
1005,29.9,27.79103,0.0,0.010640078,3.3,2.558482,0,0
1006,30.1,28.062496,0.0,0.0105652725,2.0,2.6509664,0,0
1007,30.5,27.849218,0.0,0.010547815,1.3,2.2007542,0,0
1008,29.1,28.235998,0.0,0.008700661,1.6,1.4843206,0,0
1009,28.2,26.803957,0.0,0.008307525,1.6,1.3889608,0,0
1010,27.2,26.284124,0.0,0.00803314,1.7,1.4305274,0,0
1011,26.5,25.537125,0.0,0.008957236,0.6000000000000001,1.5358888,0,0
1012,25.6,25.39413,0.0,0.006019095,1.2,1.0458603,0,0
1013,24.7,24.504993,0.0,0.006638014,0.8,0.9732765,0,0
1014,24.3,23.68062,0.0,0.007049112,0.30000000000000004,0.74951315,0,0
1015,24.1,23.491508,0.0,0.006302286,0.7,0.5809759,0,0
1016,23.8,23.177008,0.0,0.0069973343,0.9,0.60462296,0,0
1017,23.8,22.752367,0.0,0.008353889,0.5,0.6412928,0,0
1018,23.7,22.848494,0.0,0.008614415,0.3999999999999999,0.6154635,0,0
1019,23.5,23.236979,0.0,0.00849709,0.3999999999999999,0.6206933,0,0
1020,23.1,23.774088,0.0,0.00867576,0.6000000000000001,0.64807546,0,0
1021,23.6,23.81818,0.0,0.008789464,1.1,0.68846226,0,0
1022,25.9,24.411718,0.0,0.009217768,1.1,0.8998617,0,0
1023,27.3,27.404005,0.0,0.011559963,0.6000000000000001,1.1494627,0,0
1024,29.2,28.901814,0.0,0.009533495,1.0,1.2445651,0,0
1025,30.3,30.225134,0.0,0.014417507,1.5,1.9787621,0,0
1026,29.9,30.618174,0.0,0.015371347,2.2,2.2559779,0,0
1027,30.0,29.223957,0.0,0.019380482,2.4,2.2684538,0,0
1028,29.9,29.399708,0.0,0.014046866,2.1,2.324858,0,0
1029,28.7,28.958326,0.0,0.015722936,2.1,2.0219352,0,0
1030,28.6,28.023169,0.0,0.013708946,2.1,1.7212195,0,0
1031,26.9,27.36463,0.0,0.011783945,2.3,1.6397135,0,0
1032,26.3,26.076809,0.0,0.011675217,0.9,1.5186323,0,0
1033,26.3,25.857874,0.0,0.010047306,0.8,0.9393815,0,0
1034,25.8,25.717072,0.0,0.00874226,1.5,0.7976432,0,0
1035,25.6,25.315535,0.0,0.008282685,0.5,0.98749703,0,0
1036,25.4,25.363066,0.0,0.007328495,0.8,0.74476135,0,0
1037,25.3,25.052223,0.0,0.0072856257,1.2,0.7302338,0,0
1038,25.1,24.952497,0.0,0.006640148,1.0,0.81917334,0,0
1039,25.4,24.634798,0.0,0.006593352,0.7,0.80708265,0,0
1040,25.1,24.803026,0.0,0.006722224,1.2,0.7777525,0,0
1041,25.0,24.49387,0.0,0.008379839,0.6000000000000001,0.855566,0,0
1042,24.7,24.777674,0.0,0.00826496,0.9,0.75981224,0,0
1043,24.5,24.757648,0.0,0.007981585,0.9,0.7969506,0,0
1044,24.5,24.872057,0.0,0.0085540395,1.2,0.82313526,0,0
1045,24.8,25.126875,0.0,0.010341006,1.2,0.96024936,0,0
1046,25.9,25.86721,0.0,0.011996245,0.9,1.1056676,0,0
1047,26.7,27.248322,0.0,0.009512679,0.10000000000000009,1.0487163,0,0
1048,28.1,27.729553,0.0,0.009767937,0.9,0.8692656,0,0
1049,28.4,28.713728,0.0,0.009979805,1.5,1.1209185,0,0
1050,29.3,28.805042,0.0,0.012518689,1.9,1.4980304,0,0
1051,29.3,29.41009,0.0,0.014295394,2.5,1.9394389,0,0
1052,29.9,29.180256,0.0,0.014103488,1.5,2.301124,0,0
1053,30.3,29.022448,0.0,0.0144693,1.8,1.8574485,0,0
1054,29.1,29.275906,0.0,0.013491961,2.0,1.7716004,0,0
1055,28.3,28.316349,0.0,0.013949481,2.2,1.71567,0,0
1056,28.1,27.519497,0.0,0.013765358,1.4,1.837932,0,0
1057,27.1,27.513802,0.0,0.011712683,1.4,1.4255463,0,0
1058,26.7,26.751963,0.0,0.013374009,1.1,1.2700669,0,0
1059,26.5,26.538298,0.0,0.013140866,1.2,1.0603315,0,0
1060,26.5,26.446619,0.0,0.011047352,1.3,1.0202883,0,0
1061,25.9,26.518837,0.0,0.01036125,1.9,1.1118513,0,0
1062,25.6,25.585678,0.0,0.009858658,0.7,1.3203485,0,0
1063,25.3,25.253843,2.5,0.010712518,0.7,0.87535614,1,0
1064,27.0,25.778158,0.0,0.3882404,0.30000000000000004,0.7065965,0,0
1065,27.9,26.712376,0.0,0.011358188,1.3,0.7505008,0,0
1066,28.1,27.648499,0.0,0.008418089,1.8,1.1593107,0,0
1067,28.6,27.725561,0.0,0.010818694,2.5,1.5042766,0,0
1068,28.5,28.342745,0.0,0.011747106,1.3,1.9326304,0,0
1069,28.0,27.791283,0.0,0.009568531,1.5,1.3207831,0,0
1070,27.3,27.126598,0.0,0.011531793,1.0,1.1241677,0,0
1071,27.1,26.710505,0.0,0.0140681015,0.5,0.8896577,0,0
1072,27.1,27.064768,0.0,0.008693474,0.7,0.81500626,0,0
1073,27.0,26.982256,0.0,0.008363299,0.10000000000000009,0.79915535,0,0
1074,26.4,26.755455,0.0,0.0074559706,0.8,0.69065344,0,0
1075,24.5,26.006037,0.0,0.009166142,1.2,0.70702505,0,0
1076,24.1,24.992182,0.0,0.0114127705,0.7,0.8817829,0,0
1077,24.1,24.43024,0.0,0.010566104,1.9,0.89441717,0,0
1078,24.8,23.799538,0.0,0.011950524,2.1,1.478382,0,0
1079,24.8,23.932116,0.0,0.011086103,1.7,1.7962607,0,0
1080,24.2,24.104685,0.0,0.011246639,1.8,1.7676032,0,0
1081,24.1,23.883932,0.0,0.011285713,1.3,1.8056066,0,0
1082,24.2,23.706947,0.0,0.011742063,0.6000000000000001,1.6322191,0,0
1083,24.3,24.314285,0.0,0.008512291,1.1,0.9668622,0,0
1084,24.2,24.20045,0.0,0.008940128,0.7,1.1846466,0,0
1085,24.3,23.76962,0.0,0.010820664,1.0,0.89091593,0,0
1086,24.2,24.117294,0.0,0.008764357,0.7,0.88388306,0,0
1087,24.1,24.02675,0.0,0.008912503,1.1,0.77884936,0,0
1088,24.1,23.938673,0.0,0.009220197,1.2,0.8467274,0,0
1089,24.6,24.339357,0.0,0.009336775,1.1,0.979058,0,0
1090,25.3,25.244173,0.0,0.022628197,1.4,1.2362778,0,0
1091,25.9,25.962828,0.0,0.0102933245,1.4,1.5826249,0,0
1092,27.0,26.688639,0.0,0.0110807875,0.9,1.7179834,0,0
1093,26.1,27.462013,0.0,0.010606352,2.7,1.3736297,0,0
1094,26.7,25.99644,0.0,0.011553282,1.6,2.436379,0,0
1095,28.0,26.696857,0.0,0.011001324,1.2,2.0942767,0,0
1096,27.7,27.553432,0.0,0.011907084,1.6,1.8188177,0,0
1097,27.0,27.054268,0.0,0.011959488,2.0,1.7922748,0,0
1098,24.7,26.262136,0.0,0.016583217,0.9,1.7183291,0,0
1099,24.8,25.176182,0.0,0.014225412,0.5,1.0496444,0,0
1100,24.8,24.870846,0.0,0.009698513,0.30000000000000004,0.7607415,0,0
1101,24.3,24.759434,0.0,0.007764693,0.6000000000000001,0.6462848,0,0
1102,24.4,24.402258,0.5,0.007950058,0.8,0.6359525,1,0
1103,24.5,23.920378,3.0,0.92823875,0.7,0.90210557,1,1
1104,24.6,23.872969,0.5,2.4151418,0.9,0.98009926,1,1
1105,26.5,24.628817,0.0,0.33993202,0.7,0.9018235,0,1
1106,26.7,26.958021,0.0,0.012399407,0.9,1.0433722,0,0
1107,26.8,26.354517,0.0,0.013801763,1.5,1.069868,0,0
1108,27.4,26.545902,0.0,0.011581187,0.6000000000000001,1.2983446,0,0
1109,27.7,27.232407,0.0,0.008586645,1.3,1.1268874,0,0
1110,25.8,27.078259,0.0,0.008878654,1.0,1.141399,0,0
1111,25.8,25.706192,0.0,0.01372085,0.7,0.93031645,0,0
1112,25.1,25.653774,0.0,0.0079396535,0.5,0.78460824,0,0
1113,24.9,25.198753,0.0,0.0069286413,0.6000000000000001,0.6860031,0,0
1114,24.9,24.949415,0.0,0.006746827,0.7,0.68442845,0,0
1115,24.7,24.648375,0.0,0.0073403413,1.1,0.692132,0,0
1116,24.6,24.610537,0.0,0.0073787393,0.5,0.81290483,0,0
1117,24.7,24.590626,0.0,0.010107989,0.7,0.7056612,0,0
1118,25.1,25.41957,0.0,0.008256197,1.3,0.7742139,0,0
1119,26.5,26.230207,0.0,0.009829488,0.9,1.0447966,0,0
1120,27.6,28.019478,0.0,0.007897559,1.6,1.0974846,0,0
1121,27.7,28.485806,0.0,0.012875823,1.2,1.7213703,0,0
1122,28.1,28.109737,0.0,0.011452313,1.2,1.641502,0,0
1123,29.1,27.771181,0.0,0.010732429,0.8,1.4407765,0,0
1124,29.3,28.308472,0.0,0.009045249,0.9,1.1975338,0,0
1125,28.1,28.310648,0.0,0.00974533,2.0,1.1516253,0,0
1126,27.4,27.403904,0.0,0.010371569,1.1,1.4857199,0,0
1127,27.4,26.872047,0.0,0.008962826,1.4,1.1633707,0,0
1128,27.7,26.792479,0.0,0.006764383,0.8,1.2117629,0,0
1129,27.4,26.878529,0.0,0.0061892113,1.0,0.9642824,0,0
1130,27.3,26.5872,0.0,0.0062828455,0.5,0.89316964,0,0
1131,27.1,26.491041,0.0,0.0064128735,0.7,0.74415934,0,0
1132,26.7,26.398392,0.0,0.0068944017,1.3,0.7243817,0,0
1133,26.4,26.416222,0.0,0.008276085,0.30000000000000004,0.8746739,0,0
1134,26.4,26.527075,0.0,0.007117872,0.6000000000000001,0.7164402,0,0
1135,25.5,26.55688,0.0,0.0068279817,0.5,0.72654665,0,0
1136,25.6,25.727867,0.0,0.0071224417,1.5,0.6629064,0,0
1137,26.5,25.877985,0.0,0.008055908,1.0,0.9033786,0,0
1138,27.7,27.103233,0.0,0.007811182,0.9,0.9860966,0,0
1139,29.3,28.318647,0.0,0.0077124354,0.30000000000000004,1.1060001,0,0
1140,29.4,29.417564,0.0,0.009981133,0.5,1.2720529,0,0
1141,29.7,29.321367,0.0,0.009562242,0.5,1.1362634,0,0
1142,29.9,29.586449,0.0,0.00924221,1.5,1.1084483,0,0
1143,29.8,29.569353,0.0,0.01262986,2.3,1.5342805,0,0
1144,29.3,29.686556,0.0,0.014495421,2.2,1.9762741,0,0
1145,28.0,29.012308,0.0,0.014867126,1.5,1.853552,0,0
1146,27.5,27.693722,0.0,0.011718141,1.7,1.3447759,0,0
1147,27.3,26.983107,0.0,0.010739267,1.0,1.2935756,0,0
1148,27.2,26.874228,0.0,0.011900137,0.5,1.0880685,0,0
1149,26.8,26.858042,0.0,0.01321163,0.19999999999999996,0.87534577,0,0
1150,26.6,26.710707,0.0,0.00843922,0.9,0.73306596,0,0
1151,26.3,26.254406,0.0,0.0079569565,0.19999999999999996,0.75327027,0,0
1152,26.0,25.83757,0.0,0.0069729057,0.10000000000000009,0.633821,0,0
1153,25.8,25.549984,0.0,0.006986594,0.5,0.56262743,0,0
1154,25.7,25.302011,0.0,0.0070643313,0.6000000000000001,0.5823747,0,0
1155,25.4,25.13438,0.0,0.007587907,1.0,0.6358266,0,0
1156,25.2,25.050299,0.0,0.008723547,0.3999999999999999,0.73578036,0,0
1157,25.0,25.061346,0.0,0.008002895,1.0,0.6915083,0,0
1158,24.7,25.061071,0.0,0.009182536,0.6000000000000001,0.7937374,0,0
1159,25.1,24.81727,0.0,0.0114920335,0.8,0.72153616,0,0
1160,26.1,25.763126,0.0,0.009173157,1.0,0.8048116,0,0
1161,27.4,27.369238,0.0,0.009451099,0.8,0.97312826,0,0
1162,28.5,28.434126,0.0,0.009792689,1.2,1.0664101,0,0
1163,30.2,29.057966,0.0,0.011075503,0.9,1.3109949,0,0
1164,30.5,30.070383,0.0,0.01254216,2.5,1.4690009,0,0
1165,29.7,30.19087,0.0,0.015793229,3.6,2.3034568,0,0
1166,27.3,29.452833,0.0,0.01742574,1.3,2.8307073,0,0
1167,29.3,27.25121,0.0,0.017722143,0.7,1.7361084,0,0
1168,31.0,28.402971,0.0,0.0117937345,0.9,1.5710928,0,0
1169,31.1,29.684288,0.0,0.012701295,2.0,1.7068791,0,0
1170,29.7,29.576506,0.0,0.013981836,1.4,1.8198661,0,0
1171,29.5,28.415768,0.0,0.014529383,2.5,1.2352798,0,0
1172,29.2,28.32774,0.0,0.012128191,2.2,1.6146262,0,0
1173,29.5,27.977821,0.0,0.013539033,1.2,1.5994841,0,0
1174,29.8,28.381702,0.0,0.010912191,1.7,1.3737888,0,0
1175,29.7,29.083788,0.0,0.013044932,1.5,1.6869218,0,0
1176,29.5,29.011913,0.0,0.013815688,1.6,1.6472952,0,0
1177,29.7,29.283846,0.0,0.013869078,1.9,1.7509692,0,0
1178,29.7,29.830807,0.0,0.015004056,2.7,2.0533974,0,0
1179,24.9,28.635263,14.499999999999998,0.6691841,3.6,2.440238,1,0
1180,24.2,23.888731,51.5,11.205697,1.7,1.6997699,1,1
1181,22.8,23.56047,11.500000000000007,10.186665,2.8,1.4778312,1,1
1182,22.7,24.055334,2.0000000000000004,4.9403443,2.2,1.448078,1,1
1183,22.9,24.517984,0.0,0.97063553,2.9,1.8842262,0,1
1184,22.9,21.814781,0.0,0.18981849,4.7,2.6542163,0,0
1185,23.2,22.536905,0.0,0.026507618,3.6,3.7498689,0,0
1186,23.3,22.606117,0.0,0.037728813,2.8,3.6843722,0,0
1187,23.9,22.708553,0.0,0.044858657,3.0,3.3671024,0,0
1188,24.4,23.341845,0.0,0.042001955,4.3,3.2268167,0,0
1189,24.2,24.019224,0.0,0.028140929,3.3,3.7390378,0,0
1190,23.6,24.164795,0.0,0.018490938,4.2,3.489844,0,0
1191,23.1,23.662592,0.0,0.03128656,2.8,3.6991186,0,0
1192,22.7,23.08002,0.0,0.03126638,2.3,3.150532,0,0
1193,22.6,22.403477,0.0,0.03912121,4.0,2.562876,0,0
1194,22.7,22.77026,0.0,0.020642543,2.9,3.3064072,0,0
1195,22.7,23.30165,0.0,0.0122217415,1.6,3.1556108,0,0
1196,22.6,23.313509,0.0,0.010980945,1.9,2.2345865,0,0
1197,22.6,22.995695,0.0,0.010396934,3.7,1.975394,0,0
1198,22.7,22.847996,0.0,0.010377396,2.9,2.942929,0,0
1199,22.6,22.504498,0.0,0.009738201,2.6,2.8218677,0,0
1200,22.6,22.157356,0.0,0.009121962,2.5,2.5558655,0,0
1201,20.9,22.129837,1.0,0.008486308,2.0,2.3919406,1,0
1202,21.8,20.237696,0.5,1.076688,1.7,2.017561,1,1
1203,25.0,21.02628,0.0,0.23564382,2.1,1.808339,0,0
1204,26.6,23.73979,0.0,0.012547671,1.8,2.288389,0,0
1205,26.9,25.316713,0.0,0.011833983,2.3,2.3470314,0,0
1206,27.2,25.820204,0.0,0.012556011,3.0,2.528382,0,0
1207,26.3,26.005198,0.0,0.012861577,3.4,2.8701138,0,0
1208,26.3,25.554846,0.0,0.013456339,2.3,3.1517546,0,0
1209,26.6,25.484337,0.0,0.012542051,2.9,2.6739836,0,0
1210,26.2,25.95482,0.0,0.01245924,2.6,2.8004248,0,0
1211,25.5,25.618814,0.0,0.013108211,1.8,2.6330125,0,0
1212,24.9,24.797195,0.0,0.0115550915,1.4,2.0081782,0,0
1213,24.7,24.196068,0.0,0.011759243,1.3,1.6833919,0,0
1214,24.6,24.356438,0.0,0.01271344,0.6000000000000001,1.5362527,0,0
1215,24.6,25.038103,0.0,0.012608615,1.0,1.1068201,0,0
1216,24.3,25.024055,0.0,0.0124702575,0.9,1.1318026,0,0
1217,23.8,24.502724,0.0,0.009771897,0.9,0.88112247,0,0
1218,23.6,23.61179,0.0,0.010326795,1.3,0.82946587,0,0
1219,23.9,22.898125,0.0,0.013034033,0.7,0.9299366,0,0
1220,23.8,23.455704,0.0,0.010833461,0.0,0.8124325,0,0
1221,24.1,23.575441,0.0,0.009584602,0.30000000000000004,0.63791907,0,0
1222,23.8,24.186558,0.0,0.008441868,0.9,0.63563204,0,0
1223,24.3,23.933794,0.0,0.00966049,0.5,0.74739814,0,0
1224,24.7,24.89107,0.0,0.009113695,0.5,0.735633,0,0
1225,25.7,25.678133,0.0,0.00954421,1.3,0.7553812,0,0
1226,28.1,26.60405,0.0,0.009186251,0.7,1.04878,0,0
1227,30.0,28.931368,0.0,0.0093442425,0.6000000000000001,1.2159632,0,0
1228,31.2,30.009314,0.0,0.012454989,1.9,1.530902,0,0
1229,31.0,30.541483,0.0,0.015761673,2.2,2.2326982,0,0
1230,31.1,30.358091,0.0,0.015972022,1.2,2.3408525,0,0
1231,30.6,30.181862,0.0,0.014712766,1.6,1.8743742,0,0
1232,30.8,29.625113,0.0,0.013639751,1.8,1.6707226,0,0
1233,29.5,29.273922,0.0,0.013612083,1.6,1.5427688,0,0
1234,29.4,28.37142,0.0,0.016408507,0.7,1.2176535,0,0
1235,29.1,28.440924,0.0,0.013263135,1.0,0.9264081,0,0
1236,28.8,28.065563,0.0,0.013958386,1.2,0.88204,0,0
1237,28.1,28.150002,0.0,0.011880351,1.5,0.97757226,0,0
1238,27.9,27.476213,0.0,0.03180113,0.10000000000000009,1.044324,0,0
1239,27.5,27.483538,0.0,0.010288714,0.6000000000000001,0.7689376,0,0
1240,27.2,26.868853,0.0,0.010008009,0.10000000000000009,0.718029,0,0
1241,27.1,26.610268,0.0,0.007921172,0.5,0.6317723,0,0
1242,26.6,26.53845,0.0,0.007082054,0.5,0.6477628,0,0
1243,26.5,26.16877,0.0,0.007175505,0.8,0.6461961,0,0
1244,26.3,26.057209,0.0,0.0066317446,0.8,0.7080163,0,0
1245,26.1,25.945534,0.0,0.007177982,0.5,0.74093425,0,0
1246,26.2,25.966616,0.0,0.008463293,1.0,0.69910705,0,0
1247,26.4,26.536058,0.0,0.00786353,0.8,0.82074785,0,0
1248,27.6,27.369637,0.0,0.009146589,0.8,0.8727597,0,0
1249,30.0,28.59325,0.0,0.008518809,0.30000000000000004,0.9949408,0,0
1250,32.6,30.295559,0.0,0.009686335,2.5,1.1586096,0,0
1251,32.2,32.0701,0.0,0.016375458,1.5,2.4815857,0,0
1252,32.3,31.533514,0.0,0.017277258,2.2,2.240596,0,0
1253,31.8,31.878218,0.0,0.017213976,2.1,2.4186811,0,0
1254,31.9,31.359087,0.0,0.016908264,2.8,2.2080407,0,0
1255,31.7,31.07455,0.0,0.01661389,2.5,2.347914,0,0
1256,32.8,30.703331,0.0,0.015629295,1.7,2.1152415,0,0
1257,32.8,31.120712,0.0,0.013187451,2.5,1.667601,0,0
1258,32.3,30.691778,0.0,0.013531696,1.7,1.7224213,0,0
1259,31.0,30.364868,0.0,0.010937917,2.4,1.2744774,0,0
1260,30.9,29.019442,0.0,0.012510944,1.5,1.3124604,0,0
1261,30.9,29.19339,0.0,0.0099927895,1.0,1.0348626,0,0
1262,30.5,29.22206,0.0,0.0110718,0.7,0.9084789,0,0
1263,30.4,28.92801,0.0,0.0098245405,1.6,0.8221166,0,0
1264,29.1,29.033821,0.0,0.010176473,2.0,1.0410136,0,0
1265,28.0,27.963999,0.0,0.011751569,0.6000000000000001,1.1650198,0,0
1266,28.5,27.45659,0.0,0.008680164,0.19999999999999996,0.8541219,0,0
1267,27.6,27.888857,0.0,0.0073494227,1.0,0.7898172,0,0
1268,28.4,26.797832,0.0,0.010617741,0.8,0.82582784,0,0
1269,29.4,28.084106,0.0,0.008286355,0.30000000000000004,0.8554554,0,0
1270,30.4,29.32024,0.0,0.008099786,0.9,0.8419095,0,0
1271,30.6,29.701565,0.0,0.010695872,1.5,1.0751265,0,0
1272,30.2,30.545912,0.0,0.015065265,1.5,1.5797137,0,0
1273,25.6,30.539278,3.5,0.014640255,1.4,1.6660166,1,0
1274,25.4,25.506052,3.0,2.64922,1.2,1.2475853,1,1
1275,25.2,25.744385,2.0000000000000004,1.19625,1.3,1.0106733,1,1
1276,25.2,25.38707,0.5,1.1066234,0.8,1.0098118,1,1
1277,25.2,25.87741,0.0,0.035137463,0.3999999999999999,0.90073365,0,0
1278,24.7,25.522821,1.5,0.014902427,1.1,0.7603991,1,0
1279,24.9,25.385902,0.0,0.33223423,1.0,0.8158777,0,0
1280,24.8,24.73056,6.499999999999999,0.14864668,1.1,0.8916254,1,0
1281,25.2,23.689922,1.0,4.713296,0.6000000000000001,1.1665864,1,1
1282,25.4,24.873047,1.5,1.4456885,0.10000000000000009,0.9037168,1,1
1283,26.1,24.580433,2.5,1.9607308,0.3999999999999999,0.85901326,1,1
1284,24.9,25.775255,1.0,2.0796752,2.0,1.0085697,1,1
1285,24.0,25.256966,0.5,2.2695253,1.6,1.27685,1,1
1286,22.6,24.45404,10.499999999999998,1.6532142,2.7,1.1689347,1,1
1287,22.4,22.710344,14.499999999999998,8.457374,2.3,1.4998256,1,1
1288,22.1,22.267433,2.5,8.621528,1.8,1.4706792,1,1
1289,21.9,23.683952,0.5,2.1661215,2.0,1.1683443,1,1
1290,21.5,21.934809,1.0,0.91421056,2.5,2.0307524,1,1
1291,21.1,20.752645,1.5,1.0530214,2.4,2.5737553,1,1
1292,20.9,20.386639,0.5,1.2865901,2.4,2.5627518,1,1
1293,20.7,19.955473,0.5,0.5850631,1.8,2.6348991,1,1
1294,21.0,19.773891,0.0,0.4750131,1.3,2.2398589,0,1
1295,20.9,20.271553,0.0,0.19289254,1.4,1.6469463,0,0
1296,21.2,20.380228,0.0,0.09075248,2.1,1.5671188,0,0
1297,22.1,22.23103,0.0,0.00929346,1.7,2.1000428,0,0
1298,23.0,23.13742,0.0,0.010441795,2.4,1.9256134,0,0
1299,23.2,23.685165,0.0,0.010875516,1.7,2.4349256,0,0
1300,23.9,23.842613,0.5,0.01135991,2.2,2.078552,1,0
1301,24.7,23.81336,0.0,0.0286778,2.9,2.424815,0,0
1302,25.4,24.246798,0.0,0.012062462,1.9,2.8500273,0,0
1303,25.1,24.53161,0.0,0.011708599,2.5,2.4449816,0,0
1304,24.5,24.158302,0.0,0.011395595,3.1,2.3353808,0,0
1305,24.3,23.716982,0.0,0.010843205,2.5,2.52831,0,0
1306,24.3,23.378412,0.0,0.00949885,1.9,2.1607742,0,0
1307,23.8,23.536879,0.0,0.012160211,2.4,1.7513634,0,0
1308,23.1,23.553139,0.0,0.010697755,2.6,1.874814,0,0
1309,23.0,22.809328,0.0,0.009399179,1.0,2.0899994,0,0
1310,22.2,23.114153,0.0,0.009715722,0.7,1.5339941,0,0
1311,20.8,21.76898,0.0,0.009327382,2.0,1.0694233,0,0
1312,20.3,20.242214,0.5,0.03840351,1.9,1.3928909,1,0
1313,22.6,19.13919,0.0,0.87433636,1.2,1.514262,0,1
1314,23.3,22.033361,0.0,0.016921682,0.8,1.263856,0,0
1315,23.8,22.650953,0.0,0.013337262,0.9,1.0701152,0,0
1316,23.9,23.328573,0.0,0.011422834,0.7,1.0337557,0,0
1317,24.6,23.761204,0.0,0.0107363975,0.8,0.89692295,0,0
1318,24.8,25.236994,0.0,0.0079257265,1.3,0.95403665,0,0
1319,25.4,24.906452,0.0,0.008310402,1.3,1.0862969,0,0
1320,25.2,25.138365,0.0,0.009849903,1.0,1.1673831,0,0
1321,25.0,24.898933,0.0,0.011617978,0.8,1.0097495,0,0
1322,25.3,25.103739,0.0,0.010145107,1.2,0.95613164,0,0
1323,24.8,26.600931,0.0,0.009038088,1.6,1.1780981,0,0
1324,24.6,25.648338,0.0,0.011064984,0.3999999999999999,1.5299466,0,0
1325,24.8,25.626858,0.0,0.010680104,0.9,0.8981177,0,0
1326,21.9,25.606312,0.0,0.010139485,0.7,0.9435824,0,0
1327,23.6,23.164902,3.5,0.01173846,0.10000000000000009,0.7854353,1,0
1328,23.4,23.107395,3.9999999999999982,2.0110707,0.5,0.83265316,1,1
1329,23.4,23.824327,2.0000000000000004,2.150635,1.0,0.7746432,1,1
1330,23.5,24.21166,1.0,1.3134968,1.0,0.7965847,1,1
1331,23.6,23.705751,3.9999999999999982,1.124641,1.0,0.8442172,1,1
1332,23.6,23.663599,3.0,2.5401955,0.3999999999999999,0.8928933,1,1
1333,23.6,23.901276,2.0000000000000004,2.3246186,0.3999999999999999,0.8043319,1,1
1334,23.4,23.744614,3.5,1.9459782,0.19999999999999996,0.76629555,1,1
1335,23.0,23.399647,3.5,2.6932008,0.6000000000000001,0.78209734,1,1
1336,23.0,23.331545,3.5,2.8247237,0.19999999999999996,0.8017297,1,1
1337,22.6,23.262299,3.9999999999999982,2.6712377,0.9,0.76753306,1,1
1338,22.6,22.930336,4.5,4.083895,0.6000000000000001,0.88957953,1,1
1339,22.6,23.1722,3.5,2.485685,0.10000000000000009,0.7539885,1,1
1340,22.6,23.150442,1.5,2.205391,0.0,0.68453133,1,1
1341,22.9,23.204647,0.0,1.1638637,0.0,0.5901779,0,1
1342,22.9,23.513817,0.5,0.061811082,0.5,0.483567,1,0
1343,23.0,22.985056,0.0,0.30046415,1.2,0.49278605,0,0
1344,23.1,23.135544,0.5,0.013307591,0.0,0.77312887,1,0
1345,23.2,23.494244,0.0,0.08536615,0.5,0.52774084,0,0
1346,23.2,23.353554,0.0,0.022631451,0.0,0.58416414,0,0
1347,23.4,23.236553,0.0,0.098438784,0.6000000000000001,0.44626653,0,0
1348,26.8,23.536015,0.0,0.014580897,2.2,0.49505746,0,0
1349,27.8,26.653973,0.0,0.011834585,1.8,1.6554605,0,0
1350,27.5,28.079092,0.0,0.014068716,2.2,2.1462188,0,0
1351,27.2,27.296305,0.0,0.016593495,2.8,2.2642972,0,0
1352,26.6,26.984001,0.0,0.012574835,1.8,2.5130613,0,0
1353,26.1,26.200739,0.0,0.016539512,1.9,1.9120334,0,0
1354,26.0,25.409649,0.0,0.011464429,1.4,1.6142887,0,0
1355,25.9,25.517925,0.0,0.011574671,1.5,1.2984805,0,0
1356,25.4,25.175762,0.0,0.01197378,1.4,1.3253815,0,0
1357,25.1,24.806543,0.0,0.010690827,1.3,1.2517062,0,0
1358,25.1,24.542953,0.0,0.009514416,1.2,1.1975522,0,0
1359,25.2,24.664352,0.0,0.0117411055,1.2,1.2102745,0,0
1360,24.8,25.37631,0.0,0.010845449,0.3999999999999999,1.2428676,0,0
1361,24.8,25.126488,0.0,0.008301166,0.9,0.78048193,0,0
1362,24.7,24.758862,0.0,0.008904387,0.7,0.78879535,0,0
1363,24.6,24.510496,0.0,0.009584785,0.6000000000000001,0.7482588,0,0
1364,24.7,24.34366,0.0,0.010351654,0.8,0.70428073,0,0
1365,24.6,24.388288,0.0,0.0098138675,0.19999999999999996,0.73449373,0,0
1366,24.7,24.43374,0.0,0.010009507,0.5,0.6384556,0,0
1367,24.8,24.882315,0.0,0.010243284,1.0,0.6652293,0,0
1368,25.6,25.57952,0.0,0.009455631,0.5,0.84782207,0,0
1369,26.3,26.624453,0.0,0.008591372,1.3,0.8467897,0,0
1370,27.1,27.229084,0.0,0.011347326,1.0,1.387133,0,0
1371,26.9,28.006844,0.0,0.010963007,1.6,1.4799438,0,0
1372,27.3,27.321175,0.0,0.013794402,1.7,1.887703,0,0
1373,28.4,27.453432,0.0,0.011977941,0.8,2.0552936,0,0
1374,29.1,28.000496,0.0,0.011995138,1.3,1.7975137,0,0
1375,30.1,28.29438,0.0,0.011638224,0.7,1.8554082,0,0
1376,30.1,28.501448,0.0,0.011120055,1.7,1.5220859,0,0
1377,29.9,28.64444,0.0,0.011210459,1.4,1.6202399,0,0
1378,29.4,28.384184,0.0,0.009893656,1.3,1.3310326,0,0
1379,28.6,28.05498,0.0,0.010299387,0.9,1.0768442,0,0
1380,28.0,27.45643,0.0,0.014035519,1.0,0.8013017,0,1
1381,27.4,27.167185,0.0,0.01198694,0.5,0.78757596,0,0
1382,26.7,26.80023,0.0,0.013348946,0.9,0.71956074,0,0
1383,26.4,26.34745,0.0,0.009137059,0.30000000000000004,0.73603034,0,0
1384,26.4,26.232838,0.0,0.008523484,0.19999999999999996,0.6668004,0,0
1385,26.6,26.061594,0.0,0.0073222127,0.30000000000000004,0.6168127,0,0
1386,26.4,26.431725,0.0,0.0060005407,0.30000000000000004,0.6726264,0,0
1387,26.2,25.738445,0.0,0.006609358,0.30000000000000004,0.6536741,0,0
1388,26.0,25.396646,0.0,0.0080757355,0.19999999999999996,0.654747,0,0
1389,25.6,25.445873,0.0,0.0071171033,0.5,0.6158854,0,0
1390,25.8,25.420301,0.0,0.0073224637,0.8,0.62535167,0,0
1391,27.0,26.023369,0.0,0.007834658,0.7,0.74027395,0,0
1392,27.5,27.610815,0.0,0.009097238,0.3999999999999999,0.85624146,0,0
1393,28.7,28.602285,0.0,0.009079134,0.6000000000000001,0.9196144,0,0
1394,29.0,29.253796,0.0,0.010786104,1.9,1.2367558,0,0
1395,27.8,29.61647,0.0,0.014932628,2.0,1.971404,0,0
1396,27.8,28.352444,0.0,0.017113708,2.0,1.9844716,0,0
1397,29.5,27.991022,0.0,0.014621968,2.4,1.9846454,0,0
1398,30.6,29.342506,0.0,0.012917448,2.6,2.280664,0,0
1399,30.6,29.813734,0.0,0.013073482,1.9,2.384703,0,0
1400,29.4,29.647198,0.0,0.013206891,3.2,2.0236201,0,0
1401,29.3,28.3885,0.0,0.013368338,2.3,2.1562288,0,0
1402,28.4,28.192247,0.0,0.011882659,1.3,1.7171463,0,0
1403,28.1,27.471102,0.0,0.010490079,1.3,1.0527177,0,0
1404,28.1,27.188326,0.0,0.009573375,0.5,0.930296,0,0
1405,28.0,27.180202,0.0,0.006971968,0.7,0.75964534,0,0
1406,27.7,27.015694,0.0,0.008214903,0.19999999999999996,0.75926983,0,0
1407,27.2,26.784082,0.0,0.0068903994,1.0,0.6720636,0,0
1408,27.0,26.787317,0.0,0.0065853805,0.7,0.76808405,0,0
1409,26.9,26.662653,0.0,0.0073107374,0.7,0.75542676,0,0
1410,26.7,26.61033,0.0,0.0065397834,0.8,0.7606542,0,0
1411,26.4,26.578684,0.0,0.0064495783,0.30000000000000004,0.7957691,0,0
1412,26.3,26.176674,0.0,0.0064178524,0.0,0.70733285,0,0
1413,26.5,26.049126,0.0,0.0065083317,0.8,0.63163126,0,0
1414,26.7,26.262487,0.0,0.0070778453,0.6000000000000001,0.7503346,0,0
1415,27.3,26.7916,0.0,0.007619591,0.8,0.8055712,0,0
1416,28.8,27.706156,0.0,0.008502143,1.0,0.9228832,0,0
1417,30.3,29.17657,0.0,0.009915721,3.0,1.2875228,0,0
1418,30.8,30.453987,0.0,0.014737893,3.4,2.642123,0,0
1419,32.6,30.519281,0.0,0.016137134,2.3,3.1562152,0,0
1420,30.9,31.498417,0.0,0.014904279,3.3,2.7880173,0,0
1421,31.2,30.394217,0.0,0.015056887,3.0,2.865901,0,0
1422,31.4,30.459618,0.0,0.013708864,4.3,2.7002628,0,0
1423,30.8,30.183994,0.0,0.015052169,3.8,3.1434228,0,0
1424,30.3,29.628044,0.0,0.014414544,4.4,2.980128,0,0
1425,30.1,29.221294,0.0,0.015055185,3.5,3.0920613,0,0
1426,29.7,29.063236,0.0,0.013185279,3.8,2.6352036,0,0
1427,29.4,28.662819,0.0,0.014405773,2.8,2.6199043,0,0
1428,29.1,28.87113,0.0,0.014029013,1.6,2.2436116,0,0
1429,29.3,28.373104,0.0,0.012187411,1.5,1.5474162,0,0
1430,29.6,28.469667,0.0,0.0112440735,1.6,1.3755963,0,0
1431,29.5,28.955061,0.0,0.011804378,1.4,1.5111601,0,0
1432,29.6,28.828392,0.0,0.011417687,2.2,1.4498305,0,0
1433,29.7,29.262949,0.0,0.0137337,1.5,2.011551,0,0
1434,29.7,29.002073,0.0,0.012911697,1.1,1.8164657,0,0
1435,29.6,28.643518,0.0,0.011819648,1.1,1.528755,0,0
1436,28.8,28.696283,0.0,0.011697043,1.6,1.4449201,0,0
1437,29.1,28.317186,0.0,0.01283381,1.8,1.5664352,0,0
1438,29.1,29.280708,0.0,0.014653564,1.7,2.0020413,0,0
1439,29.5,29.52941,0.0,0.01863799,1.1,2.0913231,0,0
1440,30.6,30.176207,0.0,0.0155425025,1.3,2.140998,0,0
1441,31.4,30.674044,0.0,0.015850533,2.1,2.34212,0,0
1442,33.1,31.317709,0.0,0.017144775,2.2,2.8628192,0,0
1443,32.5,31.998775,0.0,0.017793013,2.4,3.1384435,0,0
1444,31.0,31.728903,0.0,0.018596342,4.0,3.112527,0,0
1445,31.5,30.802633,0.0,0.021091258,1.8,3.4827313,0,0
1446,31.1,31.222513,0.0,0.016702726,3.3,2.710375,0,0
1447,30.6,30.819637,0.0,0.016596928,4.7,2.8838656,0,0
1448,29.9,30.03432,0.0,0.018748192,2.3,3.3145027,0,0
1449,29.9,29.375305,0.0,0.016256666,2.1,2.133541,0,0
1450,29.5,29.319017,0.0,0.013948497,2.4,1.7162832,0,0
1451,29.4,28.902336,0.0,0.015137004,2.1,1.7469358,0,0
1452,29.3,28.958225,0.0,0.013872204,1.6,1.7115743,0,0
1453,29.3,28.959665,0.0,0.013194883,1.5,1.4930171,0,0
1454,29.4,28.990545,0.0,0.012239464,1.1,1.4576019,0,0
1455,29.3,28.955233,0.0,0.01113885,1.4,1.3208781,0,0
1456,28.7,28.855844,0.0,0.011654241,2.0,1.3927,0,0
1457,29.0,28.232334,0.0,0.012854135,1.9,1.5674317,0,0
1458,29.3,28.726639,0.0,0.014246692,1.6,1.7426716,0,0
1459,29.1,29.34091,0.0,0.0146512315,1.6,1.7769648,0,0
1460,30.0,29.403223,0.0,0.016525062,1.7,1.776518,0,0
1461,30.2,30.543123,0.0,0.015971843,1.7,2.141215,0,0
1462,30.8,30.735111,0.0,0.01702738,4.2,2.2647707,0,0
1463,32.3,30.972572,0.0,0.021190042,4.4,3.660185,0,0
1464,31.6,31.94877,0.0,0.021191634,3.7,4.228057,0,0
1465,31.7,31.505724,0.0,0.021762874,3.2,4.018219,0,0
1466,32.3,31.640879,0.0,0.0209906,2.3,3.7520342,0,0
1467,32.6,31.803642,0.0,0.018702034,2.2,3.1050942,0,0
1468,32.0,31.833385,0.0,0.017064027,2.8,2.7092187,0,0
1469,31.4,31.180407,0.0,0.016775187,3.2,2.6218393,0,0
1470,31.9,30.707096,0.0,0.016106872,2.4,2.5507975,0,0
1471,31.2,30.777449,0.0,0.014844628,2.0,2.0872753,0,0
1472,30.7,29.929512,0.0,0.013296717,1.9,1.6458004,0,0
1473,30.8,29.421171,0.0,0.013491066,2.3,1.4280853,0,0
1474,30.4,29.946833,0.0,0.01403083,2.4,1.7891699,0,0
1475,30.3,29.961973,0.0,0.015054332,1.5,1.9665645,0,0
1476,29.9,29.878147,0.0,0.013484776,1.7,1.656155,0,0
1477,29.8,29.496908,0.0,0.013319089,1.8,1.6756371,0,0
1478,29.7,29.252613,0.0,0.013583153,2.2,1.7461922,0,0
1479,29.7,29.14275,0.0,0.014813823,2.2,1.9389671,0,0
1480,29.6,29.20765,0.0,0.015832929,2.0,2.0006995,0,0
1481,29.3,29.441742,0.0,0.017850444,2.0,1.968338,0,0
1482,29.3,29.606615,0.0,0.016478557,1.3,2.0329523,0,0
1483,29.5,29.68668,0.0,0.015668312,1.9,1.7266878,0,0
1484,30.4,30.1418,0.0,0.017840965,1.6,2.0665908,0,0
1485,30.2,31.197758,0.0,0.017194219,2.6,2.2313244,0,0
1486,31.0,30.998457,0.0,0.01877953,2.2,2.6974638,0,0
1487,31.8,31.38572,0.0,0.018558934,2.6,2.65841,0,0
1488,32.7,31.966417,0.0,0.018393708,2.4,2.9156795,0,0
1489,32.6,32.21098,0.0,0.018088236,2.4,2.8879423,0,0
1490,32.7,32.024246,0.0,0.017501147,2.5,2.7423685,0,0
1491,33.2,31.586515,0.0,0.017158,1.9,2.4807675,0,0
1492,33.8,31.450216,0.0,0.015715556,2.3,1.9676949,0,0
1493,33.2,32.13994,0.0,0.015939523,1.9,2.24225,0,0
1494,31.9,31.804285,0.0,0.01607854,1.4,2.0407748,0,0
1495,31.3,31.04445,0.0,0.01444687,1.7,1.613453,0,0
1496,30.9,30.573652,0.0,0.015617333,2.8,1.6224202,0,0
1497,30.1,30.780151,0.0,0.017928168,2.2,2.239347,0,0
1498,29.8,29.850668,0.0,0.05599462,1.5,2.0127687,0,0
1499,29.6,30.119736,0.0,0.016062254,2.9,1.6138157,0,0
1500,29.6,30.025278,0.0,0.017262438,1.6,2.2664597,0,0
1501,29.7,29.533371,0.0,0.015436485,1.6,1.7059174,0,0
1502,29.3,29.36967,0.0,0.013733985,2.4,1.5659766,0,0
1503,29.4,28.994228,0.0,0.016895195,1.8,1.841488,0,0
1504,30.1,29.088472,0.0,0.014344817,1.7,1.7280452,0,0
1505,30.0,29.921387,0.0,0.014857445,1.1,1.7874149,0,0
1506,30.2,29.211134,0.0,0.2739007,1.5,1.3765242,0,0
1507,31.9,30.578747,0.0,0.015537586,2.5,1.6897398,0,0
1508,31.5,31.963818,0.0,0.01887162,1.9,2.56938,0,0
1509,32.5,32.098057,0.0,0.018401211,1.8,2.4096124,0,0
1510,26.6,32.492474,12.999999999999991,0.018281616,0.6000000000000001,2.3689845,1,0
1511,30.4,28.587633,0.0,0.9387394,1.4,1.0181009,0,0
1512,31.6,29.127045,0.0,0.014251096,2.3,1.153826,0,0
1513,31.1,31.282434,0.0,0.015296982,2.4,1.8797967,0,0
1514,30.5,30.751019,0.0,0.018143568,2.3,1.8972144,0,0
1515,30.3,30.030289,0.0,0.021113193,1.8,1.7360402,0,0
1516,30.6,29.965034,0.0,0.015579232,1.4,1.5304836,0,0
1517,30.4,30.423147,0.0,0.014258315,1.3,1.3895807,0,0
1518,29.6,30.261492,0.0,0.015786476,1.0,1.3380325,0,0
1519,29.8,28.92413,0.0,0.02196583,1.8,1.0238057,0,0
1520,30.2,29.544504,0.0,0.012716631,2.4,1.3649547,0,0
1521,29.6,29.936821,0.0,0.01467199,2.0,1.862865,0,0
1522,29.7,29.06796,0.0,0.021084089,1.6,1.6448019,0,0
1523,29.8,28.725891,0.0,0.18650721,2.5,1.4115803,0,0
1524,30.8,29.4189,0.0,0.025786782,2.3,2.0461938,0,0
1525,31.8,31.029491,0.0,0.018248199,4.7,2.349752,0,0
1526,31.5,31.57925,0.0,0.022021487,4.3,3.8554764,0,0
1527,30.6,31.85909,0.0,0.023073537,5.3,4.18279,0,0
1528,31.0,30.760666,0.0,0.029778162,5.2,4.42093,0,0
1529,30.6,31.401585,0.0,0.023973783,6.4,4.766856,0,0
1530,31.3,30.952421,0.0,0.024498053,6.2,5.1724997,0,0
1531,31.0,31.115303,0.0,0.024571251,3.9,5.4334817,0,0
1532,30.6,30.613207,0.0,0.022414476,3.8,4.521897,0,0
1533,30.9,30.09926,0.0,0.019101698,2.4,3.790241,0,0
1534,30.2,30.009521,0.0,0.016138567,2.8,2.5519245,0,0
1535,29.8,29.057566,0.0,0.024488159,1.2,2.105713,0,0
1536,29.7,28.776352,0.0,0.012601273,0.30000000000000004,1.357103,0,0
1537,29.7,28.742777,0.0,0.010602174,0.19999999999999996,0.85670125,0,0
1538,29.7,28.329346,0.0,0.010109852,1.1,0.7487558,0,0
1539,29.5,28.535849,0.0,0.009602075,0.8,0.89329195,0,0
1540,29.2,28.391682,0.0,0.00847849,0.30000000000000004,0.84760535,0,0
1541,29.0,28.045033,0.0,0.007628706,1.0,0.73995364,0,0
1542,28.4,27.963924,0.0,0.008351549,0.6000000000000001,0.85162926,0,0
1543,28.2,27.346039,0.0,0.008990197,0.7,0.7497021,0,0
1544,27.9,27.495926,0.0,0.008730138,0.3999999999999999,0.76176465,0,0
1545,27.9,27.714111,0.0,0.008441737,0.3999999999999999,0.7308911,0,0
1546,28.6,28.016165,0.0,0.009236006,0.8,0.73743165,0,0
1547,30.1,29.292334,0.0,0.0101320995,0.5,0.980186,0,0
1548,31.5,30.854248,0.0,0.011608735,1.5,1.3460299,0,0
1549,31.8,31.710129,0.0,0.0161798,1.1,2.1857917,0,0
1550,32.3,32.23953,0.0,0.016161729,1.2,2.2593117,0,0
1551,33.5,32.115437,0.0,0.01605953,0.8,2.1668744,0,0
1552,32.8,32.35002,0.0,0.015295515,3.6,2.0151632,0,0
1553,31.2,32.243816,0.0,0.018308815,4.2,2.7266908,0,0
1554,31.0,31.25753,0.0,0.01899792,3.7,3.0290134,0,0
1555,30.5,30.721859,0.0,0.017742548,4.0,2.836031,0,0
1556,28.1,29.952888,0.0,0.016693667,0.7,2.803482,0,0
1557,28.7,27.91385,0.0,0.013087016,0.9,1.1155618,0,0
1558,28.3,27.728617,0.0,0.010594441,1.1,0.84407353,0,0
1559,28.0,27.42517,0.0,0.009565891,0.9,0.8240882,0,0
1560,27.9,27.131985,0.0,0.008349938,1.3,0.7825819,0,0
1561,27.9,27.06589,0.0,0.007830915,0.30000000000000004,0.8758544,0,0
1562,28.0,27.04161,0.0,0.006840352,0.5,0.7330018,0,0
1563,27.5,27.161287,0.0,0.00711782,1.2,0.74171126,0,0
1564,27.6,26.773247,0.0,0.0075800805,0.6000000000000001,0.827605,0,0
1565,27.7,26.937614,0.0,0.0076313023,0.9,0.78971386,0,0
1566,27.7,27.424707,0.0,0.008517997,1.2,0.8458315,0,0
1567,27.8,27.854418,0.0,0.009188827,1.2,0.95026505,0,0
1568,28.5,28.07998,0.0,0.008827121,0.19999999999999996,1.0228993,0,0
1569,30.2,28.517864,0.0,0.011313253,0.30000000000000004,0.8539301,0,0
1570,31.1,30.509897,0.0,0.0129906535,1.4,1.1313832,0,0
1571,32.1,31.663446,0.0,0.016227443,1.9,1.8919419,0,0
1572,32.5,32.282738,0.0,0.017397832,3.9,2.3949504,0,0
1573,32.3,32.45629,0.0,0.019952934,3.3,3.3939533,0,0
1574,31.7,32.32967,0.0,0.019535892,4.6,3.4313276,0,0
1575,31.4,31.856964,0.0,0.02005014,4.7,3.8646266,0,0
1576,31.2,31.1386,0.0,0.019588264,5.0,3.9060714,0,0
1577,30.4,30.770117,0.0,0.018396348,2.7,3.9485435,0,0
1578,29.9,29.641724,0.0,0.016901301,2.9,2.5472958,0,0
1579,29.7,28.901077,0.0,0.017507156,1.3,2.0781293,0,0
1580,29.6,28.900724,0.0,0.010877522,1.9,1.256339,0,0
1581,29.5,28.635798,0.0,0.011675953,2.1,1.3102994,0,0
1582,29.7,28.803137,0.0,0.011966209,1.1,1.5096768,0,0
1583,29.7,28.695004,0.0,0.010335764,2.0,1.14546,0,0
1584,29.8,28.965492,0.0,0.012284111,1.1,1.5131135,0,0
1585,29.4,28.969038,0.0,0.010271232,1.3,1.2574722,0,0
1586,28.9,28.594938,0.0,0.010056232,0.7,1.1824597,0,0
1587,28.7,28.208931,0.0,0.009669284,0.8,1.0076905,0,0
1588,28.7,27.831886,0.0,0.009082912,0.8,0.9446482,0,0
1589,28.7,28.0372,0.0,0.009916432,0.9,0.96117544,0,0
1590,28.6,28.606836,0.0,0.012076198,0.8,1.0424622,0,0
1591,28.9,29.26969,0.0,0.01413518,0.9,1.1231701,0,0
1592,29.4,29.89963,0.0,0.013023781,0.8,1.3227918,0,0
1593,30.4,30.43241,0.0,0.013246931,0.8,1.4631145,0,0
1594,31.1,30.856853,0.0,0.014794782,2.9,1.6971444,0,0
1595,30.6,31.294598,0.0,0.018762227,2.8,2.8114693,0,0
1596,30.9,31.117004,0.0,0.019071305,2.6,2.9429655,0,0
1597,30.6,30.967432,0.0,0.018418135,2.7,2.7548044,0,0
1598,31.4,30.468317,0.0,0.01700517,2.5,2.5255308,0,0
1599,30.7,30.853168,0.0,0.015357799,2.4,2.3299716,0,0
1600,30.7,29.84196,0.0,0.01608975,2.1,1.9471699,0,0
1601,29.8,29.595848,0.0,0.0133569,1.3,1.649733,0,0
1602,29.5,28.789135,0.0,0.010680173,0.7,1.1845249,0,0
1603,29.1,28.582512,0.0,0.010151136,0.9,0.9278021,0,0
1604,28.9,28.210905,0.0,0.011212701,0.6000000000000001,0.86746687,0,0
1605,28.3,28.132776,0.0,0.012545483,0.7,0.81051564,0,0
1606,27.8,27.955067,0.0,0.008541637,1.4,0.7783538,0,0
1607,27.9,27.54193,0.0,0.008669997,0.5,0.9002709,0,0
1608,27.7,27.505634,0.0,0.007985993,0.8,0.79046,0,0
1609,27.6,27.463408,0.0,0.008050444,0.3999999999999999,0.80852437,0,0
1610,28.4,27.524395,0.0,0.0092449235,0.3999999999999999,0.7441052,0,0
1611,29.4,28.435118,0.0,0.009031311,1.2,0.7830739,0,0
1612,30.2,29.504753,0.0,0.009665715,1.6,1.16578,0,0
1613,30.3,30.464289,0.0,0.014389564,1.4,1.7726365,0,0
1614,32.4,30.430956,0.0,0.015509552,1.9,1.8075576,0,0
1615,32.2,31.61068,0.0,0.01626447,2.7,2.3221936,0,0
1616,31.8,31.737015,0.0,0.016978225,2.8,2.6643982,0,0
1617,32.0,31.387028,0.0,0.01710796,2.8,2.6719007,0,0
1618,32.2,31.476862,0.0,0.015904862,2.5,2.6418865,0,0
1619,31.3,31.231863,0.0,0.015183172,2.6,2.375194,0,0
1620,31.0,30.43763,0.0,0.01496181,3.1,2.1059442,0,0
1621,30.2,30.103868,0.0,0.014684486,1.3,2.0787497,0,0
1622,29.8,28.880342,0.0,0.013446877,0.30000000000000004,1.1196499,0,0
1623,29.7,28.641638,0.0,0.011503038,0.7,0.763332,0,0
1624,29.4,28.749985,0.0,0.008568365,0.30000000000000004,0.8035625,0,0
1625,29.4,28.382755,0.0,0.008336816,0.5,0.7222848,0,0
1626,28.3,28.595243,0.0,0.008788607,1.1,0.7626636,0,0
1627,28.5,27.681814,0.0,0.0093399035,0.8,0.80004203,0,0
1628,28.0,27.780205,0.0,0.007396418,0.7,0.79653966,0,0
1629,27.6,27.242115,0.0,0.007811944,0.9,0.7661128,0,0
1630,27.4,26.960562,0.0,0.008029019,1.3,0.79534674,0,0
1631,27.4,26.922714,0.0,0.009175936,0.5,0.897183,0,0
1632,26.8,27.143637,0.0,0.008910679,1.0,0.8041316,0,0
1633,27.2,27.112082,0.0,0.013186449,0.8,0.86014426,0,0
1634,28.0,28.250818,0.0,0.013636602,1.2,0.90322745,0,0
1635,29.2,29.706844,0.0,0.011969255,0.5,1.2446266,0,0
1636,30.8,29.917469,0.0,0.011411369,0.8,1.1048746,0,0
1637,31.6,30.73464,0.0,0.013833785,2.5,1.3983159,0,0
1638,32.4,31.62801,0.0,0.016739562,2.1,2.3815525,0,0
1639,32.4,31.977886,0.0,0.01665674,3.1,2.4382644,0,0
1640,32.9,32.06207,0.0,0.017144514,2.0,2.7153351,0,0
1641,32.5,31.689009,0.0,0.016046489,3.4,2.1865902,0,0
1642,32.0,31.442097,0.0,0.01608564,2.4,2.4332457,0,0
1643,31.0,30.912167,0.0,0.015097381,2.2,1.9371775,0,0
1644,30.6,29.967321,0.0,0.013320335,1.2,1.5344929,0,0
1645,30.3,29.212147,0.0,0.011649707,0.7,1.0347443,0,0
1646,30.4,29.071049,0.0,0.0113163125,0.7,0.8370693,0,0
1647,30.3,29.209677,0.0,0.011152589,0.3999999999999999,0.8286419,0,0
1648,30.1,29.19267,0.0,0.009555936,0.30000000000000004,0.7754179,0,0
1649,29.9,29.108938,0.0,0.009935406,1.4,0.7527312,0,0
1650,29.6,29.073051,0.0,0.009786253,0.9,0.93063533,0,0
1651,29.5,28.933752,0.0,0.009446365,0.7,0.90184677,0,0
1652,29.2,28.820024,0.0,0.009017779,1.0,0.86736727,0,0
1653,29.4,28.656578,0.0,0.008907898,0.6000000000000001,0.9117204,0,0
1654,29.3,28.891361,0.0,0.008544948,0.8,0.926512,0,0
1655,29.2,28.77758,0.0,0.011577871,0.8,0.9618494,0,0
1656,29.1,29.003874,0.0,0.012719891,0.7,0.94813037,0,0
1657,30.6,29.338675,0.0,0.011880177,1.2,0.9238792,0,0
1658,31.9,31.105717,0.0,0.012911285,1.3,1.3503734,0,0
1659,32.8,32.148697,0.0,0.015442038,1.6,1.7325754,0,0
1660,32.8,32.713478,0.0,0.016764067,1.8,2.1184556,0,0
1661,33.0,32.48243,0.0,0.017502194,2.7,2.2676315,0,0
1662,32.8,32.721054,0.0,0.018821344,3.3,2.6137872,0,0
1663,32.2,32.4087,0.0,0.019409264,3.9,2.8727038,0,0
1664,32.3,31.925894,0.0,0.020042108,2.8,3.16943,0,0
1665,32.2,31.807545,0.0,0.017273694,2.2,2.6949446,0,0
1666,32.6,30.93409,0.0,0.017016152,2.1,1.9220606,0,0
1667,32.7,31.09103,0.0,0.014447932,1.7,1.7271185,0,0
1668,31.2,31.000916,0.0,0.013138787,1.6,1.4897354,0,0
1669,30.8,29.693472,0.0,0.013927123,0.7,1.2150849,0,0
1670,30.1,29.623287,0.0,0.011566073,0.7,0.9356597,0,0
1671,30.1,29.074305,0.0,0.012229348,0.5,0.8228861,0,0
1672,30.3,29.207361,0.0,0.011315073,0.6000000000000001,0.7826896,0,0
1673,30.3,29.660889,0.0,0.010651049,0.9,0.8414893,0,0
1674,30.0,29.932842,0.0,0.010100362,0.6000000000000001,0.9304814,0,0
1675,29.7,29.486185,0.0,0.009578126,0.9,0.88159084,0,0
1676,29.4,29.162424,0.0,0.009533965,0.5,0.908505,0,0
1677,28.8,28.671879,0.0,0.009145484,0.7,0.82171464,0,0
1678,28.0,27.948278,0.0,0.009444849,0.8,0.76494074,0,0
1679,27.8,27.778343,0.0,0.009289937,0.30000000000000004,0.7744237,0,0
1680,27.9,28.113182,0.0,0.008654744,0.7,0.72961617,0,0
1681,29.0,28.538595,0.0,0.011423412,1.0,0.79794073,0,0
1682,31.7,30.16015,0.0,0.011030238,0.5,1.0640079,0,0
1683,32.2,31.881203,0.0,0.013094307,3.5,1.3678801,0,0
1684,32.8,32.481037,0.0,0.019706411,2.7,2.8940089,0,0
1685,33.2,32.71526,0.0,0.019980725,2.2,2.9755971,0,0
1686,32.9,32.682976,0.0,0.019594878,3.7,2.6495996,0,0
1687,33.4,32.49028,0.0,0.020034874,1.9,3.1826673,0,0
1688,32.9,32.207012,0.0,0.017346352,2.6,2.2832193,0,0
1689,32.3,31.884657,0.0,0.016352853,2.9,2.2002327,0,0
1690,32.2,31.318806,0.0,0.016020771,2.7,2.141807,0,0
1691,32.0,31.075628,0.0,0.015076411,3.1,1.9819463,0,0
1692,31.7,30.648046,0.0,0.015609987,1.2,1.9604189,0,0
1693,31.3,30.04874,0.0,0.0110225985,0.6000000000000001,1.1993489,0,0
1694,31.0,29.639715,0.0,0.010983546,1.2,0.87766445,0,0
1695,30.6,29.244017,0.0,0.014792843,1.1,0.9239308,0,0
1696,30.3,29.129696,0.0,0.012670833,0.8,0.91201365,0,0
1697,30.2,29.04048,0.0,0.01194905,0.9,0.84252536,0,0
1698,30.3,29.173443,0.0,0.009985291,0.7,0.8780663,0,0
1699,30.4,29.318192,0.0,0.009204227,1.4,0.91960776,0,0
1700,30.4,29.532034,0.0,0.009393497,1.0,1.1067508,0,0
1701,29.5,29.608862,0.0,0.01001958,0.9,1.0729748,0,0
1702,28.8,28.82311,0.0,0.010856863,1.0,0.92456275,0,0
1703,28.7,28.667837,0.0,0.01160249,0.6000000000000001,0.9086859,0,0
1704,31.0,28.923285,0.0,0.009853865,1.2,0.8430475,0,0
1705,32.2,31.277502,0.0,0.012790827,1.4,1.4105605,0,0
1706,33.1,32.307816,0.0,0.015631666,1.2,1.8676429,0,0
1707,33.4,32.652046,0.0,0.016091939,3.6,1.8998245,0,0
1708,33.4,32.88344,0.0,0.020598186,2.6,3.0679154,0,0
1709,32.5,32.960915,0.0,0.019983597,4.0,2.9230342,0,0
1710,33.5,32.385136,0.0,0.021442926,4.2,3.4804904,0,0
1711,32.8,32.93331,0.0,0.02085146,3.8,3.7586174,0,0
1712,32.1,32.32725,0.0,0.020194124,4.4,3.5304627,0,0
1713,30.8,31.818645,0.0,0.019307913,3.6,3.5590866,0,0
1714,30.6,30.19647,0.0,0.020173278,1.5,2.7442691,0,0
1715,30.5,29.649986,0.0,0.013573135,1.5,1.5383137,0,0
1716,30.6,29.281397,0.0,0.010177298,1.3,1.1927997,0,0
1717,30.2,29.659504,0.0,0.009507188,0.8,1.1020494,0,0
1718,29.7,29.145458,0.0,0.010478038,0.9,0.90603316,0,0
1719,29.7,28.694866,0.0,0.011419211,0.5,0.8693305,0,0
1720,28.5,28.812109,0.0,0.009585059,0.5,0.81298435,0,0
1721,28.1,27.552612,0.0,0.008995617,0.9,0.6974082,0,0
1722,28.0,27.176338,0.0,0.0075385,1.0,0.7424288,0,0
1723,27.8,27.1843,0.0,0.008005005,0.8,0.80830014,0,0
1724,27.6,27.317738,0.0,0.008166132,0.9,0.8076142,0,0
1725,27.4,27.349876,0.0,0.008130362,0.6000000000000001,0.8294798,0,0
1726,27.1,27.48508,0.0,0.008719352,0.8,0.7909808,0,0
1727,27.4,27.67071,0.0,0.009890638,0.7,0.8276094,0,0
1728,28.7,28.291683,0.0,0.01039412,0.9,0.8644936,0,0
1729,31.5,29.52723,0.0,0.0098379515,1.5,1.070461,0,0
1730,33.1,31.840702,0.0,0.014992371,1.9,1.9467275,0,0
1731,33.5,32.76027,0.0,0.017379401,2.4,2.582852,0,0
1732,33.5,32.664288,0.0,0.018428678,2.7,2.7664835,0,0
1733,33.5,32.66542,0.0,0.018081717,2.9,2.770149,0,0
1734,33.0,32.346252,0.0,0.017893221,3.0,2.6390522,0,0
1735,32.9,31.998611,0.0,0.016523203,2.7,2.457296,0,0
1736,32.3,31.741756,0.0,0.015406239,3.2,2.194442,0,0
1737,31.8,31.176788,0.0,0.0151265785,2.6,2.1784656,0,0
1738,31.3,30.283815,0.0,0.015377808,1.6,1.6982079,0,0
1739,31.4,29.745619,0.0,0.0104519855,0.8,1.1965078,0,0
1740,30.4,29.65466,0.0,0.010317728,0.7,0.93050355,0,0
1741,29.1,28.904547,0.0,0.010613366,1.1,0.8285452,0,0
1742,28.4,28.431747,0.0,0.009425268,0.7,0.840024,0,0
1743,28.3,27.745726,0.0,0.010058422,1.0,0.76451564,0,0
1744,28.1,27.93918,0.0,0.009037334,1.4,0.8386185,0,0
1745,27.8,27.861126,0.0,0.008747071,1.2,0.96335715,0,0
1746,27.4,27.454105,0.0,0.008373656,1.8,0.9471487,0,0
1747,27.2,26.90675,0.0,0.008857276,1.4,1.1264846,0,0
1748,27.1,26.870749,0.0,0.008563177,1.4,1.0999535,0,0
1749,26.6,26.760656,0.0,0.008734207,1.0,1.0834888,0,0
1750,26.9,26.382193,0.0,0.008726699,1.4,0.93990076,0,0
1751,27.0,27.129995,0.0,0.009220494,1.4,1.0897388,0,0
1752,27.7,27.703514,0.0,0.011043077,1.1,1.2015238,0,0
1753,29.0,28.544483,0.0,0.010663123,0.8,1.1652122,0,0
1754,31.0,29.774307,0.0,0.010224731,0.7,1.1853114,0,0
1755,32.6,31.187304,0.0,0.014121836,1.0,1.4573256,0,0
1756,33.4,31.990046,0.0,0.015465481,2.0,1.8050301,0,0
1757,33.0,32.544846,0.0,0.017059239,2.5,2.3019938,0,0
1758,32.6,32.347427,0.0,0.018153487,2.6,2.4708748,0,0
1759,32.5,32.102745,0.0,0.017139375,2.8,2.403663,0,0
1760,32.7,31.820398,0.0,0.016404508,2.4,2.3526752,0,0
1761,31.8,31.492628,0.0,0.01571675,1.0,2.0451815,0,0
1762,28.3,30.051832,0.0,0.014459983,2.6,1.218664,0,0
1763,26.5,28.351336,5.499999999999999,0.02645459,1.6,1.5554291,1,0
1764,26.2,25.135159,2.5,2.8628266,1.3,1.1409014,1,1
1765,25.9,25.512484,1.0,0.98300874,2.1,0.9692786,1,0
1766,25.7,25.154072,2.5,0.89104855,1.6,1.2669921,1,1
1767,25.7,25.424845,0.5,0.9075949,1.1,1.2505605,1,1
1768,25.6,25.349129,0.0,0.1444077,0.8,1.0060298,0,0
1769,25.6,25.403316,0.0,0.012787335,1.0,0.85938156,0,0
1770,25.5,25.355537,0.0,0.009716825,1.0,0.84563935,0,0
1771,25.6,25.204243,0.0,0.008120042,1.0,0.8330326,0,0
1772,25.6,25.36414,0.0,0.00643102,1.1,0.84934807,0,0
1773,25.6,25.346281,0.0,0.006366133,0.7,0.86795163,0,0
1774,25.6,25.152946,0.0,0.0062371083,0.9,0.77183104,0,0
1775,25.8,25.430943,0.0,0.0063711717,1.4,0.80938685,0,0
1776,27.2,25.915838,0.0,0.007817722,1.5,1.0089539,0,0
1777,29.4,27.7157,0.0,0.008657739,1.7,1.245602,0,0
1778,31.8,30.301487,0.0,0.012856354,0.3999999999999999,1.7742186,0,0
1779,33.4,31.624842,0.0,0.012482583,1.2,1.4372463,0,0
1780,32.1,32.28848,0.0,0.0154487,1.5,1.9172465,0,0
1781,32.6,31.417326,0.0,0.015631415,1.4,1.8652594,0,0
1782,33.7,31.458523,0.0,0.014521696,2.0,1.7248911,0,0
1783,33.5,31.834448,0.0,0.014524054,2.3,1.8662142,0,0
1784,33.6,31.612858,0.0,0.014260592,2.0,1.8671213,0,0
1785,32.6,31.363594,0.0,0.012800881,1.8,1.6114655,0,0
1786,30.9,30.536697,0.0,0.011128907,1.9,1.3121381,0,0
1787,30.9,29.38006,0.0,0.009650726,1.5,1.1594311,0,0
1788,30.5,29.31024,0.0,0.008323767,1.2,1.0567751,0,0
1789,30.1,29.016727,0.0,0.007188844,0.7,0.9511608,0,0
1790,28.9,28.132738,0.0,0.014197053,1.6,0.8273171,0,0
1791,29.0,27.469685,0.0,0.010034622,0.5,0.95016325,0,0
1792,28.7,27.834698,0.0,0.007573321,1.2,0.76950383,0,0
1793,28.4,27.832338,0.0,0.007921131,1.4,0.88329184,0,0
1794,28.0,27.567286,0.0,0.008041026,1.4,0.9537467,0,0
1795,28.1,27.546288,0.0,0.007811126,1.4,1.009484,0,0
1796,27.6,27.712305,0.0,0.007882052,1.3,1.0700905,0,0
1797,27.5,27.465004,0.0,0.008628847,1.0,1.0390083,0,0
1798,27.1,27.678411,0.0,0.0076297787,0.5,0.9660158,0,0
1799,27.4,27.264437,0.0,0.008018589,0.6000000000000001,0.8159069,0,0
1800,28.5,27.63626,0.0,0.007289386,0.7,0.8311182,0,0
1801,30.3,28.842525,0.0,0.008111634,0.7,0.9334155,0,0
1802,32.0,30.37854,0.0,0.009176658,0.9,1.0766585,0,0
1803,32.8,31.796272,0.0,0.012667576,1.3,1.3980851,0,0
1804,32.3,32.281445,0.0,0.016240258,1.4,1.8577828,0,0
1805,33.1,32.04582,0.0,0.016863422,1.6,1.9673932,0,0
1806,33.1,32.332638,0.0,0.016154522,2.6,2.056554,0,0
1807,33.4,32.269592,0.0,0.016270345,2.5,2.2849648,0,0
1808,32.6,32.2334,0.0,0.015417001,2.9,2.2099142,0,0
1809,32.6,31.555235,0.0,0.014961594,2.3,2.1404521,0,0
1810,32.5,31.125618,0.0,0.013500202,1.6,1.764467,0,0
1811,31.5,30.575222,0.0,0.011036754,1.7,1.3095298,0,0
1812,30.7,29.655209,0.0,0.0095508965,2.0,1.0766509,0,0
1813,30.1,28.910486,0.0,0.015195142,1.8,1.0531462,0,0
1814,30.0,28.777042,0.0,0.010884124,0.5,1.0690591,0,0
1815,29.7,28.668207,0.0,0.008561884,0.9,0.86272305,0,0
1816,29.7,28.41884,0.0,0.009741473,0.10000000000000009,0.86746454,0,0
1817,29.2,28.520313,0.0,0.0075372164,1.0,0.7411492,0,0
1818,28.7,28.296865,0.0,0.0076852078,0.5,0.8067163,0,0
1819,28.8,27.779764,0.0,0.007406356,0.7,0.74270415,0,0
1820,28.9,27.86822,0.0,0.0072056456,1.0,0.77555025,0,0
1821,28.8,28.231821,0.0,0.00770986,0.9,0.8680298,0,0
1822,28.5,28.107979,0.0,0.008923101,0.5,0.853217,0,0
1823,28.5,28.229034,0.0,0.008421056,0.8,0.7876456,0,0
1824,28.8,28.711266,0.0,0.009261358,1.1,0.85037565,0,0
1825,30.5,29.328142,0.0,0.009840525,0.7,1.0015136,0,0
1826,30.7,30.59633,0.0,0.010253204,0.9,1.1726311,0,0
1827,31.7,30.896048,0.0,0.013070509,1.0,1.4556776,0,0
1828,33.1,31.4504,0.0,0.014346949,2.1,1.7806014,0,0
1829,33.2,32.128174,0.0,0.015590745,1.7,2.3078642,0,0
1830,32.7,32.000362,0.0,0.015237907,2.3,2.121746,0,0
1831,32.1,31.725636,0.0,0.015017529,1.7,2.0599313,0,0
1832,31.5,30.954113,0.0,0.012925737,1.5,1.5724778,0,0
1833,31.3,29.760485,0.0,0.013443738,0.9,1.1498615,0,0
1834,30.1,29.725376,0.0,0.009686194,1.3,0.96900475,0,0
1835,31.0,29.227573,0.0,0.008597913,1.1,0.9655417,0,0
1836,30.4,29.637636,0.0,0.008840601,1.0,0.9858688,0,0
1837,30.1,29.079578,0.0,0.01127512,0.5,0.9232726,0,0
1838,29.7,29.202337,0.0,0.008801663,1.5,0.82718396,0,0
1839,29.6,28.94059,0.0,0.011365984,0.7,1.0061747,0,0
1840,28.9,29.123756,0.0,0.009625007,0.5,0.90218395,0,0
1841,28.9,28.25109,0.0,0.008753162,0.3999999999999999,0.7781193,0,0
1842,28.7,28.168814,0.0,0.007708178,0.7,0.749501,0,0
1843,27.9,28.033573,0.0,0.0076789875,1.2,0.7993481,0,0
1844,27.7,27.537758,0.0,0.008761399,0.7,0.87868416,0,0
1845,27.7,27.504547,0.0,0.008569944,0.9,0.8206576,0,0
1846,27.0,27.871836,0.0,0.008517322,1.0,0.86932737,0,0
1847,27.3,27.513983,0.0,0.008879664,1.4,0.8906858,0,0
1848,28.3,28.13724,0.0,0.011774039,0.6000000000000001,1.0700881,0,0
1849,30.7,29.380844,0.0,0.010127263,0.7,0.9963272,0,0
1850,32.1,31.393564,0.0,0.011803188,1.8,1.2908128,0,0
1851,33.8,32.39672,0.0,0.016127773,2.2,2.0054843,0,0
1852,34.7,33.42523,0.0,0.017893745,1.7,2.5051782,0,0
1853,33.4,34.01074,0.0,0.017356232,2.5,2.4111762,0,0
1854,34.2,32.97525,0.0,0.018514587,2.9,2.49494,0,0
1855,33.6,33.490627,0.0,0.017688984,2.9,2.5990694,0,0
1856,33.5,32.75886,0.0,0.01673086,3.1,2.4962502,0,0
1857,33.1,32.550762,0.0,0.016042573,2.5,2.487258,0,0
1858,32.7,31.825014,0.0,0.014889171,2.1,2.0023575,0,0
1859,31.2,30.655386,0.0,0.013900845,1.9,1.4520894,0,0
1860,30.0,29.95404,0.0,0.012202793,0.8,1.302629,0,0
1861,31.1,28.854809,0.0,0.013060803,0.9,0.8673108,0,0
1862,31.1,29.73205,0.0,0.009274593,1.8,0.89316505,0,0
1863,30.3,30.424625,0.0,0.011513437,1.5,1.2803032,0,0
1864,30.3,29.304115,0.0,0.011010095,1.2,1.1389962,0,0
1865,30.0,29.56068,0.0,0.009177226,1.6,1.1041253,0,0
1866,30.3,29.277956,0.0,0.010070922,1.4,1.217934,0,0
1867,30.4,29.596096,0.0,0.010417822,1.6,1.2850689,0,0
1868,30.1,29.608595,0.0,0.01173547,1.3,1.3924098,0,0
1869,29.9,29.11347,0.0,0.012060055,0.9,1.2136214,0,0
1870,29.8,29.35807,0.0,0.009676768,0.9,1.0675837,0,0
1871,30.7,29.738218,0.0,0.010654145,1.1,1.1030778,0,0
1872,31.6,31.229586,0.0,0.013550953,2.1,1.468691,0,0
1873,32.8,32.237587,0.0,0.017795859,3.1,2.2958822,0,0
1874,33.9,33.27795,0.0,0.020561557,2.3,3.2147384,0,0
1875,33.7,33.996685,0.0,0.020619987,5.2,3.1661844,0,0
1876,33.3,33.710217,0.0,0.022893488,4.3,4.3645363,0,0
1877,33.1,33.57354,0.0,0.022817742,5.3,4.482329,0,0
1878,33.6,33.001892,0.0,0.023767656,4.2,4.6877465,0,0
1879,32.6,33.17162,0.0,0.02154146,6.7,4.3833265,0,0
1880,32.4,32.616272,0.0,0.023837138,4.4,4.9477353,0,0
1881,32.3,32.09625,0.0,0.021726457,2.7,4.481814,0,0
1882,31.5,31.515404,0.0,0.01710713,2.8,3.0188484,0,0
1883,31.2,30.571518,0.0,0.0152153475,2.4,2.3520248,0,0
1884,30.9,30.225368,0.0,0.014497598,2.7,1.9549971,0,0
1885,30.6,29.679874,0.0,0.015150261,0.8,1.926125,0,0
1886,30.3,29.290869,0.0,0.011101699,0.8,1.061257,0,0
1887,30.1,29.147556,0.0,0.009592455,1.5,0.9132749,0,0
1888,30.0,29.215384,0.0,0.008919575,1.2,1.0848509,0,0
1889,29.8,29.05601,0.0,0.008797646,0.7,1.0674144,0,0
1890,29.2,28.803518,0.0,0.008613254,0.7,0.9543193,0,0
1891,29.1,28.36981,0.0,0.008579518,0.9,0.87108254,0,0
1892,28.7,28.421001,0.0,0.008014577,1.1,0.93609196,0,0
1893,28.7,28.189827,0.0,0.008878913,0.5,0.98122716,0,0
1894,28.6,28.312986,0.0,0.009348479,0.8,0.8795187,0,0
1895,29.2,28.639591,0.0,0.010763531,0.6000000000000001,0.94493306,0,0
1896,30.9,29.646124,0.0,0.009964533,1.8,1.0134672,0,0
1897,33.7,31.913729,0.0,0.015751926,1.2,2.2278473,0,0
1898,33.9,33.159897,0.0,0.018038534,1.9,2.6697805,0,0
1899,33.2,33.51724,0.0,0.019514712,3.0,3.0896957,0,0
1900,32.8,32.61791,0.0,0.021839734,2.9,3.3023503,0,0
1901,33.2,32.705563,0.0,0.019980336,2.4,3.182831,0,0
1902,33.8,32.707474,0.0,0.018278867,3.0,2.7183306,0,0
1903,33.3,32.620274,0.0,0.017414061,2.1,2.6698415,0,0
1904,32.0,32.100285,0.0,0.015456424,2.3,2.040362,0,0
1905,31.5,30.755682,0.0,0.01456619,2.2,1.6573987,0,0
1906,31.5,30.338373,0.0,0.012988171,2.9,1.4737552,0,0
1907,31.0,30.316952,0.0,0.01468059,1.4,1.7353227,0,0
1908,30.8,30.018349,0.0,0.0118507035,1.1,1.2584138,0,0
1909,30.5,29.485455,0.0,0.019020844,0.7,1.0297422,0,0
1910,30.3,29.657612,0.0,0.01076713,0.8,0.89429337,0,0
1911,30.4,29.544043,0.0,0.011188876,0.6000000000000001,0.88356125,0,0
1912,30.3,29.774546,0.0,0.009768365,0.6000000000000001,0.89719564,0,0
1913,29.6,29.42555,0.0,0.009447369,0.30000000000000004,0.902837,0,0
1914,29.6,28.277563,0.0,0.009880959,0.7,0.715744,0,0
1915,29.2,29.041119,0.0,0.009171083,1.1,0.8877267,0,0
1916,29.0,28.772724,0.0,0.010810319,0.7,0.9621122,0,0
1917,28.9,28.700281,0.0,0.00983281,0.9,0.89233387,0,0
1918,28.7,28.88002,0.0,0.010875241,0.6000000000000001,0.9172083,0,0
1919,30.1,28.984018,0.0,0.011921145,0.9,0.85095537,0,0
1920,31.5,30.784077,0.0,0.013043312,1.6,1.1426245,0,0
1921,32.7,32.264484,0.0,0.016135605,1.2,1.8062525,0,0
1922,34.6,32.802063,0.0,0.017000904,1.1,1.9398003,0,0
1923,33.8,33.65542,0.0,0.016861849,2.5,2.1281137,0,0
1924,32.9,33.06445,0.0,0.019936277,3.0,2.5480978,0,0
1925,31.6,32.456776,0.0,0.021031605,3.3,2.733742,0,0
1926,31.3,31.292446,0.0,0.021059068,2.3,2.7463105,0,0
1927,31.2,31.160599,0.0,0.016734425,1.5,2.179355,0,0
1928,30.8,30.348398,0.0,0.014234085,1.3,1.5022074,0,0
1929,31.1,29.232626,0.0,0.023588965,1.4,1.0783181,0,0
1930,31.5,29.535578,0.0,0.0143828085,1.2,1.0780312,0,0
1931,30.1,30.359497,0.0,0.011371594,0.7,1.1395955,0,0
1932,29.7,28.915123,0.0,0.014175634,1.3,0.869077,0,0
1933,30.4,28.713362,0.0,0.015483247,0.30000000000000004,1.0136416,0,0
1934,29.2,29.662197,0.0,0.010190112,1.1,0.83654344,0,0
1935,29.0,28.269495,0.0,0.013991782,0.9,0.8903228,0,0
1936,28.3,28.536547,0.0,0.010158267,0.9,0.87655103,0,0
1937,28.2,27.854935,0.0,0.009493601,1.6,0.8335085,0,0
1938,27.7,27.83788,0.0,0.008626128,1.0,1.0331914,0,0
1939,27.5,27.13255,0.0,0.009003147,0.6000000000000001,0.92543054,0,0
1940,27.1,27.047815,0.0,0.00874718,1.2,0.813897,0,0
1941,26.9,27.01278,0.0,0.008664047,1.0,0.9164014,0,0
1942,27.2,27.104702,0.0,0.010573784,1.0,0.935952,0,0
1943,29.0,27.841919,0.0,0.012949669,1.0,1.0103505,0,0
1944,30.7,30.024256,0.0,0.011446286,0.9,1.2282519,0,0
1945,32.4,31.26086,0.0,0.014221592,1.2,1.4403425,0,0
1946,32.7,32.00236,0.0,0.016853113,2.5,1.8484616,0,0
1947,33.0,32.35873,0.0,0.018178131,1.8,2.4351614,0,0
1948,32.9,32.037167,0.0,0.017685762,1.9,2.1950374,0,0
1949,33.7,31.862375,0.0,0.0165164,1.8,2.0469246,0,0
1950,33.9,31.974972,0.0,0.0151216015,2.4,1.9086806,0,0
1951,33.4,32.00671,0.0,0.01460322,2.7,1.9212269,0,0
1952,31.9,31.377262,0.0,0.014124926,2.1,1.8308545,0,0
1953,30.1,30.314075,0.0,0.0117623545,2.3,1.3958406,0,0
1954,30.7,28.78323,0.0,0.011132485,1.4,1.2795458,0,0
1955,30.2,29.083355,0.0,0.0085181035,0.30000000000000004,1.0205982,0,0
1956,29.5,28.617239,0.0,0.006993943,1.1,0.7429085,0,0
1957,29.0,27.921103,0.0,0.011508101,1.1,0.83604276,0,0
1958,28.3,27.955585,0.0,0.008993855,1.3,0.87634176,0,0
1959,28.2,27.450434,0.0,0.009042542,1.3,0.9449912,0,0
1960,27.9,27.501318,0.0,0.0073770126,1.2,0.96835625,0,0
1961,27.7,27.140408,0.0,0.0073646368,1.5,0.95365703,0,0
1962,27.5,26.970707,0.0,0.0072303084,1.5,1.0342164,0,0
1963,27.4,26.853716,0.0,0.006908254,0.9,1.0809017,0,0
1964,27.2,26.745823,0.0,0.0063579907,1.5,0.9343445,0,0
1965,27.3,26.614061,0.0,0.007279577,1.2,1.0351242,0,0
1966,27.3,27.013441,0.0,0.007024055,1.3,1.010293,0,0
1967,28.7,27.311005,0.0,0.007198037,0.8,1.0496712,0,0
1968,30.9,28.821795,0.0,0.0075005735,1.2,1.0357138,0,0
1969,32.7,30.94241,0.0,0.01232874,1.0,1.465852,0,0
1970,33.5,32.27545,0.0,0.015737671,2.1,1.9946008,0,0
1971,33.6,32.99384,0.0,0.017345937,1.8,2.5377,0,0
1972,33.5,32.973946,0.0,0.017098386,2.2,2.4869797,0,0
1973,33.9,32.85166,0.0,0.01677745,2.9,2.45138,0,0
1974,33.2,32.741245,0.0,0.016813964,2.4,2.5457,0,0
1975,33.3,32.189785,0.0,0.015308156,2.3,2.1621947,0,0
1976,33.2,31.776793,0.0,0.01408277,1.0,1.8571689,0,0
1977,33.0,31.31834,0.0,0.010471555,0.9,1.2659488,0,0
1978,32.6,30.829844,0.0,0.007991086,1.0,1.0213438,0,0
1979,32.3,30.470678,0.0,0.006609826,0.5,0.91597,0,0
1980,32.2,30.260086,0.0,0.0066563673,0.5,0.8027772,0,0
1981,30.8,30.268232,0.0,0.0068371035,0.9,0.78194404,0,0
1982,30.3,28.88753,0.0,0.008251044,1.0,0.7680912,0,0
1983,29.7,28.852861,0.0,0.007757901,1.0,0.8051914,0,0
1984,29.0,28.63562,0.0,0.007333613,1.4,0.8108468,0,0
1985,28.8,28.239532,0.0,0.0077275676,1.0,0.91163486,0,0
1986,28.5,28.109407,0.0,0.0075399675,0.9,0.8930798,0,0
1987,28.1,28.015913,0.0,0.007520177,0.6000000000000001,0.87928665,0,0
1988,27.7,27.669655,0.0,0.007732253,0.9,0.8015052,0,0
1989,27.3,27.666256,0.0,0.0084041525,0.8,0.83333516,0,0
1990,27.2,27.604599,0.0,0.008719322,1.1,0.82671285,0,0
1991,28.6,28.062271,0.0,0.009088558,1.0,0.9238273,0,0
1992,30.2,29.58259,0.0,0.009751348,1.0,1.0414777,0,0
1993,32.3,30.858524,0.0,0.011946938,1.1,1.2522911,0,0
1994,32.3,32.697548,0.0,0.014737001,1.0,1.6281176,0,0
1995,33.2,32.561028,0.0,0.015717862,1.6,1.7397492,0,0
1996,34.0,32.636776,0.0,0.016564442,2.3,2.053765,0,0
1997,33.9,33.04858,0.0,0.016592706,2.0,2.2726057,0,0
1998,33.8,32.747253,0.0,0.015814878,1.2,2.0556576,0,0
1999,32.9,31.955969,0.0,0.01344934,3.0,1.5074271,0,0
2000,32.0,31.605051,0.0,0.014623234,2.4,1.8358619,0,0
2001,32.2,31.069117,0.0,0.013002519,1.6,1.6197374,0,0
2002,31.2,30.614105,0.0,0.010569725,0.8,1.2197534,0,0
2003,31.0,29.568842,0.0,0.011108008,0.6000000000000001,0.86406404,0,0
2004,31.0,29.489094,0.0,0.009310672,0.7,0.80547214,0,0
2005,30.8,29.727907,0.0,0.008612878,0.3999999999999999,0.82897055,0,0
2006,30.6,29.621994,0.0,0.009312785,0.7,0.78668404,0,0
2007,30.4,29.576302,0.0,0.01025622,0.8,0.8381643,0,0
2008,30.1,29.720264,0.0,0.009284353,0.30000000000000004,0.8771456,0,0
2009,29.6,29.40966,0.0,0.008687334,0.30000000000000004,0.7794697,0,0
2010,29.5,28.930483,0.0,0.008619875,0.10000000000000009,0.7421063,0,0
2011,29.4,28.726665,0.0,0.008416236,0.8,0.652833,0,0
2012,28.5,28.840708,0.0,0.008924326,0.7,0.7824516,0,0
2013,28.0,28.2975,0.0,0.008757785,1.1,0.7572007,0,0
2014,28.0,28.130733,0.0,0.0101959035,0.9,0.8471067,0,0
2015,29.2,28.597633,0.0,0.010779571,0.8,0.87575155,0,0
2016,30.8,29.86762,0.0,0.011367427,1.7,0.9584752,0,0
2017,31.0,31.514647,0.0,0.014618914,1.6,1.5738419,0,0
2018,32.9,31.934444,0.0,0.016145842,2.2,1.9051695,0,0
2019,33.3,32.72866,0.0,0.017839419,2.7,2.4243324,0,0
2020,33.0,32.841286,0.0,0.019011928,1.7,2.724199,0,0
2021,33.4,32.250595,0.0,0.017866908,1.5,2.177563,0,0
2022,33.5,32.203014,0.0,0.016016161,2.9,1.9012243,0,0
2023,33.0,32.207714,0.0,0.01631192,2.0,2.2228181,0,0
2024,31.3,31.430319,0.0,0.015159188,1.2,1.771932,0,0
2025,28.6,29.77132,0.0,0.014289365,1.4,1.1351349,0,0
2026,30.0,28.553215,0.0,0.009814523,0.8,0.94954413,0,0
2027,29.6,28.63533,0.0,0.013755232,1.3,0.8324213,0,0
2028,28.9,28.4702,0.0,0.011492527,1.5,0.9291875,0,0
2029,28.6,28.080156,0.0,0.011298508,1.6,1.0302587,0,0
2030,28.3,27.826649,0.0,0.009357185,0.9,1.0778327,0,0
2031,28.4,27.49708,0.0,0.009189834,0.19999999999999996,0.901269,0,0
2032,27.6,27.565956,0.0,0.008351715,1.4,0.7728623,0,0
2033,27.7,26.737562,0.0,0.009597478,1.5,0.89059424,0,0
2034,27.2,27.373314,0.0,0.007927759,1.3,1.0305408,0,0
2035,27.3,26.853529,0.0,0.00894095,0.9,0.99336755,0,0
2036,27.2,27.005472,0.0,0.007500907,1.1,0.91458464,0,0
2037,26.9,26.932583,0.0,0.00872611,0.9,0.9259334,0,0
2038,27.1,26.944283,0.0,0.008061728,1.3,0.88804394,0,0
2039,28.7,27.455263,0.0,0.009386887,1.3,1.0199014,0,0
2040,30.8,29.39464,0.0,0.010677619,1.8,1.2478743,0,0
2041,32.6,31.442217,0.0,0.015640812,0.8,1.9955071,0,0
2042,33.3,32.312443,0.0,0.015478229,2.1,1.7200613,0,0
2043,33.9,33.018345,0.0,0.01803257,2.3,2.43032,0,0
2044,33.1,33.387115,0.0,0.019478843,2.6,2.6814625,0,0
2045,33.7,32.85935,0.0,0.019446174,2.6,2.7661054,0,0
2046,33.3,33.071224,0.0,0.01820475,3.3,2.6573236,0,0
2047,34.9,32.643257,0.0,0.01773159,1.4,2.8410668,0,0
2048,30.4,32.29325,0.0,0.014815151,1.9,1.7406139,0,0
2049,32.6,30.595106,0.0,0.011796704,1.6,1.4358658,0,0
2050,31.3,30.688564,0.0,0.01072581,1.7,1.3095139,0,0
2051,30.1,29.393694,0.0,0.010448225,1.4,1.1654146,0,0
2052,29.6,28.917835,0.0,0.008722533,1.7,0.9757902,0,0
2053,29.0,28.524603,0.0,0.008895465,1.1,1.0990064,0,0
2054,28.7,28.105457,0.0,0.008735996,1.0,0.90174633,0,0
2055,27.9,27.96159,0.0,0.00825071,1.2,0.85719097,0,0
2056,27.4,27.368069,0.0,0.007330836,1.1,0.87453735,0,0
2057,27.2,26.91652,0.0,0.0076252967,1.3,0.87797266,0,0
2058,26.8,26.822805,0.0,0.00746243,1.0,0.9448133,0,0
2059,26.6,26.348717,0.0,0.006932858,1.1,0.88894147,0,0
2060,26.5,25.943848,0.0,0.008016947,1.4,0.88475937,0,0
2061,26.4,26.256334,0.0,0.009308814,1.3,0.99890107,0,0
2062,26.7,26.7048,0.0,0.009134477,0.9,1.0444942,0,0
2063,28.3,27.621307,0.0,0.009600123,0.6000000000000001,0.986909,0,0
2064,30.6,29.440493,0.0,0.010482804,1.1,1.0207269,0,0
2065,31.0,31.415144,0.0,0.013035219,1.9,1.4797184,0,0
2066,33.4,31.588358,0.0,0.017103372,2.4,2.1449878,0,0
2067,33.0,33.055878,0.0,0.018333185,2.4,2.7215083,0,0
2068,32.6,32.944233,0.0,0.018374676,2.6,2.7618258,0,0
2069,32.9,32.327553,0.0,0.017703312,3.0,2.6989636,0,0
2070,31.2,32.29378,0.0,0.016699923,1.4,2.7255921,0,0
2071,28.7,30.228003,0.0,0.014831025,2.1,1.4866669,0,0
2072,28.1,29.216953,0.0,0.010670048,1.7,1.4257635,0,0
2073,27.9,27.257368,0.0,0.029308118,1.3,1.0858722,0,0
2074,27.5,27.00129,0.0,0.009188076,2.0,0.94511896,0,0
2075,27.9,26.636799,0.0,0.008374426,1.1,1.2638767,0,0
2076,27.4,27.178211,0.0,0.007966148,1.3,1.0326132,0,0
2077,27.4,26.973782,0.0,0.0077553107,1.6,1.0296206,0,0
2078,26.5,27.343817,0.0,0.008791118,1.1,1.2240986,0,0
2079,26.3,26.252222,0.0,0.007947486,1.1,0.98415595,0,0
2080,25.7,25.857622,0.0,0.0094575295,1.2,0.9427227,0,0
2081,25.4,25.546307,0.0,0.007999723,1.1,0.958051,0,0
2082,25.3,25.235199,0.0,0.007504326,1.1,0.95944273,0,0
2083,25.0,25.0586,0.0,0.0087531395,1.0,0.9721759,0,0
2084,24.8,24.857634,0.0,0.009725329,1.0,0.94145375,0,0
2085,25.0,25.373577,0.0,0.010835169,1.3,1.0060384,0,0
2086,26.8,26.181034,0.0,0.012704604,1.1,1.2996591,0,0
2087,30.3,28.629992,0.0,0.011452099,0.6000000000000001,1.3760839,0,0
2088,32.2,30.860722,0.0,0.012773615,1.8,1.4873967,0,0
2089,32.4,31.777401,0.0,0.01667482,2.3,2.2684216,0,0
2090,34.1,31.894062,0.0,0.018443258,1.8,2.6484523,0,0
2091,33.8,32.88373,0.0,0.016968716,2.6,2.4974024,0,0
2092,33.4,32.7305,0.0,0.017515142,2.6,2.6190841,0,0
2093,33.1,32.273365,0.0,0.016341787,2.2,2.4176784,0,0
2094,32.3,31.758804,0.0,0.014849381,3.3,1.9501241,0,0
2095,31.8,31.109709,0.0,0.014787546,2.9,2.1623583,0,0
2096,31.5,30.525614,0.0,0.014009913,2.5,1.9203956,0,0
2097,31.1,30.040243,0.0,0.01247214,0.9,1.5883422,0,0
2098,30.7,29.518686,0.0,0.009276363,0.8,0.9367162,0,0
2099,29.8,29.295885,0.0,0.008211351,1.5,0.83052754,0,0
2100,29.3,28.629446,0.0,0.009017437,0.8,0.9442868,0,0
2101,29.3,28.393421,0.0,0.007612704,0.8,0.8349023,0,0
2102,28.5,28.3438,0.0,0.0076334197,1.3,0.81914556,0,0
2103,28.2,27.682226,0.0,0.008475897,0.7,0.8907946,0,0
2104,27.8,27.59591,0.0,0.007926722,0.9,0.81118107,0,0
2105,27.6,27.47517,0.0,0.007847247,0.6000000000000001,0.81974375,0,0
2106,27.3,27.323013,0.0,0.0073113567,1.2,0.7806219,0,0
2107,27.3,27.173685,0.0,0.008674024,0.9,0.8819972,0,0
2108,27.0,27.553474,0.0,0.009450369,0.9,0.87986046,0,0
2109,26.9,27.39593,0.0,0.008998644,0.7,0.8708704,0,0
2110,29.0,27.685896,0.0,0.010746948,0.9,0.8490875,0,0
2111,31.3,29.85435,0.0,0.010756428,1.0,1.1072086,0,0
2112,32.0,31.933012,0.0,0.014799505,2.6,1.6299888,0,0
2113,32.3,32.570816,0.0,0.0186926,2.9,2.6704233,0,0
2114,33.2,32.54727,0.0,0.019103585,2.8,3.016331,0,0
2115,33.6,32.73001,0.0,0.018914508,2.4,3.0181186,0,0
2116,32.4,32.552746,0.0,0.017911987,4.0,2.6024275,0,0
2117,30.8,31.968616,0.0,0.01777951,2.4,3.0628252,0,0
2118,30.9,30.525692,0.0,0.015616755,2.8,2.19912,0,0
2119,30.7,30.133545,0.0,0.014388145,1.7,1.9963273,0,0
2120,30.5,29.313515,0.0,0.010886429,1.6,1.3204234,0,0
2121,30.7,29.077847,0.0,0.008187265,1.2,1.0794221,0,0
2122,30.4,29.091646,0.0,0.0075058383,0.9,0.9636996,0,0
2123,28.0,28.897036,0.0,0.0077309883,1.2,0.85953677,0,0
2124,27.7,27.700752,0.0,0.0080446405,1.2,0.8181571,0,0
2125,27.6,27.642984,0.0,0.006370411,0.7,0.8929184,0,0
2126,26.8,27.086061,0.0,0.0064686327,0.8,0.8139229,0,0
2127,26.8,26.28168,0.0,0.0069136075,1.1,0.76574314,0,0
2128,26.7,26.397291,0.0,0.006955016,0.8,0.8399236,0,0
2129,26.6,26.454453,0.0,0.007139194,0.9,0.81648326,0,0
2130,26.5,26.459148,0.0,0.0072948597,0.30000000000000004,0.8400724,0,0
2131,28.2,26.689352,0.0,0.0074704047,1.1,0.75344217,0,0
2132,31.2,28.498165,0.0,0.008795549,0.9,1.0246418,0,0
2133,32.9,31.04259,0.0,0.012580859,2.0,1.5217705,0,0
2134,32.8,32.527416,0.0,0.01731013,3.3,2.5772183,0,0
2135,33.4,32.491463,0.0,0.019900827,3.8,3.3279133,0,0
2136,33.0,32.75758,0.0,0.021090848,3.6,3.8698146,0,0
2137,32.0,32.59426,0.0,0.020904498,3.9,3.8090594,0,0
2138,31.8,31.991186,0.0,0.020493675,3.6,3.6762278,0,0
2139,32.2,31.60557,0.0,0.01906061,3.7,3.334768,0,0
2140,32.2,31.536963,0.0,0.017448658,1.4,3.142983,0,0
2141,32.2,31.041122,0.0,0.014424275,1.7,1.8982062,0,0
2142,32.0,30.449072,0.0,0.012267931,1.2,1.4604278,0,0
2143,31.1,30.13092,0.0,0.009334511,1.0,1.1142254,0,0
2144,30.7,29.565992,0.0,0.00931139,0.6000000000000001,0.93498,0,0
2145,30.6,29.516447,0.0,0.008743712,1.0,0.8330622,0,0
2146,29.6,29.589111,0.0,0.009036525,1.4,0.90664953,0,0
2147,29.7,28.739344,0.0,0.009054659,1.3,0.95685107,0,0
2148,29.2,28.846622,0.0,0.008447338,0.5,1.0213032,0,0
2149,29.6,28.35539,0.0,0.008860054,0.9,0.89639825,0,0
2150,28.6,28.757305,0.0,0.008535893,1.0,0.9544207,0,0
2151,28.9,27.855932,0.0,0.008822103,0.6000000000000001,0.9201894,0,0
2152,28.9,28.533785,0.0,0.008345641,0.9,0.9282899,0,0
2153,29.6,28.738455,0.0,0.011090981,1.4,1.0309435,0,0
2154,29.4,30.337519,0.0,0.013345104,0.6000000000000001,1.5122671,0,0
2155,30.5,30.128145,0.0,0.012454476,1.7,1.2262653,0,0
2156,31.8,31.533218,0.0,0.016116679,1.8,2.019917,0,0
2157,32.8,32.195053,0.0,0.01763636,2.7,2.4155562,0,0
2158,32.9,32.809937,0.0,0.01991106,2.7,3.0309381,0,0
2159,33.4,32.75163,0.0,0.020713251,2.7,3.1389108,0,0
2160,33.9,32.98227,0.0,0.020429324,2.3,3.133679,0,0
2161,34.1,33.286747,0.0,0.019014465,3.0,2.8006637,0,0
2162,33.3,33.156136,0.0,0.018891048,3.1,2.9163852,0,0
2163,33.4,32.236923,0.0,0.018305399,3.1,2.6549602,0,0
2164,32.7,32.212006,0.0,0.016578924,2.6,2.4772203,0,0
2165,32.2,31.558779,0.0,0.015644012,1.9,2.1212032,0,0
2166,31.6,30.927225,0.0,0.013854626,1.5,1.6430825,0,0
2167,30.9,30.130287,0.0,0.012392348,0.5,1.2665318,0,0
2168,30.8,29.55393,0.0,0.011590548,0.8,0.83068955,0,0
2169,30.6,30.105644,0.0,0.010010414,1.1,0.8616696,0,0
2170,30.5,29.751867,0.0,0.01126711,0.9,0.9201169,0,0
2171,30.4,29.781355,0.0,0.0108880475,0.9,0.89069057,0,0
2172,30.1,29.632914,0.0,0.01015237,0.7,0.8943999,0,0
2173,29.9,29.455587,0.0,0.009853985,0.9,0.8665526,0,0
2174,29.7,28.8952,0.0,0.009940285,0.7,0.87007153,0,0
2175,29.2,28.937696,0.0,0.009570494,0.6000000000000001,0.87550914,0,0
2176,29.1,28.598503,0.0,0.011201842,0.6000000000000001,0.81982255,0,0
2177,29.0,28.93347,0.0,0.011463186,1.1,0.83494747,0,0
2178,29.0,29.425425,0.0,0.013957333,0.3999999999999999,1.0020032,0,0
2179,30.3,29.787058,0.0,0.012825188,0.7,0.89528793,0,0
2180,32.6,31.042055,0.0,0.0116682,1.5,1.125784,0,0
2181,31.9,32.697945,0.0,0.016562302,2.8,1.8564135,0,0
2182,32.3,32.661064,0.0,0.01975657,2.6,2.6244829,0,0
2183,33.4,32.320915,0.0,0.020361708,2.3,2.6785386,0,0
2184,33.3,32.933002,0.0,0.019292522,3.0,2.5828016,0,0
2185,33.6,32.793457,0.0,0.019485528,3.2,2.8022711,0,0
2186,33.8,32.395973,0.0,0.0204899,2.7,2.899822,0,0
2187,34.5,32.782715,0.0,0.017884558,2.2,2.5912971,0,0
2188,33.4,32.97968,0.0,0.016132385,2.0,2.193794,0,0
2189,33.4,31.49169,0.0,0.015161672,0.8,1.7012106,0,0
2190,32.8,31.490282,0.0,0.010463388,1.1,1.05611,0,0
2191,31.8,30.834877,0.0,0.012118969,1.2,0.9594333,0,0
2192,31.5,29.99284,0.0,0.013403461,0.8,0.9206211,0,0
2193,31.5,30.405746,0.0,0.011242341,1.1,0.84243834,0,0
2194,30.5,30.266169,0.0,0.012107548,1.4,0.89595234,0,0
2195,29.9,29.372835,0.0,0.012289305,0.7,0.9055644,0,0
2196,29.6,28.829456,0.0,0.01086969,0.9,0.72361076,0,0
2197,28.8,28.891062,0.0,0.010692118,1.3,0.74045753,0,0
2198,28.4,28.373419,0.0,0.010065142,1.1,0.8121319,0,0
2199,28.5,27.903353,0.0,0.011635044,0.6000000000000001,0.8106508,0,0
2200,28.0,28.651443,0.0,0.009923855,0.5,0.7530844,0,0
2201,27.4,28.19085,0.0,0.010586787,0.7,0.68758965,0,0
2202,27.7,27.848349,0.0,0.0117940055,1.3,0.7006116,0,0
2203,28.7,28.64022,0.0,0.010663459,1.2,0.99002445,0,0
2204,30.8,29.699926,0.0,0.010970919,0.9,1.1483511,0,0
2205,32.4,31.472383,0.0,0.012773529,0.30000000000000004,1.3286134,0,0
2206,33.6,32.320023,0.0,0.012675586,1.1,1.1404117,0,0
2207,34.5,33.191216,0.0,0.016146513,2.4,1.633935,0,0
2208,34.5,33.78505,0.0,0.01858564,2.4,2.4122481,0,0
2209,34.8,34.336086,0.0,0.01889077,2.1,2.5149374,0,0
2210,35.3,34.26181,0.0,0.017686877,1.7,2.2802994,0,0
2211,34.8,33.961964,0.0,0.01625491,1.5,1.7770401,0,0
2212,33.8,33.01483,0.0,0.0138190035,1.8,1.3499953,0,0
2213,33.9,32.28082,0.0,0.011630921,0.8,1.1564167,0,0
2214,32.8,31.891535,0.0,0.008783189,0.9,0.8247421,0,0
2215,32.0,31.043905,0.0,0.009330282,1.1,0.70985997,0,0
2216,31.4,30.439972,0.0,0.010511698,1.4,0.72047865,0,0
2217,31.3,29.827915,0.0,0.011408276,0.6000000000000001,0.7884327,0,0
2218,30.2,30.069798,0.0,0.0105496785,0.9,0.72084355,0,0
2219,29.6,29.207832,0.0,0.010148804,0.7,0.6873301,0,0
2220,29.3,28.946716,0.0,0.009614969,1.3,0.65060437,0,0
2221,29.0,28.858587,0.0,0.00974036,0.9,0.7715008,0,0
2222,28.7,28.809,0.0,0.008777477,0.5,0.76862717,0,0
2223,28.2,28.13246,0.0,0.009262749,0.8,0.67528987,0,0
2224,28.6,28.136435,0.0,0.00993945,0.10000000000000009,0.71495473,0,0
2225,28.0,28.947334,0.0,0.0091488045,0.8,0.662047,0,0
2226,28.5,28.764572,0.0,0.012070252,1.1,0.74233246,0,0
2227,29.5,29.552254,0.0,0.01482204,0.7,0.9210967,0,0
2228,31.6,30.472479,0.0,0.013611793,1.0,0.9318539,0,0
2229,32.1,31.81587,0.0,0.014189749,1.1,1.232584,0,0
2230,32.0,32.07814,0.0,0.015255377,1.5,1.4107206,0,0
2231,33.5,31.704819,0.0,0.016372351,1.6,1.5901066,0,0
2232,34.5,32.362926,0.0,0.016122399,1.1,1.7253889,0,0
2233,34.8,32.710266,0.0,0.014970498,2.0,1.538623,0,0
2234,34.9,32.946777,0.0,0.015409245,1.4,1.6916462,0,0
2235,33.8,32.798656,0.0,0.013780828,1.3,1.4480575,0,0
2236,33.5,32.119514,0.0,0.01184676,2.2,1.2402353,0,0
2237,33.7,32.11656,0.0,0.012648423,2.0,1.4523083,0,0
2238,32.2,32.08385,0.0,0.012286994,1.9,1.4350095,0,0
2239,31.6,30.683075,0.0,0.010979088,1.8,1.2000113,0,0
2240,30.8,30.051931,0.0,0.011146276,1.3,1.0454644,0,0
2241,30.7,28.693502,0.0,0.07892853,0.5,0.86468655,0,0
2242,30.8,29.532278,0.0,0.010478339,0.7,0.7686182,0,0
2243,30.6,29.744612,0.0,0.010781552,0.5,0.79457426,0,0
2244,30.6,29.61457,0.0,0.009808201,0.6000000000000001,0.7359859,0,0
2245,29.9,29.691418,0.0,0.009527136,1.7,0.7491207,0,0
2246,29.6,28.929745,0.0,0.011761285,0.6000000000000001,1.006576,0,0
2247,29.1,28.936836,0.0,0.009742993,0.3999999999999999,0.94831365,0,0
2248,29.0,28.276863,0.0,0.009836496,0.3999999999999999,0.76187,0,0
2249,28.8,28.857685,0.0,0.008497474,1.0,0.7898035,0,0
2250,29.2,29.095913,0.0,0.009190646,0.5,0.91703427,0,0
2251,29.6,29.664145,0.0,0.010882519,0.6000000000000001,0.89255404,0,0
2252,30.8,29.892736,0.0,0.011012871,0.7,0.90605074,0,0
2253,32.2,31.309185,0.0,0.011716578,1.6,1.1743556,0,0
2254,32.9,32.336864,0.0,0.016238628,1.6,1.8526188,0,0
2255,33.7,32.7515,0.0,0.01687639,1.6,2.0801795,0,0
2256,33.9,33.004635,0.0,0.016851284,2.5,2.1526473,0,0
2257,34.5,33.065514,0.0,0.017541885,2.3,2.4057415,0,0
2258,33.7,33.14944,0.0,0.016814986,1.9,2.3202803,0,0
2259,34.3,32.26167,0.0,0.015954098,1.8,1.9150537,0,0
2260,32.6,32.145535,0.0,0.014466613,1.4,1.6819562,0,0
2261,32.5,31.263748,0.0,0.011879581,2.1,1.3098524,0,0
2262,32.0,30.991463,0.0,0.011987771,1.6,1.4064207,0,0
2263,32.0,30.092794,0.0,0.013346734,1.2,1.1962035,0,0
2264,28.8,30.33012,0.0,0.009862472,1.2,1.0521729,0,0
2265,28.2,28.887295,0.0,0.012523267,1.9,0.95912653,0,0
2266,27.4,27.574936,0.0,0.010705079,1.7,1.2351911,0,0
2267,27.4,26.694956,0.0,0.009364363,1.6,1.2302231,0,0
2268,27.0,26.576088,0.0,0.008704311,1.7,1.2163012,0,0
2269,27.3,26.165926,0.0,0.008247179,1.0,1.2562234,0,0
2270,26.5,26.3665,0.0,0.008028321,1.5,1.0082072,0,0
2271,26.9,25.553757,0.0,0.009277281,0.8,1.0868036,0,0
2272,27.1,26.73011,0.0,0.0072412016,1.1,0.92980164,0,0
2273,28.3,27.425358,0.0,0.008640921,1.1,1.0016751,0,0
2274,30.5,28.794933,0.0,0.009643549,0.5,1.0965497,0,0
2275,31.9,30.775585,0.0,0.010130695,0.5,1.1221277,0,0
2276,32.8,31.848644,0.0,0.013992451,0.9,1.4467447,0,0
2277,32.7,32.32715,0.0,0.015956953,1.9,1.7545719,0,0
2278,34.2,32.05846,0.0,0.017829353,1.6,2.13851,0,0
2279,34.4,33.003647,0.0,0.01696808,2.3,2.1967027,0,0
2280,34.0,33.14693,0.0,0.01709999,1.8,2.358481,0,0
2281,34.5,32.604435,0.0,0.016125973,1.7,2.0149455,0,0
2282,33.6,32.60965,0.0,0.014654633,2.0,1.8010476,0,0
2283,32.8,31.969402,0.0,0.01372952,0.9,1.6450119,0,0
2284,32.4,30.826162,0.0,0.010471865,0.7,1.1074309,0,0
2285,31.5,30.25446,0.0,0.012105115,0.9,0.892176,0,0
2286,31.0,29.372795,0.0,0.030387523,1.2,0.83180094,0,0
2287,31.2,29.320658,0.0,0.016655562,0.30000000000000004,0.9259508,0,0
2288,30.4,29.923258,0.0,0.010233427,1.1,0.8494003,0,0
2289,29.9,29.424002,0.0,0.010410647,0.7,0.9117736,0,0
2290,29.6,29.185051,0.0,0.008762718,0.5,0.82743514,0,0
2291,28.7,28.78068,0.0,0.008621911,1.0,0.73630977,0,0
2292,28.6,28.227583,0.0,0.009057553,1.3,0.7928337,0,0
2293,28.1,28.288422,0.0,0.008503361,1.2,0.9277946,0,0
2294,27.7,28.078466,0.0,0.008672717,1.4,0.9601185,0,0
2295,27.5,28.04168,0.0,0.009112436,1.3,1.038723,0,0
2296,27.5,28.073313,0.0,0.012352171,1.6,1.0625256,0,0
2297,28.8,28.541025,0.0,0.013695154,1.1,1.3571321,0,0
2298,31.0,30.238077,0.0,0.012527951,1.3,1.3284378,0,0
2299,33.0,31.95349,0.0,0.01472622,0.3999999999999999,1.6448374,0,0
2300,34.2,32.604534,0.0,0.014321773,2.1,1.4803649,0,0
2301,35.3,33.530396,0.0,0.017374251,1.9,2.2814403,0,0
2302,35.1,34.14833,0.0,0.017284598,1.9,2.3492877,0,0
2303,35.2,34.016235,0.0,0.016496329,2.2,2.2213647,0,0
2304,34.7,33.78853,0.0,0.015853293,2.7,2.122573,0,0
2305,34.1,33.31147,0.0,0.015311135,2.2,2.0741806,0,0
2306,33.8,32.58234,0.0,0.013626077,1.8,1.6878268,0,0
2307,32.8,31.958895,0.0,0.011435596,2.4,1.3238832,0,0
2308,32.3,31.02209,0.0,0.011423487,0.9,1.3318306,0,0
2309,31.5,30.487396,0.0,0.008108946,0.8,0.8959608,0,0
2310,31.4,29.679193,0.0,0.009210787,1.0,0.78647923,0,0
2311,31.6,29.503355,0.0,0.010508654,0.30000000000000004,0.82664657,0,0
2312,31.0,29.89327,0.0,0.008542088,1.1,0.74485385,0,0
2313,30.7,29.677624,0.0,0.008534341,0.8,0.834604,0,0
2314,30.3,29.595007,0.0,0.00883207,1.1,0.7875843,0,0
2315,29.9,29.452112,0.0,0.009068296,0.8,0.83251786,0,0
2316,29.0,29.04169,0.0,0.009292716,0.7,0.78358257,0,0
2317,28.7,28.40227,0.0,0.008813407,0.8,0.7213185,0,0
2318,28.3,28.190142,0.0,0.008931359,1.2,0.7482728,0,0
2319,28.2,28.21588,0.0,0.008644896,1.3,0.895998,0,0
2320,28.3,28.430832,0.0,0.010355731,1.1,0.98774207,0,0
2321,29.3,28.932598,0.0,0.010506056,1.4,1.0027319,0,0
2322,31.1,30.153917,0.0,0.011884464,0.7,1.2625299,0,0
2323,33.9,31.567993,0.0,0.012342143,2.6,1.2920899,0,0
2324,32.5,33.229855,0.0,0.018746153,1.5,2.5739584,0,0
2325,33.1,32.431522,0.0,0.017632682,1.1,2.1822119,0,0
2326,32.7,32.405697,0.0,0.016366573,1.2,1.856555,0,0
2327,32.0,31.82501,0.0,0.015074025,2.9,1.6615072,0,0
2328,31.9,31.28065,0.0,0.016968463,1.0,2.0275774,0,0
2329,32.3,30.866072,0.0,0.013631975,1.7,1.4462026,0,0
2330,32.1,30.880455,0.0,0.013598709,0.8,1.4580097,0,0
2331,31.6,30.456408,0.0,0.011968874,2.0,1.1629376,0,0
2332,31.3,30.443491,0.0,0.014144269,1.4,1.4511085,0,0
2333,31.0,30.333424,0.0,0.014440272,0.8,1.3919803,0,0
2334,30.9,30.165129,0.0,0.0130302375,1.2,1.1720876,0,0
2335,30.8,30.286285,0.0,0.013616717,1.2,1.2992313,0,0
2336,30.5,30.157087,0.0,0.014820001,0.9,1.2666184,0,0
2337,29.8,29.887932,0.0,0.011920188,1.2,1.0023798,0,0
2338,29.5,29.127539,0.0,0.010879104,1.2,0.96560055,0,0
2339,29.1,28.81171,0.0,0.010263961,0.6000000000000001,0.98751384,0,0
2340,29.1,28.305307,0.0,0.009621365,0.9,0.8372458,0,0
2341,28.7,28.339018,0.0,0.008877162,1.4,0.86514324,0,0
2342,28.4,28.147453,0.0,0.010441476,0.5,0.9745991,0,0
2343,28.4,28.090164,0.0,0.009786527,0.7,0.8048922,0,0
2344,29.2,28.65359,0.0,0.010688195,0.5,0.8267342,0,0
2345,31.0,29.970346,0.0,0.011013176,0.5,0.88550234,0,0
2346,32.5,31.376875,0.0,0.010978618,0.7,1.0983404,0,0
2347,33.0,32.514294,0.0,0.014597728,1.5,1.4692352,0,0
2348,32.7,32.398712,0.0,0.018179707,1.2,1.9300632,0,0
2349,34.1,32.473904,0.0,0.016787354,1.7,1.8510246,0,0
2350,33.8,32.977215,0.0,0.017101858,1.5,2.092693,0,0
2351,34.9,32.690746,0.0,0.016649812,2.2,1.961021,0,0
2352,34.5,33.067146,0.0,0.016405897,2.2,2.1219308,0,0
2353,34.2,32.835484,0.0,0.015847418,0.9,1.9858555,0,0
2354,33.4,32.11013,0.0,0.012766789,2.3,1.394505,0,0
2355,33.0,31.642433,0.0,0.013407203,1.7,1.5202978,0,0
2356,32.5,31.14774,0.0,0.012593657,1.8,1.3782281,0,0
2357,31.9,30.869883,0.0,0.012839179,1.8,1.3992735,0,0
2358,31.9,30.475777,0.0,0.013392337,1.1,1.4613084,0,0
2359,30.8,30.460236,0.0,0.010656042,0.9,1.1611327,0,0
2360,29.9,29.08036,0.0,0.011709204,1.0,0.8595084,0,0
2361,29.6,28.515112,0.0,0.011882663,1.0,0.75788796,0,0
2362,29.2,28.583994,0.0,0.010214279,1.2,0.721769,0,0
2363,29.0,28.345148,0.0,0.00994243,0.9,0.77087116,0,0
2364,28.7,28.215273,0.0,0.00953525,1.0,0.74719393,0,0
2365,28.8,28.0641,0.0,0.009033431,0.7,0.77322555,0,0
2366,28.4,28.114614,0.0,0.009886715,0.9,0.7332995,0,0
2367,28.5,28.166157,0.0,0.011435676,0.9,0.7743132,0,0
2368,29.9,28.692238,0.0,0.010588501,1.0,0.8248447,0,0
2369,31.3,30.11647,0.0,0.009976708,0.3999999999999999,1.0089779,0,0
2370,32.0,31.092617,0.0,0.011261161,1.8,0.94594115,0,0
2371,31.9,32.03557,0.0,0.015276335,1.9,1.7096994,0,0
2372,34.1,31.98363,0.0,0.01711965,3.0,2.0666862,0,0
2373,35.2,33.50657,0.0,0.01912383,2.7,2.8904612,0,0
2374,35.6,34.1196,0.0,0.020065181,2.9,3.1595879,0,0
2375,33.7,34.36546,0.0,0.020880166,3.3,3.4150817,0,0
2376,33.2,33.1488,0.0,0.019803684,2.6,3.2356148,0,0
2377,32.7,32.079197,0.0,0.016526407,1.4,2.4187546,0,0
2378,32.6,31.507149,0.0,0.012762866,1.3,1.5429418,0,0
2379,31.7,30.961555,0.0,0.010545259,1.1,1.2101598,0,0
2380,31.4,29.804377,0.0,0.010442342,1.2,0.9174964,0,0
2381,31.1,29.92363,0.0,0.009386774,1.5,0.92209053,0,0
2382,30.8,29.552233,0.0,0.011347981,1.1,0.9892647,0,0
2383,30.5,29.696365,0.0,0.009905631,0.7,0.9374112,0,0
2384,30.4,29.284536,0.0,0.010317243,0.3999999999999999,0.83070874,0,0
2385,30.1,29.531261,0.0,0.00839861,0.9,0.79264736,0,0
2386,29.8,29.245125,0.0,0.009135184,0.6000000000000001,0.8550186,0,0
2387,29.1,29.07338,0.0,0.008560356,1.0,0.82585704,0,0
2388,28.5,28.268328,0.0,0.008814539,1.0,0.8377602,0,0
2389,28.8,27.845568,0.0,0.009172863,0.9,0.8396596,0,0
2390,28.8,28.551865,0.0,0.008908098,1.2,0.88485646,0,0
2391,28.7,29.101707,0.0,0.010104911,0.19999999999999996,0.9920559,0,0
2392,29.2,29.003233,0.0,0.009567387,0.5,0.8199568,0,0
2393,31.0,29.50715,0.0,0.01016745,0.8,0.83601856,0,0
2394,32.6,31.299194,0.0,0.010471947,1.8,1.114319,0,0
2395,34.1,32.896847,0.0,0.01589963,1.9,1.9689127,0,0
2396,34.5,33.714806,0.0,0.017679045,1.8,2.449831,0,0
2397,35.2,34.036263,0.0,0.01821241,2.0,2.5300126,0,0
2398,35.6,34.142315,0.0,0.018041069,2.7,2.5518017,0,0
2399,36.6,33.9954,0.0,0.018316347,1.5,2.63334,0,0
2400,35.9,34.003387,0.0,0.015796376,2.6,2.0298903,0,0
2401,35.8,33.749336,0.0,0.016148303,1.0,2.20802,0,0
2402,34.9,33.33986,0.0,0.013767251,2.6,1.4964608,0,0
2403,34.0,33.007072,0.0,0.015499184,1.1,1.8999442,0,0
2404,33.3,31.933535,0.0,0.012136156,1.5,1.2051342,0,0
2405,33.0,31.563215,0.0,0.012397684,0.8,1.2157122,0,0
2406,32.0,31.216324,0.0,0.012445413,1.8,0.98074627,0,0
2407,31.3,31.71857,0.0,0.013222529,1.4,1.3045026,0,0
2408,30.4,30.920187,0.0,0.011967005,1.8,1.1321645,0,0
2409,30.1,29.832382,0.0,0.012034398,1.8,1.2900927,0,0
2410,29.8,29.39557,0.0,0.012278679,0.8,1.3787035,0,0
2411,29.6,28.687948,0.0,0.011777666,0.5,0.91755384,0,0
2412,29.4,28.445276,0.0,0.010966615,0.7,0.7700901,0,0
2413,28.9,28.562458,0.0,0.01164674,1.1,0.77476037,0,0
2414,28.9,28.423733,0.0,0.012289441,0.7,0.87284464,0,0
2415,29.2,28.905245,0.0,0.012082155,0.30000000000000004,0.82863307,0,0
2416,30.0,29.321314,0.0,0.010901458,0.9,0.75452065,0,0
2417,31.9,29.853596,0.0,0.011805279,2.7,0.89382446,0,0
2418,33.9,32.19999,0.0,0.017166387,2.8,2.2507622,0,0
2419,36.4,33.687492,0.0,0.020496974,3.3,3.082434,0,0
2420,36.7,34.850075,0.0,0.023021325,2.7,3.8302126,0,0
2421,36.5,35.19388,0.0,0.02358817,5.2,3.8802435,0,0
2422,36.2,35.112877,0.0,0.026920253,5.1,4.8957343,0,0
2423,34.2,35.085533,0.0,0.028859556,4.9,5.2722826,0,0
2424,34.4,34.389618,0.0,0.0298272,5.2,5.3990707,0,0
2425,32.4,33.57359,0.0,0.029060172,4.3,5.2500024,0,0
2426,31.6,32.22449,0.0,0.026473092,3.0,4.7717147,0,0
2427,30.9,31.493189,0.0,0.022246473,2.5,3.8986354,0,0
2428,31.2,30.261333,0.0,0.020418588,3.7,2.9179623,0,0
2429,30.5,30.979162,0.0,0.020433994,3.8,3.419143,0,0
2430,29.8,30.094446,0.0,0.021921387,2.3,3.484383,0,0
2431,29.0,29.207327,1.0,0.019082485,4.6,2.6073782,1,0
2432,28.7,29.321455,1.5,0.76139975,5.1,4.452054,1,1
2433,28.1,28.017725,5.499999999999999,2.6406286,4.1,5.474606,1,1
2434,28.1,27.967257,4.5,5.256291,4.9,5.3655896,1,1
2435,28.8,28.07557,0.5,4.7972536,5.2,5.350176,1,1
2436,29.2,28.182455,1.5,2.0445402,6.8,5.4684224,1,1
2437,28.4,28.974306,1.5,3.2244468,6.5,7.7764974,1,1
2438,28.3,27.875076,1.0,3.8119678,5.8,7.5153327,1,1
2439,28.3,27.982325,2.5,2.7719555,6.8,6.785231,1,1
2440,28.0,28.080505,7.5,3.9920945,7.2,7.8631535,1,1
2441,27.5,26.86451,3.0,5.044754,4.0,7.494325,1,1
2442,27.8,27.681585,0.0,3.5457573,2.6,5.8813105,0,1
2443,27.3,27.090004,1.5,1.375781,3.4,3.5774958,1,1
2444,27.6,27.579168,0.0,2.1305103,1.2,3.732202,0,1
2445,28.0,27.132587,0.0,1.3973868,0.8,2.8557255,0,1
2446,27.8,27.393227,3.9999999999999982,0.9668937,2.9,2.230341,1,1
2447,28.1,27.124744,0.0,3.6927633,3.1,2.651865,0,1
2448,28.9,27.391676,0.0,1.4948528,1.5,2.9121227,0,1
2449,29.1,28.26056,0.0,0.6261995,1.2,1.897135,0,0
2450,27.8,28.575232,1.0,0.2801536,2.1,1.4109421,1,0
2451,27.6,27.716942,1.5,0.8782517,1.8,1.5205555,1,0
2452,27.8,27.294567,0.5,1.2438226,1.3,1.485368,1,1
2453,27.4,27.274944,2.0000000000000004,0.56244636,1.7,1.1191784,1,0
2454,27.7,26.960835,1.5,1.3071015,2.2,1.1716608,1,1
2455,27.3,27.177681,9.5,1.0631514,3.1,1.3340037,1,1
2456,27.4,26.284084,3.5,3.0160542,1.6,1.2839987,1,1
2457,27.3,27.2214,3.0,1.2176125,2.0,1.1706043,1,1
2458,26.6,27.030989,11.500000000000007,1.5148609,1.2,1.2331091,1,1
2459,26.5,25.69442,11.0,4.1203856,0.3999999999999999,1.1715369,1,1
2460,26.3,25.682543,5.499999999999999,3.734941,1.6,1.0249835,1,1
2461,25.7,25.593763,2.5,3.532919,1.0,1.0758798,1,1
2462,26.2,26.327826,0.5,0.9596907,1.2,0.78242946,1,0
2463,26.4,25.964186,1.0,0.7089721,1.0,0.77053416,1,0
2464,26.3,26.109198,0.5,0.66854656,0.8,0.7522025,1,0
2465,26.3,26.370106,4.5,0.1114793,3.0,0.5960512,1,0
2466,27.9,26.760315,1.0,1.2439072,1.0,1.2725197,1,1
2467,30.1,26.83897,0.0,0.29783967,0.30000000000000004,0.84186494,0,0
2468,31.5,27.720163,0.0,0.025569323,2.4,0.69472194,0,0
2469,31.5,30.64503,0.0,0.015640194,3.1,1.4815394,0,0
2470,27.2,31.4073,5.499999999999999,0.022272138,4.3,2.3900886,1,0
2471,27.5,25.043743,1.5,5.455461,2.7,1.8442456,1,1
2472,27.0,26.969437,3.0,1.2226162,2.0,2.1655383,1,1
2473,26.9,25.83566,0.0,2.839349,0.7,1.471134,0,1
2474,27.4,26.474174,0.0,0.2857671,1.0,0.97627527,0,0
2475,27.3,26.614393,0.0,0.34798327,1.5,0.9000256,0,0
2476,27.1,27.191729,0.0,0.019296177,0.30000000000000004,0.9308967,0,0
2477,26.8,27.093567,0.0,0.02845984,0.8,0.68058014,0,0
2478,26.6,27.031916,0.0,0.029943235,1.2,0.68002486,0,0
2479,26.4,26.874338,0.0,0.015346242,0.6000000000000001,0.7574612,0,0
2480,26.2,27.029354,0.0,0.02665319,0.7,0.68175817,0,0
2481,26.3,26.81575,0.0,0.0127486205,0.9,0.693115,0,0
2482,26.4,26.868702,0.0,0.017035503,0.3999999999999999,0.7610078,0,0
2483,27.5,26.984907,0.0,0.017622925,0.3999999999999999,0.733551,0,0
2484,28.5,28.3218,0.0,0.038546693,1.6,0.8108803,0,0
2485,29.7,28.851553,0.0,0.01316284,0.3999999999999999,1.2060139,0,0
2486,30.8,29.961346,0.0,0.014137216,0.8,1.0707198,0,0
2487,32.2,30.684042,0.0,0.012797252,1.5,1.235133,0,0
2488,33.0,31.655922,0.0,0.016232513,1.4,1.8704797,0,0
2489,32.1,31.80867,0.0,0.018130513,2.8,1.9729537,0,0
2490,31.8,31.002836,0.0,0.030359475,2.3,2.3681383,0,0
2491,30.9,31.051264,0.0,0.018985186,1.0,2.209104,0,0
2492,30.1,29.619652,0.0,0.039257694,0.30000000000000004,1.3748727,0,0
2493,30.6,28.064209,0.0,0.22137178,1.0,0.86188674,0,1
2494,29.2,29.008797,0.0,0.013564588,0.3999999999999999,0.9381011,0,0
2495,28.7,28.438457,0.0,0.013960354,0.3999999999999999,0.8092562,0,0
2496,28.4,28.087498,0.0,0.009505661,0.6000000000000001,0.7206789,0,0
2497,28.0,27.6387,0.0,0.008237481,0.30000000000000004,0.7056382,0,0
2498,27.7,27.232132,0.0,0.006917497,0.8,0.6457752,0,0
2499,27.6,26.942488,0.0,0.0069519584,1.2,0.70502853,0,0
2500,27.2,26.968826,0.5,0.0074472893,0.9,0.82679665,1,0
2501,29.4,26.83699,0.0,0.20600218,1.1,0.84990823,0,0
2502,31.2,28.837511,0.0,0.008724284,1.1,0.9330105,0,0
2503,32.2,30.642736,0.0,0.010018646,1.9,1.183365,0,0
2504,33.6,31.969963,0.0,0.014801995,1.9,1.9284719,0,0
2505,33.4,32.77434,0.0,0.015546699,1.8,2.1699126,0,0
2506,33.5,32.489075,0.0,0.015374907,1.9,2.041949,0,0
2507,33.0,32.31061,0.0,0.014601224,2.9,1.9100163,0,0
2508,33.2,31.752365,0.0,0.014778363,2.2,2.0184534,0,0
2509,32.9,31.36825,0.0,0.012952385,1.8,1.6126801,0,0
2510,32.2,31.115232,0.0,0.0114241205,1.8,1.3834102,0,0
2511,31.4,30.327433,0.0,0.010105612,1.2,1.1803325,0,0
2512,30.7,29.782156,0.0,0.01001646,0.7,0.94292575,0,0
2513,30.4,29.198032,0.0,0.009603305,0.5,0.8133961,0,0
2514,30.3,29.131584,0.0,0.009654246,0.5,0.7663449,0,0
2515,29.8,29.10776,0.0,0.00993153,1.5,0.7589201,0,0
2516,28.8,28.914282,0.0,0.010936116,2.4,0.95592207,0,0
2517,28.5,28.06013,0.0,0.01139119,1.4,1.2544671,0,0
2518,28.3,28.016628,0.0,0.010565363,0.6000000000000001,1.1421412,0,0
2519,28.2,27.620884,0.0,0.008892616,1.0,0.9594044,0,0
2520,28.0,27.20626,0.0,0.009225997,0.6000000000000001,0.98589355,0,0
2521,27.8,27.031076,0.0,0.009452084,1.0,0.933621,0,0
2522,27.6,27.15232,0.0,0.009055678,0.7,0.907003,0,0
2523,27.7,27.435677,0.0,0.009102903,0.9,0.8484794,0,0
2524,29.3,28.221422,0.0,0.009323212,0.7,0.91892534,0,0
2525,29.9,29.793217,0.0,0.009870862,0.7,1.0340396,0,0
2526,30.3,30.768993,0.0,0.011046151,0.7,1.2158306,0,0
2527,31.8,30.988907,0.0,0.012128814,0.9,1.2832354,0,0
2528,31.1,32.06535,0.0,0.013859265,2.9,1.5918213,0,0
2529,32.0,31.45344,0.0,0.018153464,2.5,2.4703324,0,0
2530,32.2,31.979061,0.0,0.016979095,0.9,2.544417,0,0
2531,30.7,31.126251,0.0,0.015330149,1.7,1.7130061,0,0
2532,31.1,30.017654,0.0,0.014328646,1.7,1.4612666,0,0
2533,30.4,30.270603,0.0,0.012671899,1.4,1.4622488,0,0
2534,28.3,29.62771,0.0,0.011219519,0.8,1.2493849,0,0
2535,28.4,28.001318,0.0,0.017343497,0.5,0.8730307,0,0
2536,27.9,28.321014,0.0,0.010542147,0.6000000000000001,0.7848729,0,0
2537,27.4,28.021494,0.0,0.010043863,0.8,0.7603127,0,0
2538,27.2,27.46893,0.0,0.008722604,0.6000000000000001,0.76904607,0,0
2539,27.0,26.926485,0.0,0.008708241,0.9,0.73627007,0,0
2540,26.9,26.913439,0.0,0.009586257,1.1,0.7913976,0,0
2541,26.7,27.067719,0.0,0.009801567,0.7,0.86585647,0,0
2542,26.6,27.153624,0.0,0.009761888,0.3999999999999999,0.8176514,0,0
2543,26.9,27.223022,0.0,0.010326177,0.9,0.7394999,0,0
2544,27.6,27.823563,0.0,0.010157872,1.1,0.8411372,0,0
2545,29.2,28.874609,0.0,0.011852795,1.2,1.0074147,0,0
2546,31.1,30.306242,0.0,0.011750665,1.4,1.2998928,0,0
2547,32.1,31.467201,0.0,0.014870208,1.3,1.676416,0,0
2548,32.0,32.06441,0.0,0.016045189,0.7,1.8516881,0,0
2549,32.7,31.483421,0.0,0.014977516,2.2,1.5572222,0,0
2550,32.9,31.85544,0.0,0.016579347,2.1,2.0418024,0,0
2551,32.4,31.906605,0.0,0.016294999,1.6,2.0217938,0,0
2552,31.5,31.0698,0.0,0.0153283635,1.8,1.6218538,0,0
2553,29.9,30.349937,0.0,0.0143612465,1.3,1.4414182,0,0
2554,27.7,28.477394,2.5,0.015115079,2.0,0.99456125,1,0
2555,27.6,26.126741,0.0,1.4036074,0.7,1.2020988,0,1
2556,26.2,26.667183,1.0,0.052795112,0.7,0.82038057,1,0
2557,26.1,25.732714,1.0,0.40340847,0.7,0.759657,1,0
2558,26.1,26.225018,0.5,0.075474195,0.19999999999999996,0.67104053,1,0
2559,26.1,26.112806,0.0,0.016165836,0.5,0.61462927,0,0
2560,25.8,25.71843,0.0,0.013040362,1.1,0.5922644,0,0
2561,25.9,25.531458,0.0,0.010734093,1.1,0.6695671,0,0
2562,26.9,25.566442,0.0,0.010566175,1.2,0.7338474,0,0
2563,28.7,26.715235,0.0,0.008750971,0.8,0.86944014,0,0
2564,30.8,28.877094,0.0,0.008325975,0.3999999999999999,0.9513423,0,0
2565,31.6,30.448755,0.0,0.00933471,0.8,0.99894345,0,0
2566,32.7,31.51552,0.0,0.01334178,1.6,1.4059173,0,0
2567,32.7,32.158154,0.0,0.016085599,2.3,1.9064381,0,0
2568,32.1,32.25666,0.0,0.017418263,2.6,2.2476993,0,0
2569,30.6,31.77146,0.0,0.018295571,2.2,2.356084,0,0
2570,30.7,30.111458,0.0,0.019964693,2.0,1.918648,0,0
2571,30.5,30.162243,0.0,0.014205671,3.0,1.696425,0,0
2572,30.6,29.578249,0.0,0.015659109,2.4,1.9610996,0,0
2573,30.4,29.465395,0.0,0.013400068,0.9,1.6939671,0,0
2574,30.0,28.826365,0.0,0.01276925,0.9,0.9777646,0,0
2575,29.7,28.405415,0.0,0.0107596135,0.3999999999999999,0.84084356,0,0
2576,29.6,28.296143,0.0,0.011020324,0.30000000000000004,0.7218144,0,0
2577,29.1,28.462034,0.0,0.008255322,1.2,0.7065066,0,0
2578,28.9,28.0332,0.0,0.008421763,0.5,0.81642497,0,0
2579,29.0,28.02406,0.0,0.007644779,0.9,0.7599882,0,0
2580,28.8,28.138788,0.0,0.007552666,0.5,0.8493892,0,0
2581,28.6,28.170086,0.0,0.008015039,0.8,0.8703927,0,0
2582,28.5,28.013319,0.0,0.008429411,0.9,0.8771526,0,0
2583,27.9,28.136538,0.0,0.009113916,1.0,0.9038869,0,0
2584,31.2,27.730915,0.0,0.009570991,0.8,0.89384305,0,0
2585,32.1,30.3571,0.0,0.009983563,1.2,1.179326,0,0
2586,33.3,31.643223,0.0,0.0140194455,1.4,1.6191498,0,0
2587,32.8,32.646343,0.0,0.01598111,2.5,2.0137334,0,0
2588,32.7,32.439175,0.0,0.018363012,3.0,2.5031137,0,0
2589,32.4,32.553913,0.0,0.018969236,3.2,2.8765566,0,0
2590,32.6,32.323486,0.0,0.01873508,3.6,3.0409245,0,0
2591,32.2,32.22428,0.0,0.01858227,3.9,3.2432294,0,0
2592,32.0,31.72409,0.0,0.018121593,2.9,3.238037,0,0
2593,32.1,31.277351,0.0,0.015417821,1.1,2.5611303,0,0
2594,30.9,30.38517,0.0,0.012181344,1.3,1.3774874,0,0
2595,30.2,29.460178,0.0,0.009978442,1.3,1.0225791,0,0
2596,29.8,28.93527,0.0,0.009955921,1.0,0.9302186,0,0
2597,29.5,28.835741,0.0,0.008731479,0.3999999999999999,0.8682372,0,0
2598,29.6,28.45394,0.0,0.008330603,1.0,0.7400938,0,0
2599,29.3,28.858042,0.0,0.008785334,0.7,0.85340893,0,0
2600,29.3,28.839256,0.0,0.009734718,0.30000000000000004,0.82740223,0,0
2601,29.1,28.946068,0.0,0.009346356,0.5,0.81401944,0,0
2602,29.0,29.14935,0.0,0.008203272,0.6000000000000001,0.8471472,0,0
2603,28.9,28.93741,0.0,0.008391064,1.5,0.8736187,0,0
2604,28.9,28.656643,0.0,0.010385567,0.6000000000000001,1.050913,0,0
2605,28.7,28.775143,0.0,0.009540498,0.6000000000000001,0.940945,0,0
2606,28.4,28.705074,0.0,0.010371727,0.9,0.9589526,0,0
2607,29.3,28.524876,0.0,0.011841231,1.0,0.9579597,0,0
2608,30.7,29.648195,0.0,0.009973394,1.3,1.1369979,0,0
2609,32.6,31.094238,0.0,0.013822444,1.7,1.6008731,0,0
2610,32.7,32.434784,0.0,0.016682046,3.0,2.3383381,0,0
2611,32.9,32.578773,0.0,0.019332368,4.1,3.022102,0,0
2612,33.5,32.840786,0.0,0.021213343,4.0,3.799349,0,0
2613,33.5,33.335777,0.0,0.021435594,3.1,4.0429077,0,0
2614,33.1,33.085182,0.0,0.020146806,2.5,3.5550945,0,0
2615,33.8,32.258587,0.0,0.017333513,1.6,2.6728814,0,0
2616,33.2,32.207966,0.0,0.014475765,2.5,1.8581829,0,0
2617,33.3,31.789553,0.0,0.014486193,1.0,1.9148731,0,0
2618,33.0,31.06724,0.0,0.009886497,1.7,1.1547865,0,0
2619,32.2,31.126339,0.0,0.010622417,1.5,1.2265589,0,0
2620,31.6,30.559872,0.0,0.009642376,0.5,1.1194469,0,0
2621,30.9,30.11714,0.0,0.00883507,0.5,0.8294066,0,0
2622,30.5,29.661821,0.0,0.010413207,0.6000000000000001,0.7727183,0,0
2623,30.2,29.664333,0.0,0.009801232,1.3,0.7420405,0,0
2624,29.1,29.619171,0.0,0.009661565,0.8,0.9183444,0,0
2625,28.5,28.017004,0.0,0.01035491,1.2,0.73913026,0,0
2626,28.1,27.8919,0.0,0.0092778895,0.9,0.8219209,0,0
2627,28.3,27.595934,0.0,0.009006428,0.5,0.77739954,0,0
2628,27.8,28.155165,0.0,0.008772821,0.30000000000000004,0.7276372,0,0
2629,27.3,27.7652,0.0,0.009483557,0.7,0.6464534,0,0
2630,27.4,27.554111,0.0,0.009376186,0.6000000000000001,0.7062619,0,0
2631,28.5,27.960405,0.0,0.009797902,0.7,0.7419524,0,0
2632,30.3,29.230537,0.0,0.009731709,1.8,0.87095714,0,0
2633,32.1,31.40911,0.0,0.014839735,1.3,1.7088162,0,0
2634,32.7,32.58604,0.0,0.016011108,1.5,1.9651933,0,0
2635,33.6,32.829666,0.0,0.016917953,1.7,2.151862,0,0
2636,34.2,32.964115,0.0,0.017252931,1.5,2.1915348,0,0
2637,33.9,33.283684,0.0,0.016613329,2.8,2.0437868,0,0
2638,33.4,32.948048,0.0,0.01744156,2.2,2.3642056,0,0
2639,33.5,32.595333,0.0,0.015979942,2.4,2.0920734,0,0
2640,33.3,32.25426,0.0,0.01529239,2.2,1.9125674,0,0
2641,33.1,31.740713,0.0,0.013856357,1.8,1.6583169,0,0
2642,32.2,31.47844,0.0,0.012056634,0.8,1.3791801,0,0
2643,30.6,30.322327,0.0,0.009772041,0.7,0.91288805,0,0
2644,30.2,28.339195,0.0,0.044850223,0.3999999999999999,0.730399,0,0
2645,30.0,28.637533,0.0,0.011652732,0.19999999999999996,0.67851734,0,0
2646,29.6,29.097893,0.0,0.008844415,1.7,0.6467304,0,0
2647,29.1,28.989986,0.0,0.009696754,1.0,0.9829727,0,0
2648,28.7,28.47651,0.0,0.008790524,1.1,0.87982297,0,0
2649,29.1,28.024057,0.0,0.008505882,0.30000000000000004,0.86993665,0,0
2650,29.1,28.257124,0.0,0.008192869,0.10000000000000009,0.7479948,0,0
2651,29.5,28.294563,0.0,0.0093119405,0.5,0.6501392,0,0
2652,29.2,29.221487,0.0,0.009756674,0.6000000000000001,0.78707385,0,0
2653,29.2,29.356129,0.0,0.009938529,0.30000000000000004,0.8402786,0,0
2654,29.9,29.476738,0.0,0.012272045,0.3999999999999999,0.8180859,0,0
2655,30.9,30.100689,0.0,0.010937148,1.1,0.8939117,0,0
2656,32.0,31.00957,0.0,0.0124272555,1.1,1.2510469,0,0
2657,32.7,31.995037,0.0,0.014365278,1.4,1.5119716,0,0
2658,33.1,32.3713,0.0,0.016085818,1.8,1.8089757,0,0
2659,33.4,32.566505,0.0,0.016590137,2.2,2.0588868,0,0
2660,33.7,32.686836,0.0,0.016721131,2.4,2.2035618,0,0
2661,33.5,32.71789,0.0,0.016613945,1.8,2.249064,0,0
2662,33.2,32.427597,0.0,0.015413433,2.5,1.8998088,0,0
2663,32.8,32.18518,0.0,0.015193488,0.8,1.9435343,0,0
2664,32.2,31.547626,0.0,0.011342243,1.5,1.3035985,0,0
2665,31.1,30.793177,0.0,0.010272635,1.2,1.1840559,0,0
2666,30.6,29.606846,0.0,0.0112236375,0.6000000000000001,0.94040155,0,0
2667,30.2,29.306835,0.0,0.014210533,1.1,0.78068745,0,0
2668,30.2,28.695335,0.0,0.042798545,0.19999999999999996,0.84561,0,0
2669,29.9,29.486546,0.0,0.009617732,0.7,0.76356983,0,0
2670,29.7,29.080162,0.0,0.010662149,0.30000000000000004,0.7692565,0,0
2671,29.3,29.355762,0.0,0.008887986,0.30000000000000004,0.72810113,0,0
2672,28.5,28.39901,0.0,0.010882968,1.3,0.72646034,0,0
2673,28.2,27.990479,0.0,0.009191537,1.2,0.8377894,0,0
2674,28.0,27.784843,0.0,0.008539691,0.9,0.8872713,0,0
2675,27.9,27.65214,0.0,0.008580261,0.7,0.8629721,0,0
2676,27.7,27.514137,0.0,0.009453172,1.1,0.80613756,0,0
2677,27.9,27.95586,0.0,0.0096021965,0.8,0.89326,0,0
2678,28.7,28.86452,0.0,0.011179773,1.1,0.91429436,0,0
2679,30.0,29.940847,0.0,0.010555804,1.5,1.1061405,0,0
2680,31.5,31.106743,0.0,0.013896378,1.4,1.5284822,0,0
2681,32.7,31.736916,0.0,0.01553633,1.0,1.730103,0,0
2682,33.1,32.417923,0.0,0.015848493,1.7,1.8550649,0,0
2683,32.2,32.599087,0.0,0.016736893,3.5,2.0676136,0,0
2684,32.3,32.01611,0.0,0.018406922,2.1,2.6684883,0,0
2685,32.4,31.687168,0.0,0.016667552,2.4,2.153769,0,0
2686,32.3,31.506046,0.0,0.015990049,2.2,2.02632,0,0
2687,32.5,31.259604,0.0,0.014742862,1.9,1.8530207,0,0
2688,32.7,31.159311,0.0,0.013904912,1.9,1.714291,0,0
2689,31.7,31.110703,0.0,0.013731046,1.6,1.7036285,0,0
2690,31.1,30.405483,0.0,0.012629091,1.3,1.4795012,0,0
2691,30.3,29.717508,0.0,0.011233711,2.1,1.2626617,0,0
2692,29.9,29.185892,0.0,0.034491777,0.6000000000000001,1.4752828,0,0
2693,29.9,29.167114,0.0,0.014441674,1.0,0.9818845,0,0
2694,29.1,29.278553,0.0,0.012139046,0.7,1.0072273,0,0
2695,28.8,28.473045,0.0,0.011236378,0.9,0.81068385,0,0
2696,28.0,28.075521,0.0,0.008995494,1.4,0.79154813,0,0
2697,27.9,27.316055,0.0,0.009601951,1.1,0.8827548,0,0
2698,27.7,27.197838,0.0,0.010170144,1.0,0.8865027,0,0
2699,27.4,27.436016,0.0,0.009746563,1.0,0.8879806,0,0
2700,27.3,27.432854,0.0,0.010567621,1.7,0.8869769,0,0
2701,27.1,28.018055,0.0,0.0121748485,1.5,1.1341769,0,0
2702,28.3,27.949923,0.0,0.024406575,0.3999999999999999,1.2863892,0,0
2703,29.5,29.14573,0.0,0.013392292,1.0,0.91937757,0,0
2704,30.6,30.687283,0.0,0.011764561,0.7,1.2378693,0,0
2705,31.0,30.675816,0.0,0.014245872,1.5,1.3812152,0,0
2706,31.7,31.042675,0.0,0.015602299,1.5,1.7306311,0,0
2707,32.8,31.435547,0.0,0.015704565,1.5,1.897461,0,0
2708,33.0,31.53987,0.0,0.016059192,2.3,1.8359783,0,0
2709,33.3,31.835953,0.0,0.015846731,2.3,2.0417926,0,0
2710,32.9,31.981768,0.0,0.015816614,2.4,2.1377833,0,0
2711,30.0,31.584677,0.0,0.01598844,2.5,2.0190313,0,0
2712,29.8,29.59642,0.0,0.015879393,1.4,1.6549515,0,0
2713,29.9,28.745026,0.0,0.011295178,0.8,1.1590748,0,0
2714,29.5,28.900978,0.0,0.012799177,1.8,0.91001767,0,0
2715,29.5,28.735737,0.0,0.012468764,0.6000000000000001,1.1203161,0,0
2716,29.4,29.03257,0.0,0.011607536,1.0,0.89555454,0,0
2717,29.4,28.799269,0.0,0.012259295,0.30000000000000004,0.90762126,0,0
2718,28.9,28.805264,0.0,0.009894033,0.0,0.7762146,0,0
2719,28.9,28.017076,0.0,0.008987559,0.8,0.65268385,0,0
2720,28.8,28.28286,0.0,0.009425599,1.0,0.7654512,0,0
2721,28.5,28.422548,0.0,0.008904178,0.9,0.86319035,0,0
2722,28.1,27.661312,0.0,0.009014716,0.3999999999999999,0.82181084,0,0
2723,27.8,27.371628,0.0,0.008597113,0.5,0.74258804,0,0
2724,27.9,27.418684,0.0,0.009716666,1.0,0.73680115,0,0
2725,28.2,28.236496,0.0,0.009359836,0.10000000000000009,0.8872416,0,0
2726,28.6,28.735891,0.0,0.011700193,1.2,0.78873265,0,0
2727,29.9,29.097298,0.0,0.010684476,1.1,0.98060566,0,0
2728,30.1,30.257643,0.0,0.012076985,1.5,1.2911085,0,0
2729,31.0,30.301498,0.0,0.017346967,2.1,1.5357097,0,0
2730,31.5,31.256636,0.0,0.016685043,2.5,2.0368915,0,0
2731,31.6,31.879236,0.0,0.017765883,2.4,2.4243233,0,0
2732,31.7,31.726896,0.0,0.01768051,1.7,2.4427328,0,0
2733,31.8,31.424953,0.0,0.016911982,2.6,2.070072,0,0
2734,31.0,31.359747,0.0,0.016684365,1.1,2.2677038,0,0
2735,29.2,30.33898,0.0,0.015251872,2.0,1.5229905,0,0
2736,29.6,28.686935,0.0,0.014592603,1.0,1.3669245,0,0
2737,29.1,28.70568,0.0,0.01144331,1.0,1.0755873,0,0
2738,29.2,28.29361,0.0,0.011586222,1.2,0.9388021,0,0
2739,28.9,28.821623,0.0,0.011889219,1.2,1.0011222,0,0
2740,28.3,28.603605,0.0,0.013224235,1.3,0.9910464,0,0
2741,27.9,28.270107,0.0,0.011856603,0.6000000000000001,0.98347086,0,0
2742,27.5,27.727278,0.0,0.009698811,1.7,0.8034804,0,0
2743,27.8,27.33283,0.0,0.011890227,0.7,1.0185341,0,0
2744,27.7,27.849869,0.0,0.008997842,0.30000000000000004,0.90627325,0,0
2745,27.3,27.514078,0.0,0.009303337,1.4,0.77345264,0,0
2746,26.8,27.403349,0.0,0.009786406,0.8,0.9360927,0,0
2747,27.2,27.01194,0.0,0.010719465,0.30000000000000004,0.8402556,0,0
2748,26.7,27.592157,0.0,0.009939778,0.8,0.76854944,0,0
2749,27.0,27.362122,0.0,0.011551201,0.8,0.8023639,0,0
2750,27.6,27.907843,0.0,0.010942186,1.1,0.85482156,0,0
2751,29.7,28.40279,0.0,0.011571065,1.1,0.98033786,0,0
2752,30.5,30.421263,0.0,0.012576335,1.0,1.2961919,0,0
2753,30.9,30.896387,0.0,0.015107931,2.1,1.4922364,0,0
2754,30.9,31.422253,0.0,0.016762286,2.9,2.1169763,0,0
2755,30.3,31.014399,0.0,0.019220397,1.2,2.6189399,0,0
2756,30.2,30.291162,0.0,0.016424192,1.5,1.7806648,0,0
2757,32.5,29.799417,0.0,0.014149555,1.3,1.5884141,0,0
2758,33.5,31.053347,0.0,0.013345461,1.8,1.6656101,0,0
2759,32.7,31.525108,0.0,0.01392046,1.8,1.7780421,0,0
2760,32.4,30.968664,0.0,0.013091768,1.4,1.5595697,0,0
2761,31.2,30.51352,0.0,0.011385089,2.0,1.2168729,0,0
2762,30.6,29.273155,0.0,0.024814595,0.3999999999999999,1.1505067,0,0
2763,30.5,29.243551,0.0,0.012623571,0.30000000000000004,0.81949615,0,0
2764,30.0,29.148796,0.0,0.0099231815,0.30000000000000004,0.7434968,0,0
2765,29.2,29.062346,0.0,0.009824935,0.7,0.7286782,0,0
2766,28.9,28.708506,0.0,0.008563857,1.3,0.75518787,0,0
2767,28.5,28.243467,0.0,0.008522008,1.1,0.86204934,0,0
2768,27.9,27.909103,0.0,0.008556767,1.1,0.87263757,0,0
2769,27.8,27.528341,0.0,0.008749769,1.3,0.8777453,0,0
2770,27.4,27.637438,0.0,0.010222205,0.7,0.9435544,0,0
2771,27.4,27.272104,0.0,0.009793825,1.4,0.8186101,0,0
2772,27.1,27.899937,0.0,0.009373673,0.8,0.9981435,0,0
2773,27.1,27.337688,0.0,0.010179832,1.2,0.8855892,0,0
2774,28.2,27.5772,0.0,0.015119562,1.2,0.95031494,0,0
2775,30.5,29.245174,0.0,0.010954766,0.5,1.1283704,0,0
2776,32.2,31.014946,0.0,0.01144071,2.0,1.1873955,0,0
2777,33.6,32.39171,0.0,0.016975947,1.6,2.1345968,0,0
2778,33.9,32.970463,0.0,0.017558457,1.6,2.2606883,0,0
2779,33.6,33.17649,0.0,0.017396096,3.6,2.243486,0,0
2780,32.4,33.037853,0.0,0.020154325,2.4,3.005034,0,0
2781,32.9,32.337654,0.0,0.018226102,3.1,2.5037541,0,0
2782,33.3,32.269848,0.0,0.017422838,1.3,2.5971837,0,0
2783,30.7,31.465567,0.0,0.014695577,2.3,1.6044543,0,0
2784,31.3,30.17838,0.0,0.013613904,0.8,1.5244046,0,0
2785,30.8,29.905027,0.0,0.009438103,2.1,0.9949823,0,0
2786,29.8,29.738077,0.0,0.011403706,1.5,1.3060668,0,0
2787,29.6,28.809488,0.0,0.011361719,0.6000000000000001,1.1018366,0,0
2788,28.3,28.725033,0.0,0.009190981,1.0,0.8644682,0,0
2789,28.7,27.418777,0.0,0.010008656,0.7,0.8186511,0,0
2790,28.0,27.99539,0.0,0.008387487,0.9,0.7968018,0,0
2791,27.7,27.56258,0.0,0.008978734,0.8,0.80079234,0,0
2792,27.1,27.295303,0.0,0.008914152,1.1,0.77921736,0,0
2793,27.0,26.950245,0.0,0.008313975,1.1,0.83211076,0,0
2794,26.9,26.700394,0.0,0.008989137,1.4,0.85665977,0,0
2795,26.6,26.779703,0.0,0.009312591,1.2,0.9588062,0,0
2796,26.6,26.66754,0.0,0.0101438165,1.3,0.9504694,0,0
2797,26.7,26.938046,0.0,0.0109762335,1.3,0.9964983,0,0
2798,27.5,27.242525,0.0,0.011976325,1.1,1.0369817,0,0
2799,29.9,28.367565,0.0,0.011290126,1.6,1.0475127,0,0
2800,31.1,30.504774,0.0,0.014270594,0.9,1.5462465,0,0
2801,32.7,31.362888,0.0,0.01437892,1.4,1.4918768,0,0
2802,32.8,32.542194,0.0,0.016212547,2.0,1.9281639,0,0
2803,33.8,32.598763,0.0,0.017248318,1.5,2.2508023,0,0
2804,34.1,32.789738,0.0,0.016642042,2.8,2.1256146,0,0
2805,33.5,32.92237,0.0,0.018067956,2.2,2.4995248,0,0
2806,33.0,32.620895,0.0,0.016461268,3.2,2.2468312,0,0
2807,32.4,32.16067,0.0,0.01703482,2.2,2.4506748,0,0
2808,30.2,31.13525,0.0,0.015934253,1.5,1.8368026,0,0
2809,27.9,29.41771,0.0,0.015027466,0.8,1.2508477,0,0
2810,27.4,28.11819,0.0,0.011101985,1.6,0.8380693,0,0
2811,27.4,27.061142,0.0,0.01046947,0.19999999999999996,0.92194784,0,0
2812,28.8,27.036978,0.0,0.008946063,0.6000000000000001,0.7344793,0,0
2813,28.4,28.513817,0.0,0.008247746,0.6000000000000001,0.8673804,0,0
2814,27.3,27.984587,0.0,0.009043535,1.0,0.8181982,0,0
2815,27.3,26.855316,0.0,0.00956875,1.1,0.79681706,0,0
2816,26.9,27.112629,0.0,0.009342114,0.3999999999999999,0.8677697,0,0
2817,26.8,26.982851,0.0,0.010554577,1.1,0.7460904,0,0
2818,26.4,27.356556,0.0,0.009601068,0.7,0.86142296,0,0
2819,27.4,26.905485,0.0,0.010941917,1.2,0.78958654,0,0
2820,28.9,28.124962,0.0,0.011635692,1.1,0.9543813,0,0
2821,30.9,29.780844,0.0,0.010975491,1.4,1.1211002,0,0
2822,32.4,31.480022,0.0,0.014384792,1.3,1.5654479,0,0
2823,32.9,32.376453,0.0,0.01580951,2.4,1.8631866,0,0
2824,33.8,32.512306,0.0,0.017873624,1.9,2.3995793,0,0
2825,34.1,32.89582,0.0,0.017189045,2.5,2.3237479,0,0
2826,33.8,33.0938,0.0,0.017454796,2.2,2.49257,0,0
2827,33.5,32.740913,0.0,0.01634333,2.8,2.2620108,0,0
2828,32.9,32.075123,0.0,0.016444597,1.2,2.2354014,0,0
2829,32.2,31.1292,0.0,0.013973,1.7,1.4140998,0,0
2830,31.4,30.757765,0.0,0.012912191,1.6,1.3280725,0,0
2831,30.7,30.031607,0.0,0.012629516,1.0,1.1773533,0,0
2832,30.4,29.589977,0.0,0.01173529,1.2,0.934619,0,0
2833,30.4,29.43668,0.0,0.0124098845,0.3999999999999999,0.9277486,0,0
2834,30.1,29.836283,0.0,0.010490309,0.6000000000000001,0.82657456,0,0
2835,29.5,29.50533,0.0,0.010870032,0.7,0.81739044,0,0
2836,29.4,28.755596,0.0,0.010605076,0.6000000000000001,0.76518774,0,0
2837,29.0,28.907211,0.0,0.009274259,0.5,0.78552663,0,0
2838,28.7,28.215002,0.0,0.009134951,1.1,0.739591,0,0
2839,27.5,28.056446,0.0,0.00912497,1.2,0.8534999,0,0
2840,27.5,27.239761,0.0,0.010342327,1.1,0.8561417,0,0
2841,27.2,27.511383,0.0,0.009756388,1.0,0.88582003,0,0
2842,27.1,27.409529,0.0,0.010143561,0.8,0.87198555,0,0
2843,28.2,27.793324,0.0,0.0116609195,1.1,0.8449292,0,0
2844,30.9,29.067083,0.0,0.011749948,0.9,0.9878453,0,0
2845,32.7,31.46491,0.0,0.012680176,1.3,1.2940192,0,0
2846,33.5,32.69139,0.0,0.015828729,0.9,1.7435184,0,0
2847,33.3,33.075043,0.0,0.016353378,2.9,1.7868907,0,0
2848,33.6,33.141727,0.0,0.019577403,2.6,2.5885797,0,0
2849,33.9,33.17623,0.0,0.019625008,3.1,2.6436574,0,0
2850,33.2,33.181942,0.0,0.019479051,3.3,2.8544328,0,0
2851,33.4,32.89087,0.0,0.018526372,2.4,2.9131455,0,0
2852,32.8,32.390347,0.0,0.016141454,1.8,2.2920542,0,0
2853,30.9,30.95535,0.0,0.014673246,2.0,1.5501121,0,0
2854,31.4,29.875456,0.0,0.012447977,1.1,1.3552116,0,0
2855,30.7,29.839226,0.0,0.011680464,1.9,1.0020399,0,0
2856,30.5,29.409525,0.0,0.012957087,0.5,1.2484541,0,0
2857,30.0,29.385904,0.0,0.012440774,1.2,0.82521963,0,0
2858,29.3,28.818314,0.0,0.014194129,0.7,0.90195847,0,0
2859,29.7,28.343681,0.0,0.010424548,1.3,0.7231177,0,0
2860,29.5,28.857132,0.0,0.009783009,0.6000000000000001,0.92311186,0,0
2861,29.1,28.617458,0.0,0.009404593,0.7,0.813485,0,0
2862,28.8,28.124533,0.0,0.009340346,0.8,0.7912196,0,0
2863,28.1,27.882437,0.0,0.010054829,0.9,0.78231823,0,0
2864,27.7,27.618425,0.0,0.008681224,0.7,0.80948424,0,0
2865,27.4,27.489128,0.0,0.009994999,1.0,0.78241277,0,0
2866,27.2,27.599014,0.0,0.010306316,0.9,0.84205747,0,0
2867,28.2,27.886303,0.0,0.011350936,0.7,0.85497534,0,0
2868,30.0,29.006968,0.0,0.0111067435,1.3,0.8862673,0,0
2869,31.7,30.856571,0.0,0.012465102,1.2,1.2843747,0,0
2870,33.2,32.28677,0.0,0.015372691,1.1,1.6126894,0,0
2871,33.0,33.006996,0.0,0.016278716,2.1,1.8003174,0,0
2872,33.0,32.985325,0.0,0.017733721,3.1,2.2685292,0,0
2873,33.4,32.711704,0.0,0.02022808,2.5,2.765667,0,0
2874,32.4,32.814533,0.0,0.018573318,3.4,2.5608537,0,0
2875,31.5,32.091183,0.0,0.018343106,2.6,2.7801545,0,0
2876,27.4,30.952993,0.5,0.017468238,2.6,2.1748583,1,0
2877,28.9,25.90341,0.5,2.2729847,1.7,1.5171444,1,1
2878,28.8,28.137434,0.0,0.065815,0.7,1.3164498,0,0
2879,29.0,27.547165,0.0,0.022532154,0.5,0.891232,0,0
2880,28.5,28.079018,0.0,0.012683111,1.1,0.74491215,0,0
2881,28.6,27.780388,0.0,0.012051405,1.4,0.81083274,0,0
2882,28.3,28.003145,0.0,0.010738969,0.8,0.93142074,0,0
2883,28.3,27.895727,0.0,0.010050298,1.1,0.8324301,0,0
2884,28.0,27.913269,0.0,0.009549065,1.2,0.8784471,0,0
2885,27.9,27.744125,0.0,0.009555717,1.1,0.9119616,0,0
2886,27.5,27.652954,0.0,0.008667602,1.0,0.92684054,0,0
2887,27.2,27.128162,0.0,0.009312072,1.2,0.8940641,0,0
2888,27.2,26.780628,0.0,0.009436538,1.3,0.92264855,0,0
2889,27.1,26.870914,0.0,0.010142996,1.4,0.9820087,0,0
2890,27.2,27.24473,0.0,0.013735672,0.8,1.0504165,0,0
2891,27.5,27.818619,0.0,0.014290733,0.8,0.9246581,0,0
2892,28.8,28.538113,0.0,0.011787567,0.9,0.9204976,0,0
2893,30.5,29.497591,0.0,0.012396707,1.1,1.0246643,0,0
2894,31.8,31.122606,0.0,0.013417835,0.5,1.4031215,0,0
2895,31.9,31.751644,0.0,0.014199103,1.1,1.531907,0,0
2896,29.7,31.416763,2.5,0.015655402,0.30000000000000004,1.6533828,1,0
2897,30.1,28.88739,0.0,0.22114642,2.0,1.0344648,0,0
2898,31.0,28.382055,0.0,0.018090717,1.1,1.1086234,0,0
2899,28.5,29.894821,3.5,0.012082385,1.4,1.3183917,1,0
2900,28.9,25.254148,0.0,4.953937,1.6,1.2896681,0,1
2901,28.9,27.048824,0.0,0.105711795,1.4,1.0140235,0,0
2902,28.8,28.061562,0.0,0.01587573,1.1,1.0851941,0,0
2903,27.6,28.469984,0.0,0.014596168,0.9,0.98728,0,0
2904,26.8,27.995958,0.0,0.011359164,1.1,0.881212,0,0
2905,26.8,26.774487,0.0,0.01187962,0.19999999999999996,0.83341527,0,0
2906,26.5,26.660906,0.5,0.010210903,1.3,0.69137263,1,0
2907,26.6,26.805168,0.0,0.0155675225,1.0,0.73103476,0,0
2908,26.4,26.485775,0.0,0.013023962,1.4,0.8047621,0,0
2909,26.7,26.385658,0.0,0.012993993,0.7,0.9684133,0,0
2910,26.7,27.044636,0.0,0.01242821,0.8,0.8629837,0,0
2911,27.3,27.370924,0.0,0.011541534,1.4,0.8603531,0,0
2912,28.5,27.877495,0.0,0.01184145,0.30000000000000004,1.0542389,0,0
2913,29.2,29.36748,0.0,0.011336238,0.3999999999999999,0.91513413,0,0
2914,29.3,29.82566,0.0,0.013059217,0.6000000000000001,0.91510904,0,0
2915,29.4,29.963232,0.0,0.013063278,0.7,0.97984666,0,0
2916,25.4,29.419062,35.99999999999999,0.012611496,0.9,1.0655689,1,0
2917,29.2,24.545076,0.0,6.544109,1.3,1.2341354,0,1
2918,28.9,29.667677,0.0,0.016275428,1.4,1.228005,0,0
2919,28.3,29.146881,0.0,0.020773148,0.19999999999999996,1.1659954,0,0
2920,28.1,28.145884,0.0,0.03261646,0.5,0.75711524,0,0
2921,27.6,27.841904,0.0,0.015209335,0.7,0.6511358,0,0
2922,27.5,27.653896,0.0,0.014066083,0.30000000000000004,0.65265286,0,0
2923,27.6,27.661116,0.0,0.0141655635,0.8,0.697155,0,0
2924,27.4,27.693188,0.0,0.011291109,1.0,0.74927807,0,0
2925,27.1,27.401155,0.0,0.0104867,1.3,0.8431555,0,0
2926,26.9,27.155981,0.0,0.01121211,1.2,0.9459188,0,0
2927,26.7,26.866346,0.0,0.01129224,1.0,0.9524601,0,0
2928,26.7,26.601242,0.0,0.011797236,1.0,0.8966211,0,0
2929,26.4,26.921926,0.0,0.011100042,0.6000000000000001,0.8896425,0,0
2930,26.5,26.73081,0.0,0.010578136,0.6000000000000001,0.7962086,0,0
2931,26.8,27.190296,0.0,0.0128591955,1.1,0.77856266,0,0
2932,28.3,27.773006,0.0,0.011920788,1.0,0.94130594,0,0
2933,30.0,29.183912,0.0,0.011710178,0.19999999999999996,1.0768679,0,0
2934,31.0,30.437021,0.0,0.010658504,1.0,1.0637002,0,0
2935,30.5,30.93478,0.0,0.013918862,1.4,1.3168257,0,0
2936,29.9,30.789848,0.0,0.015787516,1.3,1.6432256,0,0
2937,30.6,30.049042,0.0,0.016095314,1.6,1.5786694,0,1
2938,31.0,30.154888,0.0,0.015379227,1.9,1.6970805,0,0
2939,31.0,30.242203,0.0,0.015150239,2.4,1.7554914,0,0
2940,31.2,30.088022,0.0,0.015045874,1.9,1.9116185,0,0
2941,27.9,29.841896,0.0,0.014012717,1.2,1.6496869,0,0
2942,27.7,27.071371,0.0,0.024492243,0.7,0.9394251,0,0
2943,27.4,27.063345,0.0,0.0134251965,0.3999999999999999,0.77380526,0,0
2944,27.6,27.056767,0.0,0.010596388,0.8,0.69027936,0,0
2945,27.4,27.298395,0.0,0.009145811,0.3999999999999999,0.7600213,0,0
2946,27.2,27.142706,0.0,0.008854919,1.0,0.7049221,0,0
2947,27.2,26.97817,0.0,0.007932621,0.30000000000000004,0.79584754,0,0
2948,27.1,26.83869,0.0,0.008260795,0.9,0.73247623,0,0
2949,26.9,26.820942,0.0,0.008900614,0.5,0.8426212,0,0
2950,26.4,26.746265,0.0,0.009024064,0.9,0.76960087,0,0
2951,26.9,26.397923,0.0,0.010195942,1.1,0.796487,0,0
2952,28.5,27.214657,0.0,0.0107985,0.6000000000000001,0.9158388,0,0
2953,29.3,28.822021,0.0,0.009138487,2.1,0.9787528,0,0
2954,29.1,29.961027,0.0,0.014601897,2.7,1.8903211,0,0
2955,29.1,29.44686,0.0,0.013652481,2.0,2.3901384,0,0
2956,28.6,29.048506,0.0,0.0151714785,0.9,2.0673385,0,0
2957,28.2,28.19422,0.0,0.010705598,1.3,1.2877901,0,0
2958,28.6,27.67617,0.0,0.010490539,0.7,1.1262062,0,0
2959,29.4,27.789011,0.0,0.00806777,1.6,0.93839544,0,0
2960,28.7,28.283762,0.0,0.008400951,1.8,1.1824522,0,0
2961,28.6,27.673805,0.0,0.011994517,1.1,1.2065645,0,0
2962,29.0,27.6657,0.0,0.012278,1.1,0.981716,0,0
2963,29.0,28.274368,0.0,0.011680284,1.4,1.0007175,0,0
2964,28.8,28.396082,0.0,0.011271556,0.8,1.1298226,0,0
2965,28.7,28.624268,0.0,0.0099337455,0.5,1.037399,0,0
2966,28.3,28.49956,0.0,0.008702305,0.3999999999999999,0.9520464,0,0
2967,27.1,27.792706,0.0,0.008270306,0.9,0.8265457,0,0
2968,27.3,26.233192,0.0,0.010282594,0.7,0.7526138,0,0
2969,27.6,26.814604,0.0,0.00785473,0.5,0.8202448,0,0
2970,27.2,27.066145,0.0,0.0091272965,0.3999999999999999,0.86915433,0,0
2971,26.2,26.863918,0.0,0.009172473,0.6000000000000001,0.786775,0,0
2972,26.3,26.291805,0.0,0.009332056,0.19999999999999996,0.74555826,0,0
2973,27.2,26.629045,0.0,0.009080994,0.8,0.7046014,0,0
2974,29.8,28.135286,0.0,0.009937681,1.6,0.88552374,0,0
2975,29.9,30.550611,0.0,0.015007962,1.5,1.8843287,0,0
2976,30.5,30.76997,0.0,0.016473789,3.0,2.095591,0,0
2977,31.1,31.135664,0.0,0.017410947,1.5,2.9295719,0,0
2978,30.8,30.988398,0.0,0.0170873,2.8,2.2828927,0,0
2979,31.0,30.861906,0.0,0.016066998,2.5,2.5626383,0,0
2980,31.3,30.573751,0.0,0.015170521,2.2,2.3943186,0,0
2981,30.9,30.4938,0.0,0.0144465,2.7,2.1860564,0,0
2982,30.0,29.891247,0.0,0.014424634,1.8,2.107335,0,0
2983,30.5,28.846924,0.0,0.012905611,2.5,1.4349318,0,0
2984,29.8,29.192387,0.0,0.01192536,2.5,1.5639893,0,0
2985,29.6,28.614809,0.0,0.012682119,1.1,1.5216509,0,0
2986,29.5,28.60606,0.0,0.0107724015,0.3999999999999999,1.0766584,0,0
2987,28.6,28.454018,0.0,0.009021644,0.7,0.82203317,0,0
2988,28.7,28.01664,0.0,0.008323196,0.6000000000000001,0.7858957,0,0
2989,29.0,28.106016,0.0,0.007946304,0.6000000000000001,0.80319977,0,0
2990,28.7,28.536243,0.0,0.008753986,0.9,0.9231039,0,0
2991,28.6,28.24034,0.0,0.009370181,1.4,0.95431256,0,0
2992,28.4,28.335678,0.0,0.010310711,2.0,1.1662912,0,0
2993,28.0,28.393396,0.0,0.011650524,0.9,1.5155869,0,0
2994,28.1,27.461704,0.0,0.010717801,1.0,1.1642123,0,0
2995,27.7,27.391718,0.0,0.010763052,0.9,1.1707429,0,0
2996,27.5,27.168882,0.0,0.017462403,0.9,0.95614153,0,0
2997,29.5,26.988844,0.0,0.011803957,0.7,0.9047185,0,0
2998,30.8,29.862959,0.0,0.010788058,1.1,1.2795765,0,0
2999,31.4,31.049526,0.0,0.015269984,1.5,1.8120204,0,0
3000,32.1,31.58211,0.0,0.016355708,1.4,2.2716866,0,0
3001,33.3,31.949656,0.0,0.016395556,2.0,2.3349314,0,0
3002,32.2,32.318935,0.0,0.017536355,3.0,2.7333372,0,0
3003,31.2,31.788843,0.0,0.019567585,3.9,2.9374545,0,0
3004,31.1,31.431278,0.0,0.019833742,3.4,3.296878,0,0
3005,31.2,31.161148,0.0,0.018155802,2.2,3.1166158,0,0
3006,30.2,30.779968,0.0,0.01522798,1.6,2.3127084,0,0
3007,29.5,29.29133,0.0,0.014677767,2.0,1.4447008,0,0
3008,29.4,28.490349,0.0,0.035808545,1.3,1.2588537,0,0
3009,29.7,28.69484,0.0,0.011071314,1.0,1.0663851,0,0
3010,30.0,28.991795,0.0,0.010733747,1.6,1.0008827,0,0
3011,29.8,29.539804,0.0,0.011016042,1.2,1.3000481,0,0
3012,29.5,29.17852,0.0,0.009955873,1.1,1.1936352,0,0
3013,28.8,28.713411,0.0,0.009892317,0.5,1.0793304,0,0
3014,28.1,27.58226,0.0,0.009639791,0.7,0.8274336,0,0
3015,27.7,26.84291,0.0,0.009592511,0.8,0.75534153,0,0
3016,27.4,26.9372,0.0,0.008621426,0.7,0.7656499,0,0
3017,27.2,26.865433,0.0,0.008650422,0.6000000000000001,0.7636528,0,0
3018,27.3,26.94181,0.0,0.009256467,1.0,0.7506404,0,0
3019,27.9,27.608421,0.0,0.0119569665,0.9,0.8698407,0,0
3020,29.9,28.963205,0.0,0.0116407685,1.1,0.97094125,0,0
3021,31.2,30.870829,0.0,0.012786442,1.1,1.3541213,0,0
3022,32.8,32.118145,0.0,0.014796839,0.5,1.6878016,0,0
3023,34.3,32.797592,0.0,0.015176058,1.3,1.7160034,0,0
3024,34.7,33.522667,0.0,0.01648328,1.2,2.1795337,0,0
3025,34.8,33.5123,0.0,0.016242893,2.3,2.1512938,0,0
3026,33.3,33.717632,0.0,0.01735737,2.9,2.419925,0,0
3027,32.3,32.54264,0.0,0.01862112,2.4,2.4290183,0,0
3028,32.2,31.576614,0.0,0.016164042,2.6,1.9287784,0,0
3029,28.5,31.461428,0.0,0.014704288,2.0,1.7867173,0,0
3030,28.2,28.991785,0.0,0.018226072,1.4,1.2402825,0,0
3031,27.8,28.224264,0.0,0.009112034,0.8,1.0002267,0,0
3032,27.4,27.280338,0.0,0.009252677,1.1,0.8731098,0,0
3033,27.2,26.639051,0.0,0.008327118,0.8,0.83784723,0,0
3034,27.2,26.407999,0.0,0.0073744087,0.30000000000000004,0.78943,0,0
3035,26.5,26.652302,0.0,0.0070273047,1.3,0.70900774,0,0
3036,26.9,26.187069,0.0,0.008092904,0.3999999999999999,0.8292998,0,0
3037,26.7,26.97174,0.0,0.006875186,0.9,0.76533663,0,0
3038,26.7,27.04192,0.0,0.008169115,1.3,0.82819235,0,0
3039,27.8,27.43187,0.0,0.009297656,0.9,0.97242695,0,0
3040,30.5,28.619074,0.0,0.009490815,1.3,1.0010366,0,0
3041,32.2,31.332766,0.0,0.01294771,1.5,1.5449735,0,0
3042,33.1,32.422554,0.0,0.01625486,3.9,2.0179515,0,0
3043,34.1,32.85715,0.0,0.020452678,2.4,3.4750507,0,0
3044,33.3,33.56568,0.0,0.01951136,3.3,3.13463,0,0
3045,33.0,32.851784,0.0,0.020070277,3.9,3.3752463,0,0
3046,31.7,32.415123,0.0,0.019797921,4.4,3.494104,0,0
3047,31.5,31.685043,0.0,0.019078402,3.6,3.5918002,0,0
3048,31.9,31.335209,0.0,0.017383331,1.9,3.2628708,0,0
3049,31.4,30.722687,0.0,0.014767922,2.1,1.9663713,0,0
3050,30.8,29.800062,0.0,0.012518101,1.5,1.5126749,0,0
3051,30.2,29.220201,0.0,0.00933629,1.9,1.0833977,0,0
3052,30.0,28.766134,0.0,0.009667045,1.0,1.2022307,0,0
3053,29.8,28.789759,0.0,0.008150271,0.8,0.9639509,0,0
3054,29.3,28.561222,0.0,0.0072686234,0.8,0.88314956,0,0
3055,27.6,27.923084,0.0,0.007082996,0.7,0.83815885,0,0
3056,27.0,26.392237,0.0,0.007069171,0.7,0.7260927,0,0
3057,27.1,26.005028,0.0,0.0061855335,0.5,0.7034961,0,0
3058,26.9,26.233957,0.0,0.0057766438,0.6000000000000001,0.71969247,0,0
3059,28.7,26.226517,0.0,0.0063968534,0.8,0.7413571,0,0
3060,26.8,29.076286,0.0,0.0073026577,0.7,1.0095137,0,0
3061,31.3,27.14937,0.0,0.012426747,1.7,0.85328364,0,0
3062,33.0,31.478346,0.0,0.015511403,1.5,2.1182687,0,0
3063,34.3,32.851437,0.0,0.01805574,1.3,2.6113348,0,0
3064,33.0,33.712494,0.0,0.018648015,4.0,2.7704825,0,0
3065,32.7,32.973217,0.0,0.02178047,4.800000000000001,3.801707,0,0
3066,33.2,32.951653,0.0,0.021844797,3.2,4.2987413,0,0
3067,33.7,33.051117,0.0,0.020639384,2.0,3.8251991,0,0
3068,32.8,32.85937,0.0,0.017073194,3.4,2.6974187,0,0
3069,32.4,32.206173,0.0,0.016556833,2.5,2.813039,0,0
3070,32.3,31.641775,0.0,0.014656738,3.2,2.2296014,0,0
3071,31.3,31.088503,0.0,0.014309505,2.2,2.1581864,0,0
3072,30.6,29.872398,0.0,0.01225709,1.0,1.4751211,0,0
3073,29.9,29.292957,0.0,0.009090494,0.5,0.91609097,0,0
3074,29.7,28.574179,0.0,0.010060464,1.0,0.7228898,0,0
3075,29.5,28.420193,0.0,0.009409163,0.6000000000000001,0.77890074,0,0
3076,29.3,28.589897,0.0,0.008300106,0.6000000000000001,0.7755414,0,0
3077,29.2,28.259544,0.0,0.007886456,1.0,0.7465775,0,0
3078,28.9,28.387697,0.0,0.007529717,0.5,0.8561294,0,0
3079,28.7,28.109625,0.0,0.007588084,0.5,0.79810894,0,0
3080,28.5,27.94973,0.0,0.008109504,0.6000000000000001,0.80188704,0,0
3081,28.1,27.954283,0.0,0.007604749,0.3999999999999999,0.82088006,0,0
3082,28.1,27.607147,0.0,0.00828155,0.8,0.8066894,0,0
3083,28.1,27.890383,0.0,0.008613107,0.19999999999999996,0.8618908,0,0
3084,28.9,28.284672,0.0,0.008690099,0.3999999999999999,0.7854315,0,0
3085,29.9,29.564373,0.0,0.010198244,1.0,0.89954406,0,0
3086,31.1,31.009918,0.0,0.012844743,1.5,1.4284502,0,0
3087,32.6,31.89905,0.0,0.015679218,2.0,2.0589385,0,0
3088,32.3,32.54619,0.0,0.018101294,2.7,2.6502926,0,0
3089,32.0,32.46958,0.0,0.018689403,2.1,2.91714,0,0
3090,32.4,32.06014,0.0,0.017330203,2.4,2.5059009,0,0
3091,31.0,31.91674,0.0,0.016360419,2.7,2.3732598,0,0
3092,29.5,30.955786,0.0,0.015222977,1.6,2.2083247,0,0
3093,29.2,28.743998,0.0,0.022963835,1.4,1.2817376,0,0
3094,28.3,28.378038,0.0,0.010192407,1.2,1.0399106,0,0
3095,28.6,27.759146,0.0,0.007634805,0.3999999999999999,0.92985624,0,0
3096,28.0,27.598108,0.0,0.007579732,1.0,0.7622404,0,0
3097,27.9,27.216028,0.0,0.010144378,0.6000000000000001,0.8063636,0,0
3098,27.8,27.230043,0.0,0.0074922824,0.6000000000000001,0.7359457,0,0
3099,27.5,27.334455,0.0,0.008700448,0.6000000000000001,0.7489445,0,0
3100,27.3,27.282192,0.0,0.00887087,1.1,0.744696,0,0
3101,27.3,27.06192,0.0,0.00822109,1.2,0.829473,0,0
3102,27.1,27.207033,0.0,0.008313204,0.7,0.91458994,0,0
3103,26.8,26.929644,0.0,0.007821252,1.2,0.821134,0,0
3104,26.5,26.546032,0.0,0.00772063,1.1,0.8862676,0,0
3105,26.3,26.13896,0.0,0.008693835,1.5,0.8743349,0,0
3106,26.0,26.184462,0.0,0.008336321,0.5,0.9958869,0,0
3107,26.1,26.028124,0.0,0.008606938,0.8,0.7917969,0,0
3108,27.0,26.761688,0.0,0.007833168,1.0,0.8445028,0,0
3109,29.0,28.048603,0.0,0.0096249385,0.9,0.9926915,0,0
3110,30.5,30.009237,0.0,0.011264052,1.0,1.2643049,0,0
3111,31.1,31.17913,0.0,0.014083747,0.7,1.6332272,0,0
3112,32.1,31.425022,0.0,0.014650566,2.3,1.7142264,0,0
3113,32.1,31.52036,0.0,0.01716098,2.0,2.3312223,0,0
3114,32.0,31.655075,0.0,0.01633481,2.2,2.2648783,0,0
3115,31.1,31.345541,0.0,0.015770372,1.2,2.163605,0,0
3116,30.7,30.43405,0.0,0.013218769,0.8,1.5909792,0,0
3117,29.7,29.347773,0.0,0.010999026,1.5,1.1022004,0,0
3118,29.6,28.24735,0.0,0.0151089365,0.8,1.0149095,0,0
3119,28.0,28.47987,0.0,0.0135593675,1.7,0.84148574,0,0
3120,27.1,27.6734,0.0,0.011438366,1.7,0.97780776,0,0
3121,26.8,27.018425,0.0,0.010046851,1.2,1.062162,0,0
3122,26.7,26.804192,0.0,0.008520038,0.8,0.9571781,0,0
3123,26.5,26.308012,0.0,0.0075086458,1.5,0.8250674,0,0
3124,26.5,26.039234,0.0,0.008345359,1.0,0.94146603,0,0
3125,26.5,26.167536,0.0,0.0077731134,0.9,0.89451045,0,0
3126,26.2,26.41711,0.0,0.007749259,1.0,0.8644977,0,0
3127,25.9,26.11165,0.0,0.00805893,1.1,0.85244393,0,0
3128,26.0,25.835407,0.0,0.008884975,0.9,0.8708348,0,0
3129,26.7,26.502817,0.0,0.009319768,0.7,0.8666703,0,0
3130,28.2,27.527157,0.0,0.00936146,1.0,0.86683756,0,0
3131,30.4,29.314034,0.0,0.009732536,0.30000000000000004,1.0895606,0,0
3132,31.1,31.09453,0.0,0.011655383,1.6,1.2414078,0,0
3133,31.7,31.558306,0.0,0.01630347,1.6,2.005781,0,0
3134,32.3,31.7304,0.0,0.016483082,1.3,2.1767752,0,0
3135,31.6,31.653215,0.0,0.015901968,2.0,2.0139449,0,0
3136,31.5,31.053091,0.0,0.015702372,2.6,2.0228977,0,0
3137,31.5,30.854126,0.0,0.014907224,2.0,2.1215765,0,0
3138,31.9,30.335258,0.0,0.013620863,1.4,1.7505436,0,0
3139,31.2,30.422405,0.0,0.011063005,1.6,1.3994354,0,0
3140,30.7,29.525883,0.0,0.009745577,1.2,1.1533152,0,0
3141,30.0,29.0747,0.0,0.012113977,1.3,0.93185866,0,0
3142,29.7,28.587078,0.0,0.011352783,0.7,0.9010988,0,0
3143,29.4,28.491835,0.0,0.008746357,0.6000000000000001,0.7994131,0,0
3144,28.6,28.313906,0.0,0.008717264,1.5,0.76505554,0,0
3145,28.9,27.711205,0.0,0.009915051,0.10000000000000009,0.9099444,0,0
3146,28.2,28.052055,0.0,0.0073897536,1.1,0.7419995,0,0
3147,27.6,27.542414,0.0,0.0083331475,1.1,0.7990854,0,0
3148,27.3,27.241173,0.0,0.008019406,0.8,0.8355192,0,0
3149,27.3,26.84175,0.0,0.0076976893,1.0,0.7983904,0,0
3150,26.8,26.95898,0.0,0.00852351,0.8,0.84356844,0,0
3151,26.9,26.662882,0.0,0.008269358,1.1,0.8097421,0,0
3152,26.7,27.023027,0.0,0.00951946,0.9,0.8812146,0,0
3153,27.6,27.366142,0.0,0.011131833,0.9,0.8749305,0,0
3154,28.8,28.613394,0.0,0.0114721535,1.1,0.973667,0,0
3155,30.6,29.862232,0.0,0.011251902,0.8,1.2098854,0,0
3156,31.4,31.284266,0.0,0.013807159,1.3,1.4664396,0,0
3157,32.1,31.780312,0.0,0.01542334,1.8,1.8486996,0,0
3158,32.5,31.96651,0.0,0.016522082,2.5,2.1836667,0,0
3159,31.7,32.036194,0.0,0.017552836,2.5,2.4309075,0,0
3160,32.0,31.557795,0.0,0.016514136,1.8,2.3186436,0,0
3161,31.2,31.234102,0.0,0.015099622,1.9,1.8841989,0,0
3162,31.2,30.247833,0.0,0.013852376,1.2,1.5515418,0,0
3163,30.6,29.989817,0.0,0.010273272,1.5,1.203491,0,0
3164,29.9,29.283785,0.0,0.010245693,1.0,1.0854349,0,0
3165,29.6,28.73824,0.0,0.011353559,0.7,0.9079994,0,0
3166,29.7,28.561804,0.0,0.012130623,1.1,0.7985734,0,0
3167,29.3,28.914614,0.0,0.00988659,0.5,0.91761607,0,0
3168,29.1,28.498993,0.0,0.009425806,0.7,0.7918354,0,0
3169,28.1,28.358616,0.0,0.009358226,0.7,0.7927083,0,0
3170,28.4,27.612686,0.0,0.008713126,0.9,0.7426808,0,0
3171,28.4,27.74958,0.0,0.007907842,0.30000000000000004,0.81207347,0,0
3172,28.1,27.721113,0.0,0.007881098,0.3999999999999999,0.7699294,0,0
3173,28.0,27.364372,0.0,0.008285454,1.1,0.76012313,0,0
3174,27.4,27.520802,0.0,0.009295761,0.6000000000000001,0.8603574,0,0
3175,27.4,27.455767,0.0,0.009118722,1.2,0.80806875,0,0
3176,27.6,27.898504,0.0,0.010493747,0.8,0.94826776,0,0
3177,28.7,28.406939,0.0,0.011814601,0.7,0.9321976,0,0
3178,30.2,29.617315,0.0,0.011222308,1.4,1.0575689,0,0
3179,31.6,31.075172,0.0,0.014949601,1.8,1.634495,0,0
3180,32.4,31.99429,0.0,0.016656347,1.9,2.190569,0,0
3181,32.6,32.493477,0.0,0.017536493,2.1,2.3710318,0,0
3182,32.4,32.472805,0.0,0.018365772,2.5,2.4825163,0,0
3183,32.8,32.123325,0.0,0.018572137,2.5,2.5590003,0,0
3184,33.3,32.369442,0.0,0.017361894,3.0,2.5334404,0,0
3185,32.8,32.445408,0.0,0.0170956,2.3,2.695251,0,0
3186,32.6,32.05316,0.0,0.015396271,2.2,2.2978728,0,0
3187,31.6,31.536066,0.0,0.014576832,2.3,2.0221145,0,0
3188,30.8,30.53701,0.0,0.013401038,1.7,1.6940144,0,0
3189,29.9,29.05117,0.0,0.017955406,1.3,1.0885749,0,0
3190,29.5,28.590103,0.0,0.01266105,0.9,0.90571237,0,0
3191,29.3,28.547955,0.0,0.010333573,0.9,0.81890786,0,0
3192,29.0,28.594423,0.0,0.01060077,0.7,0.8311684,0,0
3193,28.7,28.363838,0.0,0.008764106,1.3,0.7964097,0,0
3194,28.7,28.26743,0.0,0.00905532,0.7,0.9584046,0,0
3195,28.3,28.06446,0.0,0.008921,0.5,0.8697528,0,0
3196,28.0,27.590149,0.0,0.008366463,1.1,0.8249092,0,0
3197,28.0,27.349812,0.0,0.010282203,0.8,0.9213599,0,0
3198,27.8,27.550638,0.0,0.011120191,0.9,0.88826805,0,0
3199,27.5,27.819405,0.0,0.0103879385,0.8,0.9132728,0,0
3200,26.8,27.826223,0.0,0.011026999,0.7,0.87290055,0,0
3201,27.7,28.133993,0.0,0.009630156,0.5,0.8803449,0,0
3202,29.1,28.719604,0.0,0.0104930345,1.4,0.8812028,0,0
3203,30.2,29.910189,0.0,0.011821766,0.3999999999999999,1.2981848,0,0
3204,31.9,30.506308,0.0,0.012192447,0.9,1.1513557,0,0
3205,33.0,31.957445,0.0,0.014621314,2.2,1.6192052,0,0
3206,32.9,32.653576,0.0,0.017831944,2.4,2.4827864,0,0
3207,33.0,32.532818,0.0,0.018823465,2.1,2.6350393,0,0
3208,32.8,32.512848,0.0,0.017503293,2.3,2.4283237,0,0
3209,32.4,31.960207,0.0,0.017478868,2.1,2.2569108,0,0
3210,32.0,31.46579,0.0,0.016321227,1.8,1.9665538,0,0
3211,31.7,30.533716,0.0,0.024342144,1.5,1.5234417,0,0
3212,31.0,30.450985,0.0,0.015503817,1.3,1.3405293,0,0
3213,29.7,29.947897,0.0,0.013647088,0.9,1.1826476,0,0
3214,29.6,28.717863,0.0,0.014322356,1.8,0.9216298,0,0
3215,29.1,29.38946,0.0,0.011773867,1.3,1.228012,0,0
3216,29.3,28.778719,0.0,0.014002621,1.2,1.0838242,0,0
3217,28.8,28.888302,0.0,0.011974179,1.0,1.0112469,0,0
3218,28.6,28.33129,0.0,0.010765133,1.1,0.8981402,0,0
3219,28.2,27.981306,0.0,0.010299484,0.6000000000000001,0.8862465,0,0
3220,28.3,27.60555,0.0,0.0104903765,0.9,0.7663624,0,0
3221,27.6,27.775085,0.0,0.009203354,1.1,0.81410193,0,0
3222,27.9,27.225529,0.0,0.010971491,1.1,0.84337795,0,0
3223,27.4,27.975708,0.0,0.009989524,1.2,0.91459537,0,0
3224,27.5,27.846886,0.0,0.012111642,1.4,0.94046,0,0
3225,28.0,28.409977,0.0,0.012879556,1.4,1.0627872,0,0
3226,29.5,28.979973,0.0,0.014120877,1.1,1.188001,0,0
3227,30.6,29.989134,0.0,0.014185103,0.7,1.2146386,0,0
3228,31.2,30.728304,0.0,0.012872387,1.8,1.1925497,0,0
3229,32.7,31.347334,0.0,0.01677508,1.6,1.8058395,0,0
3230,33.5,32.24419,0.0,0.017108113,1.6,2.0317645,0,0
3231,33.4,32.704292,0.0,0.016656198,2.8,2.0811188,0,0
3232,33.0,32.69572,0.0,0.017564239,2.1,2.4373643,0,0
3233,32.7,32.188473,0.0,0.016326435,1.8,2.1033072,0,0
3234,31.7,31.590904,0.0,0.014632445,2.0,1.6888046,0,0
3235,30.5,30.007252,0.0,0.015703272,2.4,1.548788,0,0
3236,29.6,29.686338,0.0,0.01480438,2.6,1.6378797,0,0
3237,29.6,28.97021,0.0,0.014629357,0.9,1.8105096,0,0
3238,29.2,28.695322,0.0,0.0108513655,0.7,1.1125706,0,0
3239,28.9,28.313963,0.0,0.0112392595,0.5,0.86034495,0,0
3240,28.7,28.121489,0.0,0.01116424,0.6000000000000001,0.76900434,0,0
3241,28.5,28.12408,0.0,0.010574495,0.7,0.7513319,0,0
3242,28.1,27.930193,0.0,0.009685187,0.8,0.7488874,0,0
3243,28.0,27.535685,0.0,0.009446624,1.1,0.7569666,0,0
3244,28.0,27.497755,0.0,0.00893004,0.9,0.83677876,0,0
3245,28.0,27.56493,0.0,0.008516968,1.2,0.83995175,0,0
3246,27.6,27.63399,0.0,0.008544835,1.0,0.9206801,0,0
3247,27.6,27.189196,0.0,0.009751066,1.0,0.87585574,0,0
3248,27.5,27.510103,0.0,0.010264638,1.2,0.8929867,0,0
3249,28.0,27.807041,0.0,0.009575805,0.8,0.9571892,0,0
3250,29.1,28.49939,0.0,0.011091647,1.1,0.9237902,0,0
3251,30.6,29.582113,0.0,0.012381692,1.0,1.0732131,0,0
3252,31.8,30.885708,0.0,0.012277724,1.3,1.2573603,0,0
3253,31.7,31.857065,0.0,0.015944857,1.8,1.762894,0,0
3254,32.3,31.60427,0.0,0.017110737,1.0,1.9728342,0,0
3255,32.9,31.733393,0.0,0.015602787,1.2,1.7465721,0,0
3256,33.0,31.738497,0.0,0.0151212,2.2,1.6708393,0,0
3257,32.7,31.928272,0.0,0.015710713,1.3,1.9366714,0,0
3258,32.4,31.503893,0.0,0.014282756,1.3,1.5934676,0,0
3259,31.9,30.924755,0.0,0.01408255,1.8,1.3754323,0,0
3260,31.7,30.4971,0.0,0.013996718,1.6,1.4643235,0,0
3261,30.9,30.835268,0.0,0.012925847,1.0,1.4103448,0,0
3262,30.4,29.855034,0.0,0.011401761,1.2,1.059332,0,0
3263,29.9,29.356941,0.0,0.013679634,0.3999999999999999,1.0324785,0,0
3264,29.0,29.035425,0.0,0.01126931,1.2,0.78878677,0,0
3265,28.4,28.416147,0.0,0.010677431,0.6000000000000001,0.8573137,0,0
3266,27.9,27.8169,0.0,0.009266817,0.7,0.7427143,0,0
3267,27.6,27.290724,0.0,0.0088411085,0.30000000000000004,0.7166686,0,0
3268,27.4,27.196928,0.0,0.008766867,0.9,0.64967656,0,0
3269,27.6,27.214718,0.0,0.008564872,0.30000000000000004,0.7589723,0,0
3270,27.7,27.474718,0.0,0.008260202,1.0,0.6986481,0,0
3271,27.7,27.851082,0.0,0.009012655,1.0,0.83960867,0,0
3272,27.4,28.243519,0.0,0.010684525,1.2,0.9011156,0,0
3273,28.2,28.175879,0.0,0.011672433,0.5,0.9666055,0,0
3274,29.7,28.795485,0.0,0.011117764,0.8,0.8694836,0,0
3275,31.5,29.767616,0.0,0.010504399,0.5,0.97939056,0,0
3276,32.9,31.522036,0.0,0.011392462,1.1,1.1962926,0,0
3277,33.1,32.344364,0.0,0.014163065,2.7,1.5276474,0,0
3278,34.0,32.538433,0.0,0.018598251,2.1,2.5153713,0,0
3279,34.1,33.202126,0.0,0.017016701,2.9,2.4137356,0,0
3280,34.0,32.839165,0.0,0.017590642,2.5,2.5525672,0,0
3281,34.2,32.753872,0.0,0.01580955,2.4,2.293352,0,0
3282,33.8,32.50206,0.0,0.015088294,2.0,2.117286,0,0
3283,32.3,31.814016,0.0,0.014119311,1.9,1.7686381,0,0
3284,31.8,30.609875,0.0,0.013082212,1.5,1.5471117,0,0
3285,31.8,30.00705,0.0,0.010660191,0.30000000000000004,1.1572001,0,0
3286,31.4,29.856203,0.0,0.009205831,0.8,0.7904527,0,0
3287,30.3,29.560675,0.0,0.011153669,1.2,0.8205887,0,0
3288,30.0,28.771664,0.0,0.01270093,0.7,0.8601777,0,0
3289,29.7,28.661774,0.0,0.01026791,0.8,0.77229226,0,0
3290,29.6,28.686552,0.0,0.008968536,0.6000000000000001,0.7876892,0,0
3291,29.5,28.499264,0.0,0.008129079,0.19999999999999996,0.7873887,0,0
3292,29.1,28.36975,0.0,0.0076978137,0.9,0.7014471,0,0
3293,28.8,28.238659,0.0,0.008549407,0.7,0.8079902,0,0
3294,28.2,28.247902,0.0,0.008075015,0.7,0.8159808,0,0
3295,27.8,27.993841,0.0,0.008705761,1.3,0.79897404,0,0
3296,27.6,27.998222,0.0,0.01026116,1.5,0.9167096,0,0
3297,28.2,28.236246,0.0,0.012342441,0.9,1.0843326,0,0
3298,29.6,29.215311,0.0,0.011484072,2.2,1.023553,0,0
3299,32.2,30.917454,0.0,0.015573205,1.6,1.9638237,0,0
3300,33.5,32.46769,0.0,0.016597856,2.1,2.2058346,0,0
3301,35.1,33.42799,0.0,0.018765999,2.4,2.7065604,0,0
3302,36.3,34.31089,0.0,0.019801272,2.1,3.0482547,0,0
3303,36.1,34.833965,0.0,0.020111594,3.4,3.0307522,0,0
3304,35.7,34.175297,0.0,0.021006675,2.7,3.4512768,0,0
3305,35.6,34.01392,0.0,0.018730836,2.8,2.9203112,0,0
3306,34.1,33.889328,0.0,0.017524749,1.6,2.6527262,0,0
3307,33.6,32.003014,0.0,0.01451734,1.0,1.6039839,0,0
3308,31.6,31.29146,0.0,0.009793313,2.5,1.0756274,0,0
3309,30.7,29.954697,0.0,0.01292167,1.0,1.3270831,0,0
3310,30.1,29.444532,0.0,0.011272313,0.8,0.8961252,0,0
3311,29.9,29.197239,0.0,0.009957046,0.5,0.80332065,0,0
3312,29.7,28.984396,0.0,0.008403021,1.3,0.7266203,0,0
3313,29.2,28.754957,0.0,0.009279063,1.4,0.8415408,0,0
3314,29.3,28.738468,0.0,0.008758292,0.7,0.9427531,0,0
3315,29.0,28.803116,0.0,0.008938407,1.3,0.8657839,0,0
3316,28.7,28.727327,0.0,0.009131342,1.0,0.963249,0,0
3317,28.2,28.67347,0.0,0.009041698,1.5,0.9410509,0,0
3318,27.8,28.628115,0.0,0.009591039,1.4,1.0713427,0,0
3319,27.7,28.311533,0.0,0.010981359,1.0,1.0826471,0,0
3320,28.3,27.967216,0.0,0.012439929,1.1,0.95321256,0,0
3321,29.9,28.94311,0.0,0.013278477,0.9,1.0312979,0,0
3322,31.1,30.885397,0.0,0.012053837,0.5,1.2511982,0,0
3323,32.2,31.72022,0.0,0.014807529,1.1,1.4693749,0,0
3324,32.7,32.374523,0.0,0.015848266,1.8,1.7750347,0,0
3325,32.6,32.2797,0.0,0.01703757,1.6,2.0841293,0,0
3326,33.6,31.930899,0.0,0.016721355,1.8,1.9574525,0,0
3327,33.0,32.280193,0.0,0.016317552,1.9,2.0308373,0,0
3328,34.0,31.91676,0.0,0.015521179,1.9,1.8797612,0,0
3329,35.2,32.386223,0.0,0.01447989,1.3,1.8239022,0,0
3330,34.3,32.64057,0.0,0.012769654,2.3,1.5498561,0,0
3331,33.5,32.481586,0.0,0.013587424,1.9,1.748847,0,0
3332,32.2,31.612164,0.0,0.012008127,0.9,1.4534647,0,0
3333,31.6,30.460773,0.0,0.008251631,1.5,0.8936599,0,0
3334,30.1,30.312218,0.0,0.008941371,1.4,0.9790583,0,0
3335,29.0,28.979326,0.0,0.01005686,1.4,0.98470485,0,0
3336,28.6,28.160765,0.0,0.009628053,0.8,1.0259752,0,0
3337,27.9,27.84438,0.0,0.008374587,0.7,0.8202654,0,0
3338,27.3,27.127401,0.0,0.008377337,1.3,0.6998768,0,0
3339,27.0,26.401827,0.0,0.007842572,0.9,0.81191504,0,0
3340,26.7,26.399685,0.0,0.007288913,1.3,0.8094342,0,0
3341,26.5,26.641142,0.0,0.007883299,1.1,0.9345758,0,0
3342,26.8,27.143192,0.0,0.008034931,1.2,0.9608558,0,0
3343,26.9,27.975061,0.0,0.008616801,0.9,1.0590944,0,0
3344,27.2,28.046736,0.0,0.009530742,1.8,1.0201932,0,0
3345,28.8,28.10183,0.0,0.011790372,1.2,1.4706573,0,0
3346,31.2,29.165884,0.0,0.012358167,1.8,1.369561,0,0
3347,32.8,31.354832,0.0,0.015897468,1.8,1.9934722,0,0
3348,33.3,32.294807,0.0,0.01681646,2.2,2.192018,0,0
3349,34.6,33.22691,0.0,0.017996803,3.6,2.5301092,0,0
3350,34.2,33.724117,0.0,0.02095776,3.6,3.4865682,0,0
3351,35.0,33.519802,0.0,0.022008441,3.9,3.8665242,0,0
3352,33.7,33.737732,0.0,0.02232043,3.4,4.1472945,0,0
3353,33.4,32.918446,0.0,0.021492964,3.2,3.9174893,0,0
3354,32.3,32.346462,0.0,0.02011388,2.9,3.5541892,0,0
3355,31.4,31.21472,0.0,0.017987445,2.8,3.002797,0,0
3356,30.9,30.211107,0.0,0.016010392,2.5,2.5790987,0,0
3357,30.6,29.89632,0.0,0.014561769,3.2,2.366645,0,0
3358,30.4,29.894876,0.0,0.016501198,1.4,2.728255,0,0
3359,30.4,29.350945,0.0,0.014291697,0.6000000000000001,1.8599225,0,0
3360,29.8,29.093885,0.0,0.010849908,0.6000000000000001,1.0398073,0,0
3361,29.0,28.66305,0.0,0.010284336,1.4,0.8058094,0,0
3362,28.5,27.871778,0.0,0.010377799,1.3,0.8923383,0,0
3363,28.7,27.715416,0.0,0.009287034,1.2,0.9231652,0,0
3364,28.6,27.843243,0.0,0.009213437,1.2,0.96562743,0,0
3365,28.6,27.819986,0.0,0.009865565,1.2,0.98611456,0,0
3366,28.2,28.170025,0.0,0.010935687,1.0,1.0089589,0,0
3367,28.1,28.13161,0.0,0.010635616,0.7,0.9535189,0,0
3368,28.5,28.261705,0.0,0.011815947,1.5,0.87332976,0,0
3369,30.2,29.239769,0.0,0.012046925,0.8,1.1338692,0,0
3370,31.6,30.74669,0.0,0.011254332,0.5,1.184855,0,0
3371,33.0,31.542038,0.0,0.011906106,1.4,1.1921268,0,0
3372,34.7,32.666885,0.0,0.015232828,1.6,1.6706947,0,0
3373,35.0,33.95586,0.0,0.016835764,1.1,2.1834624,0,0
3374,36.6,33.96333,0.0,0.016742598,1.2,1.9943218,0,0
3375,36.6,34.553062,0.0,0.016699502,1.7,1.9752792,0,0
3376,36.5,34.602695,0.0,0.016877064,2.0,2.0446777,0,0
3377,35.7,34.28268,0.0,0.016662577,1.7,1.9342465,0,0
3378,34.8,33.73137,0.0,0.015574492,2.1,1.6505212,0,0
3379,33.3,33.26039,0.0,0.016398316,2.6,1.8444258,0,0
3380,32.0,32.30611,0.0,0.017534079,2.1,2.1684582,0,0
3381,31.3,31.567604,0.0,0.016586108,1.9,1.955218,0,0
3382,30.8,30.849464,0.0,0.015725225,1.5,1.730916,0,0
3383,30.7,30.071993,0.0,0.013984559,1.5,1.38165,0,0
3384,30.2,29.748909,0.0,0.014415392,0.9,1.2297204,0,0
3385,29.9,29.263573,0.0,0.012010616,1.2,0.86344284,0,0
3386,29.4,28.966888,0.0,0.012116687,1.0,0.8680968,0,0
3387,29.3,28.548834,0.0,0.011246624,1.0,0.802848,0,0
3388,28.7,28.41199,0.0,0.010808761,0.7,0.8036655,0,0
3389,28.4,27.727419,0.0,0.0115924105,1.1,0.7135118,0,0
3390,27.5,27.87586,0.0,0.0124481255,2.0,0.78056943,0,0
3391,27.8,27.40209,0.0,0.015532421,1.6,1.1023676,0,0
3392,29.2,28.140408,0.0,0.014277943,0.8,1.1393663,0,0
3393,30.6,29.347363,0.0,0.0140338605,1.1,0.9287825,0,0
3394,31.4,30.645744,0.0,0.014749702,1.2,1.082661,0,0
3395,32.5,31.455214,0.0,0.015740193,0.9,1.4248691,0,0
3396,32.3,32.143074,0.0,0.015677776,2.2,1.5134403,0,0
3397,33.1,31.964973,0.0,0.017299544,2.1,1.9311146,0,0
3398,34.3,32.44757,0.0,0.017352913,2.6,2.0594754,0,0
3399,34.6,33.290962,0.0,0.018406613,1.9,2.4347215,0,0
3400,34.7,33.488205,0.0,0.017724033,1.6,2.1836166,0,0
3401,34.6,33.546318,0.0,0.017203335,1.6,1.9594973,0,0
3402,33.6,33.10739,0.0,0.0178356,1.5,1.8021238,0,0
3403,32.4,32.818153,0.0,0.016679397,2.0,1.6521902,0,0
3404,31.8,31.947094,0.0,0.018695366,1.2,1.7896279,0,0
3405,31.9,30.85218,0.0,0.030495375,1.0,1.357675,0,0
3406,31.3,30.991306,0.0,0.020697137,0.7,1.1422536,0,0
3407,30.7,30.187572,0.0,0.022295384,1.7,0.9100789,0,0
3408,30.2,29.748087,0.0,0.017238649,0.6000000000000001,1.0479414,0,0
3409,29.7,29.386383,0.0,0.014621286,0.5,0.8411399,0,0
3410,29.3,28.816849,0.0,0.012213088,0.6000000000000001,0.6967162,0,0
3411,28.8,28.493607,0.0,0.010901835,0.5,0.6515355,0,0
3412,28.6,28.211922,0.0,0.010163149,1.1,0.6261066,0,0
3413,28.4,28.23352,0.0,0.010788642,1.3,0.7286972,0,0
3414,27.8,28.441448,0.0,0.012630289,1.4,0.8444017,0,0
3415,27.9,28.160204,0.0,0.013865613,0.7,0.952613,0,0
3416,28.4,28.511045,0.0,0.015162951,1.0,0.7916988,0,0
3417,30.1,29.009186,0.0,0.014363499,0.30000000000000004,0.8802198,0,0
3418,32.6,30.284159,0.0,0.016950017,0.6000000000000001,0.85764104,0,0
3419,32.0,32.406185,0.0,0.016148664,1.1,1.4485393,0,0
3420,32.1,32.008614,0.0,0.016817449,1.0,1.59666,0,0
3421,33.8,31.913525,0.0,0.016630089,2.4,1.5801369,0,0
3422,34.0,33.018772,0.0,0.017618742,2.2,2.264755,0,0
3423,33.5,33.19177,0.0,0.017675335,1.4,2.2929237,0,0
3424,33.1,32.234436,0.0,0.01688089,2.9,1.7932239,0,0
3425,33.1,32.287632,0.0,0.01639577,1.2,2.1452408,0,0
3426,33.0,31.127813,0.0,0.014827482,1.0,1.406265,0,0
3427,32.2,30.872139,0.0,0.014141209,1.2,1.1073717,0,0
3428,31.6,30.391052,0.0,0.01501453,1.9,1.022232,0,0
3429,31.4,30.4053,0.0,0.013762209,0.3999999999999999,1.2594608,0,0
3430,30.7,29.756296,0.0,0.020069588,1.3,0.829715,0,0
3431,29.0,29.557283,0.0,0.015210206,0.8,0.9511725,0,0
3432,29.1,28.833603,0.0,0.012602976,1.5,0.77361405,0,0
3433,28.9,28.581976,0.0,0.011241822,0.5,0.90165436,0,0
3434,28.9,28.325817,0.0,0.010464238,1.3,0.7398238,0,0
3435,28.3,28.13618,0.0,0.010017529,0.5,0.8611376,0,0
3436,28.8,27.792648,0.0,0.011276924,0.5,0.71229815,0,0
3437,29.4,28.762005,0.0,0.009730523,1.3,0.75980926,0,0
3438,30.0,29.420956,0.0,0.014074524,1.2,1.0483427,0,0
3439,30.8,30.589573,0.0,0.012100637,0.8,1.2484039,0,0
3440,32.1,31.088226,0.0,0.012646118,1.7,1.2398798,0,0
3441,31.0,31.964699,0.0,0.01605556,2.1,1.8014145,0,0
3442,31.6,31.288353,0.0,0.01734593,1.4,2.0036943,0,0
3443,31.5,31.170563,0.0,0.016085463,1.9,1.7484142,0,0
3444,31.1,31.05173,0.0,0.016115513,1.9,1.8310251,0,0
3445,30.4,30.603931,0.0,0.014555326,2.3,1.7290401,0,0
3446,30.1,29.880293,0.0,0.014643965,1.0,1.690389,0,0
3447,27.9,28.726051,7.5,0.1126189,1.5,1.0489397,1,0
3448,27.6,25.933002,0.5,2.2394998,1.0,0.9917545,1,1
3449,27.5,26.420574,0.0,0.13016558,0.3999999999999999,0.7947818,0,0
3450,27.7,26.832611,0.0,0.014431524,0.10000000000000009,0.7168846,0,0
3451,27.5,27.19615,0.0,0.010733247,0.3999999999999999,0.66595423,0,0
3452,27.5,27.011871,0.0,0.00889966,0.6000000000000001,0.6322403,0,0
3453,27.3,27.023466,0.0,0.0078090606,0.0,0.6757525,0,0
3454,27.4,26.917822,0.0,0.0073511973,0.10000000000000009,0.59202313,0,0
3455,27.0,27.07531,0.0,0.007172545,0.5,0.56370795,0,0
3456,26.7,26.521454,0.0,0.008529555,1.2,0.5915998,0,0
3457,26.9,26.640972,0.0,0.0070684925,0.30000000000000004,0.81473887,0,0
3458,26.9,26.73934,0.0,0.0070264414,0.5,0.72995543,0,0
3459,27.1,26.886957,0.0,0.007923257,1.0,0.7282933,0,0
3460,30.1,27.465216,0.0,0.008010852,1.3,0.85742575,0,0
3461,30.5,30.15665,0.0,0.010425782,1.7,1.2743787,0,0
3462,30.9,30.80573,0.0,0.014286535,1.9,1.8053817,0,0
3463,30.7,31.106411,0.0,0.014743573,2.1,2.1013038,0,0
3464,30.7,30.363703,0.0,0.014941366,1.8,2.0458932,0,0
3465,29.1,30.239017,0.0,0.013662299,1.6,1.915471,0,0
3466,29.7,28.795527,0.0,0.011142509,0.8,1.4445417,0,0
3467,30.2,28.94626,0.0,0.0069057294,2.0,1.0488923,0,0
3468,30.3,28.519966,0.0,0.009903487,1.6,1.321291,0,0
3469,29.7,28.741253,0.0,0.009607875,0.8,1.2903607,0,0
3470,28.9,28.559088,0.0,0.009094678,0.8,0.9409406,0,0
3471,28.5,28.115892,0.0,0.010769729,0.7,0.8188703,0,0
3472,28.0,28.10719,0.0,0.010866767,0.8,0.78620076,0,0
3473,27.1,27.667694,0.0,0.008141837,0.9,0.7642758,0,0
3474,26.6,26.430979,0.0,0.00842709,1.0,0.7260214,0,0
3475,26.5,25.970844,0.0,0.007948516,1.5,0.74929273,0,0
3476,26.5,25.978638,0.0,0.008677597,0.5,0.9149564,0,0
3477,26.2,26.090948,0.0,0.008264299,0.6000000000000001,0.80861545,0,0
3478,26.2,25.98023,0.0,0.008575121,0.7,0.7651565,0,0
3479,25.7,26.301996,0.0,0.009671492,0.8,0.77584255,0,0
3480,25.7,26.256575,0.0,0.009901034,0.5,0.7906344,0,0
3481,26.4,26.566742,0.0,0.008991843,1.2,0.7585585,0,0
3482,28.1,27.574179,0.0,0.012285486,1.0,0.97049296,0,0
3483,30.0,29.281607,0.0,0.011013895,1.3,1.1646503,0,0
3484,30.9,30.97885,0.0,0.013685155,1.6,1.6364377,0,0
3485,32.4,31.428768,0.0,0.01561948,1.5,1.9806304,0,0
3486,32.2,32.182735,0.0,0.015648464,1.8,2.1054091,0,0
3487,33.0,31.994345,0.0,0.015657865,3.5,2.0969114,0,0
3488,33.8,31.97619,0.0,0.017596552,4.0,3.0302835,0,0
3489,33.3,32.256416,0.0,0.019271,4.4,3.6101425,0,0
3490,32.7,32.29318,0.0,0.020411013,4.6,4.017999,0,0
3491,32.6,32.16758,0.0,0.02174462,2.6,4.3177395,0,0
3492,31.5,31.508474,0.0,0.018431205,2.6,3.3440306,0,0
3493,30.5,29.754284,0.0,0.016831366,1.4,2.6038058,0,0
3494,30.2,28.68469,0.0,0.013677734,1.6,1.8723527,0,0
3495,29.7,28.779686,0.0,0.013252324,1.1,1.7229128,0,0
3496,29.1,28.197336,0.0,0.010891283,1.2,1.2938349,0,0
3497,28.2,28.032953,0.0,0.009314688,0.7,1.0252774,0,0
3498,27.6,27.062483,0.0,0.008925758,1.1,0.78245056,0,0
3499,26.7,26.465322,0.0,0.007615823,0.9,0.7897465,0,0
3500,26.7,25.7384,0.0,0.007486731,0.7,0.74130297,0,0
3501,26.4,25.837477,0.0,0.0066419104,1.2,0.7479174,0,0
3502,25.8,25.360998,0.0,0.00762208,1.2,0.8192563,0,0
3503,25.6,25.183506,0.0,0.009692284,1.1,0.8602072,0,0
3504,25.8,25.498423,0.0,0.009365777,1.0,0.89269525,0,0
3505,26.8,26.341501,0.0,0.010690384,1.2,0.92467725,0,0
3506,27.5,28.013027,0.0,0.0100159105,1.0,1.0635934,0,0
3507,30.9,28.714,0.0,0.013016846,1.2,1.0924277,0,0
3508,31.2,30.154156,0.0,0.012288019,2.3,1.3223485,0,0
3509,31.0,31.582748,0.0,0.016554883,2.8,2.3607197,0,0
3510,31.2,30.761974,0.0,0.01844157,2.8,2.9248307,0,0
3511,30.9,30.979057,0.0,0.017267933,3.4,2.8652399,0,0
3512,31.1,30.542664,0.0,0.017152995,2.3,2.8939412,0,0
3513,30.2,30.118856,0.0,0.015512304,2.0,2.3497663,0,0
3514,29.4,29.186186,0.0,0.015042088,1.9,2.0107458,0,0
3515,28.8,28.486246,0.0,0.013756272,0.6000000000000001,1.7791162,0,0
3516,28.5,27.944693,0.0,0.012100528,1.1,0.97518045,0,0
3517,28.4,27.751488,0.0,0.012326405,1.2,0.94899917,0,0
3518,28.2,27.861467,0.0,0.010818337,1.4,0.9400443,0,0
3519,27.9,27.85869,0.0,0.010230244,1.2,1.0047578,0,0
3520,27.5,27.594835,0.0,0.009350872,1.4,0.9656822,0,0
3521,27.6,27.313997,0.0,0.009162087,1.2,1.0203958,0,0
3522,27.3,27.548584,0.0,0.008680927,1.0,1.033026,0,0
3523,27.1,27.018232,0.0,0.009957273,1.1,0.93637085,0,0
3524,26.6,27.697754,0.0,0.008919564,1.3,0.9975494,0,0
3525,25.9,27.12556,0.0,0.010193916,1.2,1.0405279,0,0
3526,25.5,26.236511,0.0,0.011139427,1.1,1.0152444,0,0
3527,27.0,25.955685,0.0,0.0112937,1.3,0.99293387,0,0
3528,28.7,28.218517,0.0,0.009986254,0.9,1.1686803,0,0
3529,31.2,29.593086,0.0,0.011293105,0.9,1.2419503,0,0
3530,32.3,30.847,0.0,0.013860691,1.2,1.4291476,0,0
3531,32.8,32.06557,0.0,0.015856707,1.9,1.8282878,0,0
3532,32.5,31.953903,0.0,0.01695421,2.2,2.104512,0,0
3533,32.2,31.647264,0.0,0.017462505,3.0,2.161446,0,0
3534,32.6,31.785599,0.0,0.016882144,2.2,2.4186888,0,0
3535,32.0,31.616968,0.0,0.015709016,2.0,2.0946867,0,0
3536,31.3,30.93693,0.0,0.014426183,1.6,1.7189752,0,0
3537,31.4,30.009663,0.0,0.012698522,0.8,1.3006135,0,0
3538,30.4,29.722647,0.0,0.011641202,1.6,0.9347638,0,0
3539,29.6,29.26964,0.0,0.01060735,1.3,1.0203128,0,0
3540,29.8,28.867657,0.0,0.009829197,0.7,0.99498534,0,0
3541,29.3,28.806303,0.0,0.009673977,0.8,0.8794555,0,0
3542,29.3,28.35035,0.0,0.0101744495,0.3999999999999999,0.826084,0,0
3543,28.7,28.195524,0.0,0.009575026,1.2,0.75126636,0,0
3544,28.2,28.090738,0.0,0.009638276,1.1,0.85807776,0,0
3545,27.9,27.677021,0.0,0.009081889,1.0,0.8578004,0,0
3546,27.9,27.553617,0.0,0.008748299,1.4,0.8578835,0,0
3547,27.7,27.506365,0.0,0.008689363,0.7,0.960231,0,0
3548,27.8,27.30742,0.0,0.008960184,0.8,0.84236693,0,0
3549,27.7,27.471472,0.0,0.008526602,0.7,0.8383156,0,0
3550,27.5,27.72544,0.0,0.009397107,0.9,0.81997573,0,0
3551,28.2,27.789406,0.0,0.010061958,0.9,0.8569529,0,0
3552,29.3,28.716291,0.0,0.010435926,0.7,0.9269827,0,0
3553,30.6,29.749641,0.0,0.010747154,1.6,0.97522175,0,0
3554,32.2,31.36668,0.0,0.0140465,2.8,1.5819501,0,0
3555,33.1,32.619045,0.0,0.018049708,3.2,2.7709124,0,0
3556,33.9,32.77535,0.0,0.019914065,3.0,3.4338946,0,0
3557,34.0,33.409016,0.0,0.019853499,1.9,3.4767592,0,0
3558,34.7,33.186687,0.0,0.017642343,1.9,2.7485802,0,0
3559,34.4,33.21122,0.0,0.01608619,2.1,2.3801568,0,0
3560,32.9,32.71967,0.0,0.015627977,2.5,2.2790077,0,0
3561,32.5,31.198606,0.0,0.015691977,1.6,2.0974355,0,0
3562,32.1,30.825056,0.0,0.012875578,1.0,1.4774572,0,0
3563,31.2,30.43375,0.0,0.009392312,2.1,1.0413094,0,0
3564,30.6,30.643188,0.0,0.012908244,1.6,1.5531244,0,0
3565,30.0,29.890923,0.0,0.0119562615,1.6,1.3812424,0,0
3566,29.8,29.242136,0.0,0.010709793,1.1,1.2758682,0,0
3567,29.8,29.06785,0.0,0.009142829,1.0,1.0316602,0,0
3568,28.5,29.099222,0.0,0.008906079,1.3,0.9771661,0,0
3569,28.6,27.789204,0.0,0.008996677,1.4,0.962501,0,0
3570,28.3,27.837442,0.0,0.008550643,0.9,1.0461679,0,0
3571,27.9,27.461634,0.0,0.008899254,0.7,0.9243989,0,0
3572,27.3,27.292542,0.0,0.008811621,1.3,0.8494662,0,0
3573,27.1,27.16304,0.0,0.009910322,0.9,0.95778877,0,0
3574,26.8,27.34984,0.0,0.010606904,0.7,0.9069793,0,0
3575,27.6,27.129526,0.0,0.010871564,1.0,0.8305677,0,0
3576,29.3,28.675747,0.0,0.011437171,1.6,0.96692395,0,0
3577,30.8,30.65645,0.0,0.014051623,1.2,1.5175284,0,0
3578,32.4,31.437775,0.0,0.014573021,1.1,1.5606666,0,0
3579,35.1,32.51277,0.0,0.01521511,2.4,1.7012098,0,0
3580,35.6,34.17139,0.0,0.018992105,3.2,2.6318662,0,0
3581,35.8,34.737278,0.0,0.021275695,2.9,3.3458185,0,0
3582,35.1,34.95706,0.0,0.021390924,4.6,3.4304867,0,0
3583,34.7,34.46315,0.0,0.023327399,3.2,4.2810464,0,0
3584,33.2,33.653805,0.0,0.02213521,4.0,3.873083,0,0
3585,32.5,32.552807,0.0,0.021613715,2.6,3.9611938,0,0
3586,31.3,31.288502,0.0,0.0182532,3.1,2.8803754,0,0
3587,30.6,30.192142,0.0,0.017069753,4.1,2.7416162,0,0
3588,30.2,30.483309,0.0,0.01895701,2.9,3.4831204,0,0
3589,30.0,29.599474,0.0,0.018670434,2.3,2.984992,0,0
3590,29.4,29.377762,0.0,0.01653703,1.2,2.5045538,0,0
3591,29.1,28.563011,0.0,0.012575039,1.2,1.5118492,0,0
3592,29.3,27.945518,0.0,0.010225584,1.8,1.1671505,0,0
3593,26.7,28.313202,0.0,0.01131172,0.5,1.439546,0,0
3594,26.6,26.72454,0.0,0.012370149,1.1,0.8322016,0,0
3595,27.5,26.358742,0.0,0.013048985,2.2,0.8988163,0,0
3596,28.8,27.406384,0.0,0.013214076,2.3,1.5603157,0,0
3597,29.9,29.90326,0.0,0.015468016,3.0,2.1817636,0,0
3598,31.6,30.746191,0.0,0.019087391,2.8,3.050804,0,0
3599,31.2,31.994888,0.0,0.020585967,2.8,3.3464403,0,0
3600,31.3,31.637365,0.0,0.020410648,3.3,3.2274432,0,0
3601,29.9,31.634274,0.0,0.019278375,2.9,3.3996594,0,0
3602,28.3,29.91697,0.0,0.019204646,3.5,3.080737,0,0
3603,27.5,28.162958,0.0,0.030848928,2.7,3.105434,0,0
3604,27.6,27.263674,0.0,0.026027609,2.2,2.7381866,0,0
3605,26.2,26.896154,1.0,0.018686088,1.6,2.2530339,1,0
3606,25.6,26.13379,5.0,1.1338305,0.8,1.8499284,1,1
3607,24.7,25.628183,24.499999999999996,2.72615,0.5,1.238551,1,1
3608,24.9,24.342861,1.0,7.891712,1.6,1.2900608,1,1
3609,25.2,26.168236,0.0,0.5561726,1.3,1.0345858,0,0
3610,25.3,25.60963,0.0,0.28602275,1.1,0.9421147,0,0
3611,24.9,25.581995,0.0,0.13889912,1.2,0.85154843,0,0
3612,24.7,25.431849,0.0,0.059116777,0.30000000000000004,0.85201895,0,0
3613,24.6,25.37075,0.0,0.049467575,0.7,0.6494714,0,0
3614,24.5,25.280018,0.0,0.023939997,1.2,0.636639,0,0
3615,24.3,25.230635,0.0,0.027321814,0.9,0.7655046,0,0
3616,24.3,25.28964,0.0,0.06304147,1.0,0.74399495,0,0
3617,25.1,25.54512,0.0,0.03602767,1.4,0.7754462,0,0
3618,26.7,26.299934,0.0,0.035803255,1.0,0.9881321,0,0
3619,29.3,28.170177,0.0,0.017481592,0.7,1.0336955,0,0
3620,31.1,30.418663,0.0,0.0145221045,0.8,1.1874305,0,0
3621,31.4,31.33705,0.0,0.015346368,1.1,1.3908669,0,0
3622,32.0,31.702673,0.0,0.016785583,1.9,1.7044445,0,0
3623,32.3,31.586468,0.0,0.017224658,1.6,2.077,0,0
3624,32.5,31.32687,0.0,0.01712808,1.9,1.9232699,0,0
3625,31.5,31.177334,0.0,0.017982472,0.9,1.9300169,0,0
3626,31.0,30.133862,0.0,0.023681827,1.5,1.3226408,0,0
3627,29.9,29.538239,0.0,0.021878721,1.6,1.2157527,0,0
3628,29.6,28.57998,0.0,0.061496355,1.1,1.043189,0,1
3629,29.6,28.447775,0.0,0.0238181,1.3,0.9038402,0,0
3630,29.5,28.631235,0.0,0.014627823,0.7,1.0058936,0,0
3631,29.0,28.669752,0.0,0.01220364,0.7,0.86069214,0,0
3632,28.6,28.312962,0.0,0.012000972,1.6,0.7830622,0,0
3633,28.1,27.868214,0.0,0.01151295,1.1,0.9305031,0,0
3634,28.0,27.449207,0.0,0.010128253,0.5,0.8556136,0,0
3635,27.7,27.192642,0.0,0.008827252,0.30000000000000004,0.74624217,0,0
3636,27.3,26.919731,0.0,0.009030026,0.30000000000000004,0.673509,0,0
3637,27.2,26.977983,0.0,0.008996219,0.6000000000000001,0.6719705,0,0
3638,26.9,27.229366,0.0,0.009922498,1.0,0.706458,0,0
3639,27.0,27.462814,0.0,0.00985604,1.1,0.8046591,0,0
3640,26.6,27.901466,0.0,0.012646114,1.4,0.8838639,0,0
3641,27.0,27.79436,0.0,0.012611598,1.0,0.9978734,0,0
3642,28.5,28.08304,0.0,0.0123833865,1.0,0.9674563,0,0
3643,30.0,29.300493,0.0,0.013129456,1.1,1.0636733,0,0
3644,31.5,30.303795,0.0,0.0128696505,1.1,1.2511188,0,0
3645,32.5,31.703339,0.0,0.014208923,1.3,1.5116965,0,0
3646,32.4,31.974546,0.0,0.015488258,1.1,1.6959453,0,0
3647,32.6,31.58037,0.0,0.0148866195,2.6,1.6152618,0,0
3648,33.1,31.891325,0.0,0.01638664,1.5,2.1962292,0,0
3649,33.1,31.697882,0.0,0.0152908685,1.2,1.8190669,0,0
3650,32.9,31.435474,0.0,0.013316093,0.6000000000000001,1.4622991,0,0
3651,32.3,30.52686,0.0,0.013076078,1.7,0.97468174,0,0
3652,31.7,30.305487,0.0,0.014227252,1.0,1.1404806,0,0
3653,31.4,29.985254,0.0,0.013281432,0.3999999999999999,0.9669491,0,0
3654,30.7,30.068535,0.0,0.011238151,1.2,0.8447648,0,0
3655,30.2,29.915428,0.0,0.011531298,0.8,0.9422546,0,0
3656,30.3,29.259066,0.0,0.010770048,0.5,0.8100693,0,0
3657,30.3,29.3883,0.0,0.010156246,0.6000000000000001,0.72526634,0,0
3658,29.6,29.565683,0.0,0.009672357,0.3999999999999999,0.7315824,0,0
3659,30.1,28.483624,0.0,0.010142936,0.6000000000000001,0.6390865,0,0
3660,29.0,29.534508,0.0,0.009729786,1.1,0.72780025,0,0
3661,29.4,28.567047,0.0,0.0108008385,0.8,0.7697644,0,0
3662,28.8,29.387426,0.0,0.011460793,0.7,0.8054067,0,0
3663,28.3,28.674355,0.0,0.014240073,0.3999999999999999,0.735142,0,0
3664,27.9,28.771503,0.0,0.0128239775,0.9,0.6628032,0,0
3665,28.5,28.84468,0.0,0.014132097,0.9,0.78993547,0,0
3666,30.0,29.000542,0.0,0.015452256,0.9,0.85583925,0,0
3667,32.0,30.004177,0.0,0.012728854,1.4,0.9469231,0,0
3668,34.3,31.675322,0.0,0.0151297925,2.0,1.5867598,0,0
3669,36.0,33.730606,0.0,0.016834285,3.6,2.2666185,0,0
3670,35.4,34.737015,0.0,0.021420944,2.8,3.3823059,0,0
3671,36.7,34.46351,0.0,0.021291537,4.0,3.3281152,0,0
3672,36.4,35.104465,0.0,0.023081979,3.9,4.0468855,0,0
3673,35.3,34.88681,0.0,0.023191359,3.8,4.1780086,0,0
3674,34.3,34.027134,0.0,0.02245498,4.1,4.0214233,0,0
3675,32.8,33.332783,0.0,0.02173379,4.6,4.0194173,0,0
3676,31.7,32.377434,0.0,0.02199755,3.2,4.1396303,0,0
3677,31.1,30.94579,0.0,0.01912923,3.6,3.1921551,0,0
3678,30.2,30.436472,0.0,0.018857792,3.6,3.2081702,0,0
3679,29.9,29.731298,0.0,0.018913878,4.7,3.328821,0,0
3680,29.7,29.67028,0.0,0.021882229,4.6,3.957093,0,0
3681,29.3,30.259521,0.0,0.022603268,4.4,4.3890014,0,0
3682,29.1,29.73333,0.0,0.023297848,3.9,4.4489074,0,0
3683,29.1,29.157564,0.0,0.023733627,4.6,4.142732,0,0
3684,28.9,29.389696,0.0,0.022132684,4.0,4.506636,0,0
3685,28.9,29.040777,0.0,0.022248909,3.2,4.3783197,0,0
3686,28.8,29.075659,0.0,0.020459367,2.8,4.0382714,0,0
3687,28.5,28.429562,0.0,0.02162553,2.5,3.4323647,0,0
3688,28.7,27.735783,0.0,0.025354458,3.0,2.7771292,0,0
3689,29.4,28.13359,0.0,0.017369092,2.2,2.9117446,0,0
3690,30.7,29.034184,0.0,0.016326882,2.5,2.5947628,0,0
3691,31.7,30.355457,0.0,0.017588338,4.5,2.8432314,0,0
3692,32.6,31.634512,0.0,0.022310121,4.1,4.13945,0,0
3693,33.1,32.34023,0.0,0.02446925,5.5,4.5494313,0,0
3694,33.9,33.047195,0.0,0.02751075,5.3,5.2608547,0,0
3695,33.9,33.278877,0.0,0.028523525,5.0,5.503567,0,0
3696,32.4,33.327484,0.0,0.028646268,5.0,5.5589333,0,0
3697,32.2,32.42377,0.0,0.028414128,5.2,5.500901,0,0
3698,30.6,31.705511,0.0,0.02793199,4.9,5.301737,0,0
3699,29.5,29.93719,0.0,0.030414103,3.6,4.747652,0,0
3700,27.2,28.966621,0.5,0.028163437,2.4,3.969245,1,0
3701,27.2,26.574121,0.0,0.58715034,1.8,2.9372582,0,0
3702,27.4,26.609756,0.0,0.18566959,0.5,2.1772978,0,0
3703,27.6,26.851559,0.0,0.019960534,1.3,1.179855,0,0
3704,27.3,27.349022,0.0,0.014201405,1.1,1.1742458,0,0
3705,27.4,27.280085,0.0,0.01681436,0.5,0.99076,0,0
3706,27.1,27.496975,0.0,0.01266125,0.7,0.8279797,0,0
3707,26.9,27.210093,0.0,0.013044129,0.7,0.7955891,0,0
3708,26.7,26.904268,0.0,0.012702122,0.3999999999999999,0.76761544,0,0
3709,26.7,26.916304,0.0,0.013549543,0.7,0.7003758,0,0
3710,26.8,27.22423,0.0,0.012801636,0.10000000000000009,0.7594789,0,0
3711,26.7,27.570347,1.0,0.01201364,0.3999999999999999,0.6923634,1,0
3712,28.6,26.020884,0.0,1.3464537,0.8,0.8187444,0,1
3713,30.3,27.55429,0.0,0.027180545,0.6000000000000001,0.75346935,0,0
3714,31.1,30.328083,0.0,0.014324199,2.2,1.0042634,0,0
3715,31.6,31.613474,0.0,0.01773344,2.4,2.1493294,0,0
3716,31.4,31.951313,0.0,0.019488238,1.7,2.5792143,0,0
3717,31.8,31.775597,0.0,0.017913438,3.2,2.3043602,0,0
3718,31.5,31.804548,0.0,0.018111812,1.7,2.7760046,0,0
3719,31.7,30.873724,0.0,0.017512627,2.0,2.086623,0,0
3720,31.5,30.617167,0.0,0.016032482,1.8,1.8346657,0,0
3721,30.6,30.07535,0.0,0.01503481,1.0,1.489224,0,0
3722,29.6,28.78672,0.0,0.029936055,1.1,0.9413838,0,0
3723,28.8,28.403652,0.0,0.012886154,0.7,0.84124744,0,0
3724,28.3,28.180044,0.0,0.013038672,0.9,0.7388196,0,0
3725,28.4,27.635918,0.0,0.01065178,1.2,0.736174,0,0
3726,28.3,27.801022,0.0,0.009091335,0.5,0.84167576,0,0
3727,28.3,27.58723,0.0,0.008714032,0.8,0.73891675,0,0
3728,28.3,27.52807,0.0,0.008246894,1.3,0.7630236,0,0
3729,28.0,27.775558,0.0,0.009246116,0.6000000000000001,0.8893584,0,0
3730,27.7,27.538864,0.0,0.00883693,0.9,0.79093647,0,0
3731,27.5,27.433907,0.0,0.009132221,0.30000000000000004,0.8124932,0,0
3732,27.3,27.444572,0.0,0.010241948,0.5,0.7113379,0,0
3733,28.0,27.644547,0.0,0.010491292,0.9,0.713851,0,0
3734,29.5,28.50085,0.0,0.011014151,1.3,0.8448831,0,0
3735,30.8,30.542418,0.0,0.012823746,1.5,1.2751269,0,0
3736,31.1,31.758478,0.0,0.016545644,1.6,1.798983,0,0
3737,31.5,31.838505,0.0,0.017021565,0.8,1.9833815,0,0
3738,31.7,31.49597,0.0,0.015859922,1.8,1.7084299,0,0
3739,32.2,31.473396,0.0,0.015897324,2.5,1.894096,0,0
3740,31.5,31.460608,0.0,0.017011948,2.9,2.3115585,0,0
3741,31.4,30.886745,0.0,0.017628707,2.0,2.6342497,0,0
3742,29.7,30.404484,0.0,0.01621276,1.6,2.2259984,0,0
3743,29.7,29.14131,0.0,0.027923,0.9,1.5506175,0,0
3744,29.7,28.738722,0.0,0.014558662,0.30000000000000004,1.0866034,0,0
3745,29.4,28.632778,0.0,0.012443169,1.0,0.79218554,0,0
3746,29.4,28.536522,0.0,0.01063361,0.5,0.82367647,0,0
3747,29.0,28.675535,0.0,0.008828124,0.5,0.76837933,0,0
3748,28.9,28.266228,0.0,0.008634574,0.3999999999999999,0.7387135,0,0
3749,28.8,28.039774,0.0,0.00863348,0.3999999999999999,0.7219366,0,0
3750,28.0,27.908047,0.0,0.008599783,0.8,0.7390307,0,0
3751,27.8,27.778166,0.0,0.008758242,1.1,0.8258321,0,0
3752,27.1,27.67508,0.0,0.01046705,1.5,0.87440705,0,0
3753,27.2,27.142784,0.0,0.010191075,1.1,0.967944,0,0
3754,27.2,27.630234,0.0,0.011494921,1.1,0.9650119,0,0
3755,27.4,27.851297,0.0,0.012874409,0.7,0.97545636,0,0
3756,29.0,28.134214,0.0,0.011041372,0.3999999999999999,0.9103949,0,0
3757,29.9,29.445684,0.0,0.010508988,1.8,0.9198853,0,0
3758,26.4,30.726046,8.500000000000002,0.0169022,2.2,1.8187429,1,0
3759,26.7,26.73343,3.0,2.8210664,1.3,1.4765493,1,1
3760,26.2,26.651524,8.500000000000002,1.70063,1.8,1.1410679,1,1
3761,26.3,24.883844,3.9999999999999982,5.5525627,1.2,1.2498224,1,1
3762,26.1,25.945269,9.000000000000002,2.312478,1.2,1.0369538,1,1
3763,26.2,25.002386,2.5,4.7593637,0.6000000000000001,1.1277227,1,1
3764,26.3,25.902147,5.0,1.7929232,0.30000000000000004,0.9138789,1,1
3765,26.4,25.5051,3.0,2.8467276,0.6000000000000001,0.92255986,1,1
3766,26.2,25.68218,3.9999999999999982,2.2507536,1.7,0.9202841,1,1
3767,26.3,25.761677,2.5,2.1921897,0.3999999999999999,1.0553715,1,1
3768,26.2,25.64134,3.9999999999999982,1.7959108,2.3,0.90092856,1,1
3769,26.1,26.155272,1.5,1.6461201,0.7,1.1683954,1,1
3770,26.5,26.289413,0.0,0.6342982,1.4,0.9433847,0,0
3771,26.7,26.935734,0.0,0.014607267,1.4,1.0538628,0,0
3772,25.9,26.117266,2.0000000000000004,0.40282488,0.19999999999999996,0.99454415,1,0
3773,26.1,25.079865,1.0,1.4804566,1.0,0.87125456,1,1
3774,27.3,25.716133,0.0,0.39545298,0.9,0.80879736,0,0
3775,28.0,26.179813,0.0,0.022167224,0.5,0.777532,0,0
3776,29.1,27.63074,0.0,0.014508029,1.5,0.7729484,0,0
3777,30.2,29.310251,0.0,0.0127782645,1.5,1.1445132,0,0
3778,29.1,30.406986,0.0,0.014571263,2.6,1.6443623,0,0
3779,28.1,29.307562,0.0,0.016535105,3.3,2.2170727,0,0
3780,26.3,28.384806,15.5,0.016041955,1.6,2.861569,1,0
3781,26.2,23.74833,0.5,9.858283,1.1,1.6378936,1,1
3782,26.1,25.262054,2.5,1.6957679,0.7,1.2696255,1,1
3783,26.2,25.204666,0.5,2.4349778,0.3999999999999999,1.096122,1,1
3784,25.7,25.62008,0.5,0.3234298,1.5,0.8407209,1,0
3785,25.4,25.11188,0.0,0.6769037,1.1,1.2034174,0,1
3786,25.5,25.857906,0.0,0.017093305,0.6000000000000001,0.98045886,0,0
3787,25.4,25.804953,0.0,0.018392107,0.7,0.7851256,0,0
3788,25.4,25.77493,0.0,0.015580529,1.3,0.7367189,0,0
3789,26.9,25.94179,0.0,0.014731337,0.0,0.92177296,0,0
3790,27.9,27.642332,0.0,0.011542189,0.7,0.7473787,0,0
3791,29.3,28.513624,0.0,0.012228468,0.5,0.88934475,0,0
3792,30.8,29.791338,0.0,0.011114171,1.7,1.0123073,0,0
3793,30.8,30.831839,0.0,0.014212872,1.4,1.6709453,0,0
3794,30.2,30.496517,0.0,0.014584594,1.3,1.7581158,0,0
3795,26.2,29.455973,0.5,0.015224126,1.4,1.4231517,1,0
3796,26.3,26.71965,0.0,0.2102378,0.5,0.9578115,0,0
3797,26.3,26.35584,0.0,0.014043413,0.7,0.7453774,0,0
3798,26.1,26.189936,4.5,0.012652468,0.3999999999999999,0.7164266,1,0
3799,25.2,24.339357,6.499999999999999,4.1955357,0.30000000000000004,1.0215183,1,1
3800,25.4,25.518679,2.5,1.4646769,0.6000000000000001,0.7965671,1,1
3801,25.2,25.426394,1.0,1.813597,0.5,0.88790596,1,1
3802,25.8,25.761091,0.0,0.5420145,0.9,0.7791785,0,1
3803,25.8,26.250626,0.0,0.01578166,0.30000000000000004,0.8319769,0,0
3804,25.7,25.759033,0.0,0.02232766,0.3999999999999999,0.6435813,0,0
3805,25.4,25.651834,0.0,0.013424804,0.9,0.6004009,0,0
3806,25.5,25.667706,0.0,0.0123692695,1.2,0.7051344,0,0
3807,26.6,26.154337,0.0,0.011252562,1.0,0.8928297,0,0
3808,27.4,27.613525,0.0,0.010311819,0.5,1.0129559,0,0
3809,28.5,28.472559,0.0,0.008608396,0.30000000000000004,0.99178773,0,0
3810,29.6,28.704973,0.0,0.010138417,1.4,1.0917317,0,0
3811,29.7,29.416632,0.0,0.011807843,1.9,1.5962553,0,0
3812,30.1,29.34517,0.0,0.01290329,1.5,1.9317837,0,0
3813,30.4,29.333757,0.0,0.012135006,1.2,1.7743545,0,0
3814,29.8,29.09853,0.0,0.010646098,1.9,1.4102068,0,0
3815,29.1,28.597803,0.0,0.009926654,1.9,1.3885078,0,0
3816,28.7,27.886679,0.0,0.009121398,0.8,1.192065,0,0
3817,28.2,27.611553,0.0,0.00822533,0.5,0.8240216,0,0
3818,28.1,27.206123,0.0,0.0077018565,1.5,0.7071607,0,0
3819,28.0,27.151306,0.0,0.008682099,1.5,0.8877432,0,0
3820,26.3,27.289967,5.499999999999999,0.010323813,0.7,1.0232191,1,0
3821,25.5,25.77041,8.500000000000002,0.9427532,2.6,0.8201426,1,0
3822,25.1,25.73885,8.000000000000002,1.2005739,0.3999999999999999,1.0895225,1,1
3823,25.4,26.392685,1.0,0.47471273,0.30000000000000004,0.7371236,1,0
3824,25.2,26.427942,0.0,0.022647178,0.7,0.6578343,0,0
3825,25.2,25.691336,0.0,0.012022556,0.9,0.7091446,0,0
3826,25.3,25.236462,0.0,0.010777105,0.7,0.7270292,0,0
3827,25.3,25.165325,0.0,0.00911958,1.0,0.7031081,0,0
3828,25.2,25.054525,0.0,0.009069879,1.0,0.73874664,0,0
3829,25.0,25.079336,0.0,0.008386826,1.4,0.7695761,0,0
3830,25.7,25.264462,0.0,0.009486876,1.1,0.90963304,0,0
3831,27.4,26.494759,0.0,0.00927242,0.9,0.9715042,0,0
3832,28.4,28.471958,0.0,0.008520019,0.30000000000000004,1.0674376,0,0
3833,29.3,29.193497,0.0,0.009561516,0.6000000000000001,0.99646413,0,0
3834,29.7,29.706947,0.0,0.009662829,2.4,1.1584307,0,0
3835,30.2,29.79639,0.0,0.01465879,2.6,2.066181,0,0
3836,30.3,30.208603,0.0,0.01341856,2.2,2.4329374,0,0
3837,30.2,29.789156,0.0,0.013171185,2.2,2.2405188,0,0
3838,29.7,29.272161,0.0,0.01304245,2.7,2.0000474,0,0
3839,29.3,28.685854,0.0,0.012150256,1.3,2.0259414,0,0
3840,28.7,28.004416,0.0,0.008354735,1.8,1.2020047,0,0
3841,28.2,27.591686,0.0,0.007958229,0.8,1.0886521,0,0
3842,28.2,27.219786,0.0,0.0069309785,0.5,0.8038765,0,0
3843,28.1,27.159264,0.0,0.0064244093,0.9,0.74728525,0,0
3844,27.7,26.81955,0.0,0.0065804566,0.7,0.7670722,0,0
3845,27.4,26.73362,0.0,0.006777517,0.9,0.7387507,0,0
3846,27.2,26.621548,0.0,0.0065829544,0.8,0.7602978,0,0
3847,27.0,26.700354,0.0,0.006371198,0.8,0.7651553,0,0
3848,27.0,26.544989,0.0,0.0065276385,0.3999999999999999,0.77034426,0,0
3849,26.1,26.476562,0.0,0.0061133546,0.6000000000000001,0.70989287,0,0
3850,26.4,26.10657,0.0,0.00736673,0.7,0.7018107,0,0
3851,27.7,26.49045,0.0,0.0074300184,0.5,0.7517606,0,0
3852,29.3,28.203747,0.0,0.00704805,0.6000000000000001,0.8881253,0,0
3853,29.4,29.4098,0.0,0.008958131,1.4,1.2422959,0,0
3854,28.8,29.59016,0.0,0.013133374,2.5,1.865266,0,0
3855,29.3,29.33573,0.0,0.013634117,1.9,2.4130337,0,0
3856,29.9,29.348316,0.0,0.013229783,2.4,2.3033059,0,0
3857,30.4,29.49748,0.0,0.012418159,2.3,2.516678,0,0
3858,30.2,29.212698,0.0,0.012402003,2.0,2.4123337,0,0
3859,29.6,28.893812,0.0,0.012293091,2.4,2.1478605,0,0
3860,28.7,28.151373,0.0,0.012126275,2.6,2.155686,0,0
3861,28.0,27.484144,0.0,0.011748486,1.7,2.1829045,0,0
3862,27.2,26.871075,0.0,0.011456615,1.8,1.7881178,0,0
3863,27.2,26.307627,0.0,0.00996363,2.0,1.5068766,0,0
3864,27.2,26.348967,0.0,0.011291587,1.8,1.7343043,0,0
3865,26.9,26.665655,0.0,0.010800499,1.0,1.6648983,0,0
3866,26.8,26.68911,0.0,0.008797352,1.1,1.0908194,0,0
3867,26.7,26.766537,0.0,0.008085271,0.3999999999999999,0.97327435,0,0
3868,26.6,26.604828,0.0,0.0070940596,1.0,0.79320157,0,0
3869,26.4,26.42255,0.0,0.0077893385,0.5,0.8531004,0,0
3870,26.3,26.007778,0.0,0.00805163,0.5,0.748454,0,0
3871,26.5,25.977955,0.0,0.008117627,0.6000000000000001,0.7165048,0,0
3872,26.2,26.452534,0.0,0.008780723,0.7,0.75037444,0,0
3873,26.3,26.627892,0.0,0.008379215,0.19999999999999996,0.7883762,0,0
3874,26.5,26.798985,0.0,0.008512235,0.30000000000000004,0.72390807,0,0
3875,27.3,27.24769,0.0,0.010592702,0.0,0.7160634,0,0
3876,28.8,28.008121,0.0,0.008300343,0.5,0.7221091,0,0
3877,29.8,29.380014,0.0,0.009359099,1.0,0.9473137,0,0
3878,25.8,30.388487,8.500000000000002,0.012473851,1.7,1.3734347,1,0
3879,28.4,25.471903,1.0,3.9058428,0.3999999999999999,1.2694433,1,1
3880,29.9,28.336512,0.0,0.029749697,1.7,1.1531396,0,0
3881,29.4,29.150888,0.0,0.013656472,1.6,1.5753989,0,0
3882,29.6,29.030159,0.0,0.01287016,2.9,1.6341883,0,0
3883,29.4,29.063353,0.0,0.013334258,2.6,2.050434,0,0
3884,28.7,28.385595,0.0,0.012691192,2.2,2.0370343,0,0
3885,27.1,27.333458,0.0,0.012799808,3.3,1.8577961,0,0
3886,26.1,25.979368,0.0,0.0131538715,1.6,2.4468238,0,0
3887,26.5,25.529165,0.0,0.010844012,1.8,1.6794521,0,0
3888,26.0,25.697365,0.0,0.009498968,0.5,1.5249214,0,0
3889,26.0,25.46749,0.0,0.008679806,1.2,1.0078542,0,0
3890,26.1,25.310389,0.0,0.009444228,1.4,0.9789677,0,0
3891,26.1,25.529558,0.0,0.007654512,1.2,1.0217535,0,0
3892,25.9,25.640192,0.0,0.008805992,0.5,1.0204278,0,0
3893,26.1,25.621714,0.0,0.009072912,1.7,0.79660153,0,0
3894,25.9,26.089682,0.0,0.009416014,1.1,1.1593812,0,0
3895,26.4,26.142282,0.0,0.0107622435,2.5,1.0958749,0,0
3896,27.0,26.780542,0.0,0.012221123,2.1,2.2293007,0,0
3897,27.9,27.468353,0.0,0.01795096,3.3,2.5142014,0,0
3898,29.3,28.192476,0.0,0.01614035,3.0,3.3568735,0,0
3899,30.5,29.708984,0.0,0.017447917,3.4,3.5632563,0,0
3900,29.7,30.50028,0.0,0.018623041,4.2,3.789921,0,0
3901,29.5,30.036968,0.0,0.018813878,3.7,4.074157,0,0
3902,30.0,29.646803,0.0,0.018623026,3.3,3.9636018,0,0
3903,29.0,29.68634,0.0,0.017596526,3.2,3.6440244,0,0
3904,28.7,27.919138,0.0,0.026745612,2.9,3.1424477,0,0
3905,28.1,27.533503,0.0,0.015735654,2.7,2.8228025,0,0
3906,27.8,27.129599,0.0,0.014083139,2.0,2.6485941,0,0
3907,27.4,26.967052,0.0,0.0129795745,2.1,2.0917873,0,0
3908,27.0,26.475338,0.0,0.012400406,2.5,1.9680054,0,0
3909,26.8,26.218994,0.0,0.01174363,3.3,2.1385996,0,0
3910,27.2,26.17151,0.0,0.013034437,3.7,2.68863,0,0
3911,27.2,26.911362,0.0,0.013207494,3.4,3.182721,0,0
3912,27.2,26.744604,0.0,0.013284621,2.4,3.2325964,0,0
3913,27.3,26.579182,0.0,0.012800884,1.2,2.6665466,0,0
3914,27.1,26.497791,0.0,0.011703408,1.4,1.8086678,0,0
3915,26.7,26.373112,0.0,0.010541773,1.0,1.4881899,0,0
3916,26.1,26.573095,0.0,0.0103717195,0.30000000000000004,1.1244428,0,0
3917,26.3,26.411186,0.0,0.010707055,0.3999999999999999,0.79923916,0,0
3918,26.5,26.82731,0.0,0.010702676,0.19999999999999996,0.75971305,0,0
3919,28.1,27.158382,0.0,0.010337755,1.6,0.73297,0,0
3920,30.0,28.753117,0.0,0.010475523,2.3,1.257048,0,0
3921,31.1,30.726227,0.0,0.015355696,2.3,2.3140125,0,0
3922,30.9,31.219957,0.0,0.016520495,4.3,2.663215,0,0
3923,32.1,30.92503,0.0,0.019415092,3.7,3.730658,0,0
3924,31.0,31.741001,0.0,0.0200768,5.0,3.9899354,0,0
3925,32.0,31.708885,0.0,0.02137161,2.9,4.4806814,0,0
3926,32.0,31.241592,0.0,0.019809388,4.6,3.9058251,0,0
3927,31.2,31.092941,0.0,0.020427503,2.3,4.186825,0,0
3928,30.6,29.691544,0.0,0.017100142,2.0,2.8191571,0,0
3929,30.0,29.208342,0.0,0.014214195,1.9,2.1816664,0,0
3930,29.8,29.026615,0.0,0.013678419,3.8,1.9853355,0,0
3931,29.2,29.005796,0.0,0.01712333,2.2,2.8995051,0,0
3932,29.0,28.35322,0.0,0.015867596,2.7,2.3164008,0,0
3933,28.5,28.213118,0.0,0.015925338,2.6,2.455355,0,0
3934,28.7,27.938341,0.0,0.014806709,3.5,2.4273973,0,0
3935,28.3,28.367147,0.0,0.016870841,3.5,3.0007093,0,0
3936,28.2,27.765945,0.0,0.020814518,3.4,3.111427,0,0
3937,28.2,27.94021,0.0,0.018109903,2.8,3.358763,0,0
3938,28.2,27.892977,0.0,0.018246263,2.5,3.1434574,0,0
3939,28.2,27.653551,0.0,0.021782959,3.5,2.7301362,0,0
3940,28.5,28.26591,0.0,0.016724577,3.3,3.29605,0,0
3941,28.6,28.497105,0.0,0.018682564,3.2,3.3732626,0,0
3942,29.2,28.77305,0.0,0.018419262,3.9,3.3559806,0,0
3943,29.4,29.53738,0.0,0.019789532,3.0,3.7993805,0,0
3944,30.9,29.741144,0.0,0.019722404,4.6,3.6449585,0,0
3945,30.2,31.617498,0.0,0.023025997,4.7,4.5372367,0,0
3946,30.7,30.67965,0.0,0.024593037,4.6,4.7177916,0,0
3947,30.9,30.959051,0.0,0.023958888,4.3,4.9287567,0,0
3948,31.6,30.794203,0.0,0.023804206,5.2,4.861683,0,0
3949,31.1,30.768879,0.0,0.024476606,5.6,4.935139,0,0
3950,31.9,31.1724,0.0,0.02617029,5.0,5.477634,0,0
3951,30.7,31.386934,0.0,0.026660288,5.1,5.4498434,0,0
3952,30.5,30.553688,0.0,0.027133325,2.8,5.1616845,0,0
3953,28.9,30.317127,0.0,0.0211599,2.9,3.8431756,0,0
3954,29.2,28.859932,0.0,0.018807119,3.4,3.2229443,0,0
3955,29.7,28.700907,0.0,0.020074395,1.1,3.1415503,0,0
3956,29.7,28.870707,0.0,0.015810303,2.9,1.8456855,0,0
3957,29.3,29.015863,0.0,0.01701054,2.7,2.4544723,0,0
3958,29.3,28.65474,0.0,0.01639195,2.7,2.470516,0,0
3959,28.9,28.922861,0.0,0.016345402,3.3,2.536444,0,0
3960,29.3,28.566193,0.0,0.018055875,1.5,2.849678,0,0
3961,28.2,28.355515,0.0,0.015389861,0.8,1.9580873,0,0
3962,28.8,27.039295,0.0,0.014841681,0.7,1.1543138,0,0
3963,29.1,27.745443,0.0,0.010918511,0.5,0.966644,0,0
3964,27.7,28.40891,0.0,0.010662751,0.6000000000000001,0.98576033,0,0
3965,27.4,27.331858,0.0,0.014693162,1.7,0.80569017,0,0
3966,27.3,27.33322,0.0,0.015007228,1.4,1.0864847,0,0
3967,28.5,27.519415,0.0,0.013861446,0.5,1.0704231,0,0
3968,29.7,28.642214,0.0,0.015137309,0.9,0.86299914,0,0
3969,31.9,29.764666,0.0,0.012502974,0.9,0.9786136,0,0
3970,32.8,31.74532,0.0,0.014713604,1.3,1.4462376,0,0
3971,32.5,32.515705,0.0,0.016469287,2.6,1.8492643,0,0
3972,32.2,32.340115,0.0,0.018868813,2.1,2.3827338,0,0
3973,31.7,31.417952,0.0,0.021901712,1.9,2.0893438,0,0
3974,30.8,31.1703,0.0,0.017336177,2.1,1.8734502,0,0
3975,30.3,30.339132,0.0,0.02195108,1.2,1.7412282,0,0
3976,27.4,29.62671,0.5,0.055718504,1.3,1.2353956,1,0
3977,26.9,26.01528,0.5,1.0987377,1.2,1.1523793,1,1
3978,26.7,26.3024,0.0,0.3367595,2.2,0.9675177,0,0
3979,27.0,25.607521,0.0,0.14306007,0.6000000000000001,1.2458533,0,0
3980,27.3,27.020786,0.0,0.028704923,0.6000000000000001,0.8351234,0,0
3981,26.9,27.276665,0.0,0.01533695,1.6,0.7910347,0,0
3982,27.2,26.595963,0.0,0.01398062,1.6,0.9233884,0,0
3983,27.1,26.598818,0.0,0.013588064,3.2,1.0787421,0,0
3984,26.9,26.473547,0.0,0.01410652,1.4,2.3540726,0,0
3985,27.1,26.419271,0.0,0.013096074,0.30000000000000004,1.8295702,0,0
3986,26.2,26.969429,0.0,0.014342002,5.2,0.9480162,0,0
3987,27.1,26.822906,0.0,0.015853425,4.3,3.8186798,0,0
3988,28.6,26.959528,0.0,0.016854253,2.6,4.248028,0,0
3989,29.7,28.055134,0.0,0.016755987,5.2,3.5136871,0,0
3990,28.2,29.139141,0.0,0.020078702,5.1,4.4140887,0,0
3991,27.1,28.371235,0.0,0.022299403,4.7,4.7252016,0,0
3992,27.2,27.43416,0.0,0.025260903,5.3,4.531099,0,0
3993,26.1,27.611443,0.0,0.020958852,5.5,4.9336386,0,0
3994,25.3,26.222927,0.0,0.030601613,5.699999999999999,4.831445,0,0
3995,25.1,25.251314,0.0,0.030943247,6.6,4.8552327,0,0
3996,24.9,25.200577,0.0,0.021060668,5.6,5.263231,0,0
3997,24.7,24.655922,0.0,0.023490272,4.5,5.1180325,0,0
3998,23.3,23.881975,0.5,0.042618345,5.5,4.4623127,1,0
3999,23.4,23.027645,0.5,0.62291026,6.0,4.879601,1,1
4000,26.0,22.50141,0.0,0.80336297,5.0,5.1295023,0,1
4001,26.0,24.849688,0.0,0.039143972,5.2,5.1009216,0,0
4002,25.5,24.816729,0.0,0.033188358,6.0,5.050063,0,0
4003,25.0,24.459158,0.0,0.035350177,4.3,5.0139394,0,0
4004,24.7,24.23901,0.0,0.024353953,5.4,4.574854,0,0
4005,23.7,23.730473,0.0,0.03159597,4.6,4.5018015,0,0
4006,23.6,23.651716,1.0,0.016146341,3.3,4.5481567,1,0
4007,23.9,22.488186,1.0,1.1812482,3.3,3.6067288,1,1
4008,24.0,22.458529,0.5,0.9457619,3.3,3.5275955,1,1
4009,24.3,22.271015,0.5,0.6026155,3.5,3.5373766,1,1
4010,25.4,22.46897,0.0,0.61290157,2.5,3.646953,0,1
4011,25.2,24.444422,0.0,0.018009117,3.3,3.4232216,0,0
4012,24.7,24.177694,0.0,0.018535096,4.6,3.495195,0,0
4013,24.6,24.176455,0.0,0.013769718,4.5,3.9939113,0,0
4014,24.3,23.978329,0.0,0.013593551,2.8,4.168361,0,0
4015,24.3,23.729422,0.0,0.012937876,2.9,3.4979365,0,0
4016,24.3,23.879263,0.0,0.01203834,0.5,3.2326095,0,0
4017,24.1,23.623968,0.0,0.012473889,1.2,1.6747967,0,0
4018,24.3,23.821533,0.0,0.009950568,1.0,1.3339012,0,0
4019,24.2,24.093138,0.0,0.010147264,0.3999999999999999,1.0184793,0,0
4020,24.5,24.41745,0.0,0.008434505,0.8,0.75908566,0,0
4021,25.2,24.986053,0.0,0.007583328,0.7,0.8144518,0,0
4022,25.6,25.897804,0.0,0.0072045056,0.6000000000000001,0.86414677,0,0
4023,27.6,26.495316,0.0,0.007695212,0.30000000000000004,0.9158381,0,0
4024,28.5,28.19045,0.0,0.0064614336,1.1,1.0300007,0,0
4025,28.4,28.717785,0.0,0.010273718,1.3,1.543121,0,0
4026,29.1,28.352966,0.0,0.010643734,1.7,1.7318084,0,0
4027,29.5,28.504892,0.0,0.011313883,2.2,1.9442728,0,0
4028,29.1,28.48035,0.0,0.01108727,1.4,2.0474174,0,0
4029,28.2,27.63129,0.0,0.009126108,1.9,1.3785162,0,0
4030,28.3,27.020185,0.0,0.0077240346,1.0,1.2756631,0,0
4031,27.7,26.994215,0.0,0.005927213,1.3,0.9559156,0,0
4032,27.1,26.500095,0.0,0.0060117985,1.1,0.9946446,0,0
4033,26.9,26.309393,0.0,0.005472984,0.5,0.9175154,0,0
4034,26.7,26.126106,0.0,0.005739251,0.30000000000000004,0.7312343,0,0
4035,26.6,26.012205,0.0,0.0053681936,0.30000000000000004,0.6681675,0,0
4036,26.1,26.007336,0.0,0.0051727872,0.6000000000000001,0.6286864,0,0
4037,26.3,25.465223,0.0,0.0061884876,1.3,0.63097906,0,0
4038,26.0,26.037037,0.0,0.006063346,1.0,0.8496411,0,0
4039,25.8,25.934216,0.0,0.0063640866,0.5,0.87027174,0,0
4040,25.3,25.584017,0.0,0.0071300245,1.2,0.7576457,0,0
4041,25.5,25.817152,0.0,0.006338365,0.6000000000000001,0.8970303,0,0
4042,25.2,25.801807,0.0,0.006478745,1.2,0.813689,0,0
4043,25.4,25.669495,0.0,0.00853102,0.6000000000000001,0.93044835,0,0
4044,25.4,26.32999,0.0,0.0076816827,1.4,0.8627281,0,0
4045,27.2,26.47059,0.0,0.00887293,0.5,1.1303476,0,0
4046,29.0,28.054092,0.0,0.0073886127,1.0,1.0836031,0,0
4047,30.0,29.238653,0.0,0.010487603,1.8,1.4607209,0,0
4048,30.1,30.048962,0.0,0.013538825,1.3,2.1756248,0,0
4049,30.2,29.650978,0.0,0.013734974,1.0,1.9375039,0,0
4050,30.9,29.692335,0.0,0.012031801,2.0,1.690708,0,0
4051,31.3,29.974531,0.0,0.012592779,1.2,1.9320349,0,0
4052,30.6,29.691454,0.0,0.010496046,1.6,1.5383501,0,0
4053,30.4,29.019173,0.0,0.008861449,1.3,1.2813169,0,0
4054,30.2,28.49654,0.0,0.0072162757,0.3999999999999999,1.0149896,0,0
4055,29.4,28.216328,0.0,0.0063225036,0.5,0.73880005,0,0
4056,28.9,28.015606,0.0,0.006032415,1.3,0.70379984,0,0
4057,28.0,27.473295,0.0,0.008928439,1.7,0.8077595,0,0
4058,27.6,27.579506,0.0,0.007889377,1.4,1.0688201,0,0
4059,27.1,27.276457,0.0,0.008069216,0.6000000000000001,1.0587361,0,0
4060,26.9,26.634735,0.0,0.007935855,1.0,0.81879044,0,0
4061,26.7,26.45411,0.0,0.007165447,0.3999999999999999,0.8266033,0,0
4062,25.9,26.195993,0.0,0.0063553476,1.2,0.71253,0,0
4063,25.4,25.331669,0.0,0.007321361,1.2,0.7854763,0,0
4064,25.6,24.922905,0.0,0.0071159364,0.5,0.82412815,0,0
4065,25.3,25.296541,0.0,0.0062764576,0.30000000000000004,0.73598576,0,0
4066,25.3,25.132912,0.0,0.0068390425,0.8,0.6500075,0,0
4067,25.1,25.520954,0.0,0.008513952,1.2,0.7550287,0,0
4068,25.5,25.922903,0.0,0.00839867,1.2,0.95503414,0,0
4069,26.4,26.796675,0.0,0.009462094,1.0,1.1392689,0,0
4070,28.0,27.90806,0.0,0.008468041,0.3999999999999999,1.1586097,0,0
4071,29.0,28.859081,0.0,0.007739798,0.5,1.0772308,0,0
4072,29.0,29.39179,0.0,0.008884223,1.7,1.1269665,0,0
4073,29.2,29.201122,0.0,0.011730142,2.6,1.5775006,0,0
4074,29.8,28.994108,0.0,0.012290603,2.9,2.417907,0,0
4075,28.6,29.047764,0.0,0.012946902,3.0,2.8536062,0,0
4076,28.6,27.878578,0.0,0.012833606,3.5,2.8469422,0,0
4077,28.3,27.604813,0.0,0.012230829,2.3,2.949367,0,0
4078,27.8,26.926493,0.0,0.0105097145,2.6,2.393322,0,0
4079,26.8,27.054935,0.0,0.010098548,3.5,2.323627,0,0
4080,26.6,25.872856,0.0,0.011672286,3.0,2.6677008,0,0
4081,26.1,26.087479,0.0,0.01123064,2.7,2.704827,0,0
4082,25.9,25.751396,0.0,0.011347985,2.6,2.5713685,0,0
4083,25.7,25.681236,0.0,0.011268844,1.8,2.564749,0,0
4084,25.8,25.341492,0.0,0.01041181,2.8,2.0780292,0,0
4085,25.5,25.409992,0.0,0.011365513,2.2,2.5042725,0,0
4086,25.5,25.191917,0.0,0.010983814,1.7,2.3454976,0,0
4087,25.5,25.287909,0.0,0.01027991,1.3,1.9384828,0,0
4088,24.8,25.286274,0.0,0.009474192,1.9,1.5614321,0,0
4089,24.6,24.69495,0.0,0.010534824,1.4,1.7973062,0,0
4090,25.3,24.464643,0.0,0.010207175,2.0,1.6693798,0,0
4091,26.3,25.432571,0.0,0.010236585,3.1,2.1350837,0,0
4092,23.7,26.485933,0.0,0.011734594,3.1,3.124819,0,0
4093,23.5,25.047915,0.0,0.0118669225,2.9,3.2478142,0,0
4094,23.3,24.209627,0.0,0.01175147,2.7,3.1470282,0,0
4095,23.3,23.726004,0.0,0.011204606,2.4,3.0982504,0,0
4096,23.6,23.789135,0.0,0.010554155,2.3,2.9148178,0,0
4097,23.4,24.10552,0.0,0.010258763,3.1,2.7482398,0,0
4098,23.4,23.763609,0.0,0.010249385,1.9,3.0341873,0,0
4099,23.3,23.695927,0.0,0.009317193,2.3,2.4658177,0,0
4100,23.6,23.377453,0.0,0.008806462,1.6,2.3588119,0,0
4101,23.6,23.531181,0.0,0.011710765,1.2,1.7922494,0,0
4102,23.7,23.30309,0.0,0.0104527725,1.8,1.5557584,0,0
4103,23.6,23.292862,0.0,0.0111596,2.2,1.6040446,0,0
4104,23.6,23.258413,0.0,0.011737374,1.6,1.7406769,0,0
4105,24.0,23.436346,0.0,0.012757196,2.3,1.6703703,0,0
4106,24.8,23.766886,0.0,0.009778631,3.2,2.0059617,0,0
4107,25.6,24.660824,0.0,0.011593864,3.4,3.0293968,0,0
4108,25.1,25.63517,0.0,0.012249427,4.3,3.5175543,0,0
4109,25.5,25.354694,0.0,0.01298493,3.0,4.0142436,0,0
4110,25.7,25.659506,0.0,0.012498278,3.4,3.7211113,0,0
4111,25.7,25.64018,0.0,0.012222854,3.0,3.6551187,0,0
4112,25.0,25.303164,0.0,0.011689041,4.7,3.3239844,0,0
4113,25.4,24.831366,0.0,0.011947288,3.0,3.767234,0,0
4114,25.5,24.697985,0.0,0.011189153,3.8,3.318436,0,0
4115,25.1,24.56701,0.0,0.011221653,2.7,3.3102973,0,0
4116,24.2,24.386261,0.0,0.010520847,1.9,2.7463021,0,0
4117,23.8,23.742138,0.0,0.009850226,1.6,2.003181,0,0
4118,23.6,23.522707,0.0,0.01287707,1.8,1.6939418,0,0
4119,23.4,23.462334,0.0,0.012669803,1.8,1.7069794,0,0
4120,23.6,23.37001,0.0,0.012007072,1.9,1.7422339,0,0
4121,23.7,23.52736,0.0,0.012303319,1.2,1.7444543,0,0
4122,23.9,23.479,0.0,0.010811007,2.6,1.5721544,0,0
4123,23.6,23.751354,0.0,0.009919697,1.2,2.1893175,0,0
4124,23.3,23.46374,0.0,0.012927017,1.8,1.6543275,0,0
4125,23.6,23.416557,0.0,0.012755694,2.3,1.6801696,0,0
4126,23.5,23.340563,0.0,0.009678819,2.3,1.979807,0,0
4127,23.4,23.608921,0.0,0.009724666,2.4,2.2148402,0,0
4128,23.1,23.879414,0.0,0.010401858,1.5,2.492095,0,0
4129,23.3,23.777353,0.0,0.0103429565,2.1,1.9354066,0,0
4130,24.4,23.711641,0.0,0.010441429,3.2,2.184907,0,0
4131,24.7,24.617603,0.0,0.012096448,3.9,3.1788545,0,0
4132,25.2,25.177876,0.0,0.012846302,3.5,3.827952,0,0
4133,25.3,25.568148,0.0,0.013124436,3.1,3.911658,0,0
4134,25.7,25.671175,0.0,0.012601307,3.0,3.6428833,0,0
4135,25.4,25.526487,0.0,0.011987954,3.4,3.408461,0,0
4136,25.6,24.835457,0.0,0.011653657,3.9,3.3464391,0,0
4137,24.7,24.644913,0.0,0.011321906,3.6,3.4161208,0,0
4138,24.4,23.949913,0.0,0.010919053,3.8,3.1972427,0,0
4139,24.1,23.774376,0.0,0.0107669905,3.4,3.1993866,0,0
4140,23.6,23.744116,0.0,0.010662277,2.4,3.1301396,0,0
4141,23.1,23.35231,0.0,0.009540121,1.8,2.5782983,0,0
4142,22.9,23.067991,0.0,0.009423064,1.8,1.9777136,0,0
4143,22.9,22.889,0.0,0.009980922,1.7,1.7965534,0,0
4144,22.6,23.000937,0.0,0.010018507,1.3,1.661301,0,0
4145,22.5,22.518602,0.0,0.0076552746,1.8,1.4994565,0,0
4146,22.3,22.577278,0.0,0.0077411537,2.0,1.6094497,0,0
4147,22.2,22.440624,0.0,0.007564793,1.6,1.7324456,0,0
4148,22.5,22.27169,0.0,0.0064928313,1.8,1.5882959,0,0
4149,22.2,22.714146,0.0,0.008471524,1.3,1.6385101,0,0
4150,22.3,22.276564,0.0,0.008158,1.4,1.4678166,0,0
4151,22.3,23.046207,0.0,0.009900536,1.0,1.5274678,0,0
4152,22.3,22.91344,0.0,0.010093259,1.7,1.3623787,0,0
4153,22.9,23.151985,0.0,0.010841066,1.6,1.6438239,0,0
4154,24.6,23.562716,0.0,0.011823843,2.5,1.7716628,0,0
4155,26.1,25.507324,0.0,0.011590148,2.7,2.744365,0,0
4156,26.7,26.815454,0.0,0.012513184,3.7,3.1555936,0,0
4157,27.8,27.116678,0.0,0.013566769,3.0,3.662524,0,0
4158,28.1,27.933863,0.0,0.013661569,3.1,3.5199606,0,0
4159,28.2,27.892567,0.0,0.0133505585,3.1,3.3968556,0,0
4160,28.2,27.470842,0.0,0.012329292,4.0,3.260035,0,0
4161,26.9,26.992393,0.0,0.0112590715,3.5,3.447577,0,0
4162,25.7,25.663544,0.0,0.011258285,3.7,3.12184,0,0
4163,25.6,24.905014,0.0,0.011360863,2.7,3.0307887,0,0
4164,24.8,24.782978,0.0,0.010737651,2.9,2.4885113,0,0
4165,24.6,24.514349,0.0,0.0106539745,3.0,2.4362319,0,0
4166,24.5,24.232224,0.0,0.010558157,2.7,2.562671,0,0
4167,24.3,24.16308,0.0,0.010648485,2.7,2.5857663,0,0
4168,24.1,23.816965,0.0,0.010692193,2.4,2.57225,0,0
4169,24.0,23.612535,0.0,0.010253038,1.4,2.409219,0,0
4170,24.2,23.528423,0.0,0.012462728,1.9,1.7297513,0,0
4171,24.2,23.548798,0.0,0.012356138,1.7,1.7291946,0,0
4172,23.9,23.514446,0.0,0.012852888,1.8,1.681095,0,0
4173,23.8,23.466093,0.0,0.012842419,1.3,1.6691431,0,0
4174,23.7,23.262697,0.0,0.0108143,1.5,1.5140038,0,0
4175,23.5,23.445223,0.0,0.012608465,0.9,1.638102,0,0
4176,23.1,23.23582,0.0,0.010847631,0.7,1.285313,0,0
4177,24.1,23.860193,0.0,0.009758536,0.30000000000000004,0.9943779,0,0
4178,25.9,25.816172,0.0,0.0097194305,0.9,0.86240095,0,0
4179,28.1,27.330685,0.0,0.008745403,3.1,1.2135073,0,0
4180,28.9,28.271542,0.0,0.014766947,3.1,3.1226282,0,0
4181,29.8,28.833233,0.0,0.015711868,2.6,3.463212,0,0
4182,29.9,29.468872,0.0,0.015965365,3.3,3.2547104,0,0
4183,30.1,29.430285,0.0,0.015911637,3.2,3.3854046,0,0
4184,30.1,29.180815,0.0,0.015347734,3.1,3.3692908,0,0
4185,29.6,28.831776,0.0,0.014142973,2.6,3.1558433,0,0
4186,29.0,27.969189,0.0,0.012120986,2.5,2.7393425,0,0
4187,28.1,27.328106,0.0,0.010477943,1.9,2.3167968,0,0
4188,27.2,26.416319,0.0,0.009722132,2.3,1.9032964,0,0
4189,26.7,25.808165,0.0,0.0094917165,1.3,1.901682,0,0
4190,26.4,25.011719,0.0,0.007944479,1.2,1.5039808,0,0
4191,26.3,25.034973,0.0,0.0064073433,0.8,1.3201894,0,0
4192,25.8,25.327534,0.0,0.0056297346,0.9,0.8990091,0,0
4193,25.5,24.824343,0.0,0.005401886,0.7,0.82039,0,0
4194,24.8,24.640167,0.0,0.005221314,0.8,0.72813666,0,0
4195,24.4,24.051764,0.0,0.0065098396,0.6000000000000001,0.69416654,0,0
4196,24.2,23.727747,0.0,0.006548839,0.30000000000000004,0.6386734,0,0
4197,23.8,23.54625,0.0,0.0068188976,0.30000000000000004,0.58206296,0,0
4198,23.6,23.282993,0.0,0.0072570518,0.6000000000000001,0.54962754,0,0
4199,22.9,23.356668,0.0,0.00750567,0.3999999999999999,0.6164652,0,0
4200,23.1,22.990831,0.0,0.0077878716,0.9,0.5769656,0,0
4201,23.7,23.519192,0.0,0.0083801625,0.30000000000000004,0.77039695,0,0
4202,25.9,25.09595,0.0,0.0054815956,0.9,0.74479747,0,0
4203,27.9,27.290737,0.0,0.0061590145,0.6000000000000001,1.0605425,0,0
4204,30.2,28.954018,0.0,0.008797616,0.30000000000000004,1.237946,0,0
4205,31.6,30.367208,0.0,0.0117759425,0.7,1.5843092,0,0
4206,32.5,31.029602,0.0,0.0130226435,1.0,1.7553803,0,0
4207,32.2,31.378305,0.0,0.013323721,2.1,1.818957,0,0
4208,32.1,30.960123,0.0,0.014181256,1.9,2.0108361,0,0
4209,31.8,30.847769,0.0,0.012780432,1.7,1.7855701,0,0
4210,31.5,30.274998,0.0,0.01061224,1.6,1.4285202,0,0
4211,30.6,29.667063,0.0,0.008267548,1.2,1.1126266,0,0
4212,30.4,29.094547,0.0,0.0068672486,0.9,0.9007791,0,0
4213,29.0,29.028473,0.0,0.0064311544,0.8,0.8171741,0,0
4214,27.9,27.383257,0.0,0.008092755,1.5,0.75100183,0,0
4215,27.2,26.78155,0.0,0.00850832,1.4,0.9859467,0,0
4216,26.7,26.472284,0.0,0.008108002,1.1,1.0531626,0,0
4217,26.7,26.236954,0.0,0.0071716933,0.9,0.92087054,0,0
4218,26.1,26.138454,0.0,0.006535029,0.3999999999999999,0.83680737,0,0
4219,25.5,25.415182,0.0,0.005994522,0.9,0.68363345,0,0
4220,25.6,24.646057,0.0,0.006250202,0.8,0.69635737,0,0
4221,25.4,24.915339,0.0,0.0055320817,0.8,0.7471776,0,0
4222,25.0,24.659004,0.0,0.006305102,0.19999999999999996,0.7422588,0,0
4223,24.5,24.336462,0.0,0.006539289,1.0,0.61832714,0,0
4224,24.3,24.258673,0.0,0.007985591,1.0,0.7504324,0,0
4225,24.7,24.696186,0.0,0.008102132,0.9,0.8591246,0,0
4226,26.6,26.362293,0.0,0.00839878,1.4,0.9232361,0,0
4227,28.0,28.414675,0.0,0.009288996,0.7,1.2931701,0,0
4228,29.6,29.43477,0.0,0.009959504,0.9,1.2155575,0,0
4229,30.2,30.478542,0.0,0.01257566,1.2,1.5983926,0,0
4230,30.7,30.48704,0.0,0.01328986,2.3,1.7406269,0,0
4231,30.6,30.11706,0.0,0.014015568,2.3,2.1132872,0,0
4232,31.0,29.796711,0.0,0.013241748,2.5,2.0698416,0,0
4233,30.3,29.576887,0.0,0.012569484,1.7,2.0089102,0,0
4234,30.3,28.890797,0.0,0.00957166,1.1,1.3798815,0,0
4235,29.4,28.689434,0.0,0.0066132983,1.5,0.99375004,0,0
4236,28.0,27.886074,0.0,0.008201789,0.3999999999999999,0.91034734,0,0
4237,27.9,26.776514,0.0,0.011122628,0.6000000000000001,0.6446432,0,0
4238,27.7,26.831964,0.0,0.009382292,0.9,0.66009164,0,0
4239,27.3,27.0805,0.0,0.008573002,1.8,0.75645185,0,0
4240,27.1,26.871624,0.0,0.008696381,0.9,1.019698,0,0
4241,26.8,26.99004,0.0,0.0075247292,1.0,0.8895238,0,0
4242,26.4,26.721048,0.0,0.0070869243,0.9,0.87428284,0,0
4243,26.1,26.227713,0.0,0.006880336,0.6000000000000001,0.83474743,0,0
4244,25.9,25.798824,0.0,0.0065871687,0.0,0.75460255,0,0
4245,25.6,25.62267,0.0,0.0060718646,0.9,0.6382015,0,0
4246,25.7,25.406286,0.0,0.0065469416,0.10000000000000009,0.72810125,0,0
4247,25.3,25.66707,0.0,0.005983384,1.1,0.6580864,0,0
4248,24.8,25.739878,0.0,0.007194104,0.8,0.82914853,0,0
4249,25.0,25.235704,0.0,0.010063354,0.8,0.7992662,0,0
4250,26.8,26.318083,0.0,0.007452833,1.0,0.9046776,0,0
4251,28.8,28.32447,0.0,0.0082599865,0.30000000000000004,1.1887646,0,0
4252,30.5,29.571915,0.0,0.011459264,1.8,1.408833,0,0
4253,31.6,30.634985,0.0,0.014784627,1.8,2.3265476,0,0
4254,32.4,31.194075,0.0,0.0151513815,0.7,2.4909606,0,0
4255,32.4,31.409458,0.0,0.014322584,1.6,1.9214525,0,0
4256,31.7,31.251991,0.0,0.014547688,3.7,1.9523242,0,0
4257,30.5,30.45588,0.0,0.015663259,3.1,2.8605094,0,0
4258,30.1,29.42921,0.0,0.014305685,2.9,2.8183298,0,0
4259,29.7,28.55725,0.0,0.013321781,2.2,2.5758667,0,0
4260,28.7,28.360096,0.0,0.01223601,1.0,2.1049654,0,0
4261,27.8,27.441723,0.0,0.009000823,2.3,1.2644244,0,0
4262,27.4,26.79381,0.0,0.011399636,1.9,1.784884,0,0
4263,27.0,26.314804,0.0,0.011654007,1.9,1.7927966,0,0
4264,26.9,26.132187,0.0,0.01011696,2.5,1.6489079,0,0
4265,26.8,26.24509,0.0,0.010875824,1.5,2.028364,0,0
4266,26.7,25.889328,0.0,0.009506049,1.7,1.5432615,0,0
4267,26.3,25.685688,0.0,0.009211083,1.4,1.4768107,0,0
4268,26.0,25.459528,0.0,0.007909416,0.8,1.272091,0,0
4269,25.7,25.036625,0.0,0.0076301163,0.8,0.9185187,0,0
4270,25.5,24.98576,0.0,0.008667351,1.0,0.8610037,0,0
4271,25.0,25.268002,0.0,0.0077068647,1.1,0.9015445,0,0
4272,25.3,25.1711,0.0,0.008718781,1.0,0.9514996,0,0
4273,26.0,26.071604,0.0,0.01070835,1.3,1.0203336,0,0
4274,27.2,27.374409,0.0,0.009687952,1.3,1.2539262,0,0
4275,28.9,28.315569,0.0,0.012302195,3.0,1.4788084,0,0
4276,29.9,29.270994,0.0,0.015276819,2.8,3.0055842,0,0
4277,30.1,29.908895,0.0,0.016325897,3.6,3.2277453,0,0
4278,30.0,29.73568,0.0,0.017033452,4.0,3.59087,0,0
4279,30.2,29.61537,0.0,0.01668703,4.3,3.7554755,0,0
4280,29.6,29.575771,0.0,0.016285382,4.2,3.9172425,0,0
4281,28.5,28.897497,0.0,0.015440351,3.6,3.8616674,0,0
4282,27.5,27.66055,0.0,0.013762882,3.2,3.4625413,0,0
4283,26.7,26.450798,0.0,0.012289106,3.6,3.0310884,0,0
4284,26.2,26.111902,0.0,0.011373549,2.0,3.0840755,0,0
4285,27.1,25.559786,0.0,0.009966193,2.4,2.3074884,0,0
4286,26.8,26.486296,0.0,0.009737313,2.0,2.2464838,0,0
4287,26.5,25.666903,0.0,0.010012706,3.6,1.9834212,0,0
4288,26.6,26.004255,0.0,0.011546812,3.1,2.829781,0,0
4289,27.1,26.533136,0.0,0.011650004,3.8,2.9237149,0,0
4290,26.9,27.034811,0.0,0.012223223,2.6,3.3074028,0,0
4291,26.9,26.802921,0.0,0.012042265,1.4,2.881461,0,0
4292,26.7,26.48744,0.0,0.010723674,1.9,2.011552,0,0
4293,26.4,26.033197,0.0,0.010236269,0.7,1.8707603,0,0
4294,26.1,25.909485,0.0,0.007879671,1.1,1.2042238,0,0
4295,25.6,25.643656,0.0,0.008127159,0.8,1.1539565,0,0
4296,24.9,25.498169,0.0,0.009940216,0.9,0.98841035,0,0
4297,25.3,25.567978,0.0,0.009435317,1.2,0.9159097,0,0
4298,26.7,26.18354,0.0,0.009562164,0.7,1.0678375,0,0
4299,28.5,27.864376,0.0,0.009151871,1.5,1.1203098,0,0
4300,29.8,29.517902,0.0,0.0134460395,1.1,1.908316,0,0
4301,31.1,30.43208,0.0,0.014066234,1.3,2.073296,0,0
4302,30.8,30.822025,0.0,0.014398861,2.3,2.2161553,0,0
4303,30.7,30.116173,0.0,0.015282138,1.7,2.4561899,0,0
4304,31.3,30.186275,0.0,0.014383675,2.7,2.250181,0,0
4305,30.2,30.188278,0.0,0.014016053,2.5,2.617141,0,0
4306,29.3,28.996492,0.0,0.013350749,2.9,2.4685404,0,0
4307,28.4,27.93227,0.0,0.012903716,2.0,2.4751408,0,0
4308,27.6,27.297895,0.0,0.011774028,1.8,2.0448983,0,0
4309,27.3,26.683464,0.0,0.011290831,1.7,1.7965406,0,0
4310,27.2,26.430386,0.0,0.0105906455,1.0,1.6740917,0,0
4311,27.2,26.774265,0.0,0.008736673,0.5,1.2459913,0,0
4312,27.1,27.2305,0.0,0.006919331,1.3,0.85402703,0,0
4313,26.7,27.069872,0.0,0.0075579095,0.0,0.99120474,0,0
4314,26.6,26.59758,0.0,0.007509502,0.3999999999999999,0.7186235,0,0
4315,25.9,26.507078,0.0,0.0065865167,1.0,0.6878096,0,0
4316,25.7,25.727575,0.0,0.0067037614,0.6000000000000001,0.7529228,0,0
4317,25.5,25.45787,0.0,0.006558663,0.3999999999999999,0.7250577,0,0
4318,25.4,25.257963,0.0,0.0069651217,0.7,0.669562,0,0
4319,25.8,25.380087,0.0,0.006568855,0.19999999999999996,0.71725726,0,0
4320,25.9,26.226353,0.0,0.00657241,0.5,0.71114564,0,0
4321,26.7,26.667349,0.0,0.008840312,0.5,0.7502639,0,0
4322,27.5,27.063538,0.0,0.008346004,0.9,0.7903147,0,0
4323,28.5,28.20806,0.0,0.009223069,0.7,1.0058835,0,0
4324,29.4,29.1919,0.0,0.009037919,1.5,1.1525979,0,0
4325,30.3,29.917603,0.0,0.013104134,2.0,1.7499762,0,0
4326,30.3,30.349667,0.0,0.013839904,3.0,2.165827,0,0
4327,30.4,29.940258,0.0,0.012578758,2.0,2.5492263,0,0
4328,29.3,29.704576,0.0,0.012667327,2.1,2.1217773,0,0
4329,28.5,28.33715,0.0,0.011212883,2.3,1.7229822,0,0
4330,28.5,27.37432,0.0,0.009426724,1.4,1.4793698,0,0
4331,28.4,27.518354,0.0,0.006450845,1.2,1.0699126,0,0
4332,27.6,27.291372,0.0,0.0057286597,1.0,0.90911245,0,0
4333,27.6,26.493143,0.0,0.00635242,0.10000000000000009,0.7959105,0,0
4334,27.7,26.451704,0.0,0.005780904,1.0,0.6833383,0,0
4335,27.4,26.694487,0.0,0.0067439023,1.2,0.8121456,0,0
4336,27.2,26.771671,0.0,0.0068300264,1.1,0.9098106,0,0
4337,26.7,26.793985,0.0,0.006807777,0.8,0.92458093,0,0
4338,26.2,26.371092,0.0,0.00692127,1.1,0.8264016,0,0
4339,26.1,26.02193,0.0,0.0068355585,0.6000000000000001,0.86294335,0,0
4340,26.3,25.83604,0.0,0.0064237355,0.6000000000000001,0.75756645,0,0
4341,26.0,25.963787,0.0,0.006324415,0.3999999999999999,0.7475201,0,0
4342,25.4,25.815573,0.0,0.006563077,0.9,0.6815187,0,0
4343,25.0,25.603613,0.0,0.007072027,0.8,0.7528839,0,0
4344,24.6,26.311167,0.0,0.0059081092,0.6000000000000001,0.8601367,0,0
4345,25.0,25.11896,0.0,0.0103633525,0.6000000000000001,0.7750789,0,0
4346,26.6,26.089054,0.0,0.00631387,1.1,0.83469856,0,0
4347,28.3,27.681503,0.0,0.0074794693,0.7,1.1764125,0,0
4348,29.2,28.994207,0.0,0.009450471,0.3999999999999999,1.3699659,0,0
4349,30.6,29.32636,0.0,0.010156107,1.3,1.3840367,0,0
4350,30.3,30.250795,0.0,0.012485981,1.7,1.7779468,0,0
4351,31.8,29.639822,0.0,0.012844454,0.9,1.7346219,0,0
4352,31.7,30.083126,0.0,0.011030509,2.9,1.4240364,0,0
4353,31.0,30.131664,0.0,0.013621799,3.0,2.1166322,0,0
4354,30.3,29.410698,0.0,0.012895392,2.8,2.357077,0,0
4355,28.5,28.57732,0.0,0.012884071,3.1,2.2911825,0,0
4356,27.1,27.219631,0.0,0.013140888,4.4,2.513436,0,0
4357,26.4,26.30486,0.0,0.013344658,3.8,3.1734657,0,0
4358,25.9,25.623089,0.0,0.013256017,4.6,3.3612738,0,0
4359,24.8,24.774376,0.0,0.013735733,3.9,3.8530638,0,0
4360,24.8,24.66782,0.0,0.012912516,3.1,3.849637,0,0
4361,24.8,24.656622,0.0,0.012313186,2.9,3.4648077,0,0
4362,24.9,24.308413,0.0,0.011926085,3.8,3.1394699,0,0
4363,25.7,23.947453,0.0,0.012186862,5.2,3.4950747,0,0
4364,26.1,24.982805,0.0,0.012875247,5.6,4.3153048,0,0
4365,27.3,25.57147,0.0,0.013588481,4.2,4.8338575,0,0
4366,26.8,26.348269,0.0,0.013435884,5.2,4.726903,0,0
4367,26.6,26.081839,0.0,0.013680621,5.699999999999999,4.8135066,0,0
4368,26.6,25.999214,0.0,0.013872808,4.7,5.017235,0,0
4369,25.9,25.686302,0.0,0.013526609,4.2,4.7979846,0,0
4370,25.6,24.964327,0.0,0.012941496,3.2,4.32872,0,0
4371,25.0,24.697464,0.0,0.011921161,2.4,3.6990652,0,0
4372,24.7,24.458881,0.0,0.010580256,3.0,2.9563382,0,0
4373,24.6,24.200476,0.0,0.01060941,3.3,2.956471,0,0
4374,24.6,24.153463,0.0,0.010837956,4.0,3.0974846,0,0
4375,24.6,24.24567,0.0,0.011453155,3.8,3.515207,0,0
4376,24.3,24.386332,0.0,0.011694424,3.2,3.63875,0,0
4377,24.4,24.162617,0.0,0.011541168,3.0,3.4180133,0,0
4378,24.7,24.28081,0.0,0.011378262,3.7,3.2332819,0,0
4379,24.6,24.651848,0.0,0.011534599,2.1,3.4725828,0,0
4380,24.5,24.301525,0.0,0.010787464,1.5,2.671934,0,0
4381,24.7,23.892006,0.0,0.010647824,1.1,1.884575,0,0
4382,24.6,24.30662,0.0,0.008382581,2.1,1.4927795,0,0
4383,24.7,23.817535,0.0,0.011531137,2.1,1.7334256,0,0
4384,24.9,24.449326,0.0,0.010353483,1.2,2.0715988,0,0
4385,25.4,24.656204,0.0,0.010313501,1.8,1.7735484,0,0
4386,26.4,25.738817,0.0,0.010509545,2.6,2.030011,0,0
4387,27.0,26.794628,0.0,0.01188227,3.2,2.823398,0,0
4388,27.5,27.213598,0.0,0.012748926,2.6,3.379822,0,0
4389,28.6,27.884293,0.0,0.013321784,3.1,3.2682548,0,0
4390,29.5,28.455708,0.0,0.013785025,2.3,3.3765457,0,0
4391,29.4,28.688503,0.0,0.013273365,1.7,3.0002215,0,0
4392,28.5,28.427608,0.0,0.011305093,2.9,2.4104993,0,0
4393,27.8,27.503408,0.0,0.011757474,3.7,2.7157779,0,0
4394,27.5,26.967241,0.0,0.01154183,3.1,2.9522688,0,0
4395,27.2,26.509178,0.0,0.010618125,2.1,2.7363224,0,0
4396,26.8,26.0861,0.0,0.009830958,1.6,2.1824026,0,0
4397,26.9,25.694721,0.0,0.008899772,1.0,1.7035437,0,0
4398,26.8,26.530571,0.0,0.0059056287,1.4,1.1878034,0,0
4399,26.4,26.392397,0.0,0.006753495,2.4,1.2184509,0,0
4400,26.3,25.645958,0.0,0.010409762,2.6,1.822737,0,0
4401,26.0,26.112017,0.0,0.010785204,3.0,2.2307184,0,0
4402,25.7,25.942062,0.0,0.0118679525,2.7,2.5806162,0,0
4403,25.5,25.752686,0.0,0.011342127,2.4,2.532849,0,0
4404,25.5,25.36185,0.0,0.0109369345,2.2,2.34619,0,0
4405,25.4,25.136932,0.0,0.01042797,1.6,2.1539874,0,0
4406,25.3,24.598251,0.0,0.010313899,0.9,1.7471403,0,0
4407,25.1,25.274803,0.0,0.008809416,0.7,1.2542061,0,0
4408,25.1,25.541428,0.0,0.009711851,1.8,0.9753113,0,0
4409,25.7,25.286926,0.0,0.010389105,1.9,1.6194766,0,0
4410,26.8,26.332872,0.0,0.011322028,2.2,2.0938702,0,0
4411,27.7,27.590462,0.0,0.01360855,1.8,2.6203272,0,0
4412,27.3,28.651567,0.0,0.012487815,2.7,2.4540732,0,0
4413,29.3,27.62413,0.0,0.0138796065,2.5,2.8809638,0,0
4414,28.8,28.688541,0.0,0.013867963,3.8,2.9467144,0,0
4415,28.1,28.320988,0.0,0.014218452,3.7,3.3671522,0,0
4416,27.8,27.823847,0.0,0.013177764,5.6,3.3985043,0,0
4417,26.7,27.307821,0.0,0.013440329,4.6,4.029974,0,0
4418,26.3,26.034927,0.0,0.013122202,5.0,4.033066,0,0
4419,25.3,25.384302,0.0,0.0133133475,4.0,4.1377726,0,0
4420,25.1,24.612844,0.0,0.013085336,2.5,3.8207395,0,0
4421,25.2,24.597853,0.0,0.011810413,2.7,3.0782404,0,0
4422,25.0,24.614664,0.0,0.011584542,3.0,2.8591807,0,0
4423,25.1,24.58771,0.0,0.01142351,3.0,2.87158,0,0
4424,24.9,24.674221,0.0,0.011581948,3.2,2.9555063,0,0
4425,24.4,24.43962,0.0,0.011829411,3.8,3.0599308,0,0
4426,24.5,24.358242,0.0,0.01221774,4.0,3.4785578,0,0
4427,23.5,24.199938,0.0,0.012332787,5.9,3.6302533,0,0
4428,23.3,23.988783,0.0,0.012645203,5.4,4.441967,0,0
4429,22.7,23.268976,0.0,0.012652793,5.6,4.528484,0,0
4430,22.4,23.06887,0.0,0.013384737,5.3,4.8261166,0,0
4431,22.0,22.66025,0.0,0.014429023,3.5,4.856949,0,0
4432,22.6,21.919292,0.0,0.014603535,3.9,4.232934,0,0
4433,22.5,22.752853,0.0,0.011301491,4.3,4.1506243,0,0
4434,22.7,22.30484,0.0,0.012651622,5.2,4.1238155,0,0
4435,22.1,22.72603,0.0,0.01258113,4.1,4.5441966,0,0
4436,22.0,21.976383,0.0,0.013592135,4.2,4.2771387,0,0
4437,22.1,21.66223,0.5,0.013131434,4.5,4.0473595,1,0
4438,22.1,21.141186,1.0,1.0208068,3.8,3.9130762,1,1
4439,22.2,21.66172,1.0,1.0205691,3.6,3.8597133,1,1
4440,22.2,21.737957,0.5,1.1501033,3.4,3.7229729,1,1
4441,22.4,21.441776,0.5,0.8375684,2.9,3.5616772,1,1
4442,22.4,21.305845,1.0,0.7822815,3.6,3.2005594,1,1
4443,22.3,21.555058,1.0,0.8468896,4.7,3.5111117,1,1
4444,22.4,21.429272,1.0,1.020288,3.4,4.089009,1,1
4445,22.7,21.829847,0.5,1.1440275,3.2,3.8104043,1,1
4446,22.8,21.991896,1.0,0.8726388,5.2,3.6589751,1,1
4447,22.9,22.2465,0.5,1.2005465,4.1,4.360311,1,1
4448,22.7,22.354599,1.5,1.135704,4.7,4.257652,1,1
4449,22.8,22.485987,0.5,1.7035382,4.5,4.443223,1,1
4450,23.0,22.486193,0.5,1.3266437,4.4,4.3720164,1,1
4451,26.0,22.623453,0.0,1.155611,4.7,4.3419437,0,1
4452,26.8,24.293833,0.0,0.15947956,4.3,4.3034697,0,0
4453,26.8,25.82771,0.0,0.036592625,3.1,4.493504,0,0
4454,26.6,26.451735,0.0,0.038237587,4.1,4.1682816,0,0
4455,26.5,25.98119,0.0,0.1313748,3.1,4.1253476,0,0
4456,28.3,26.105005,0.0,0.126394,3.3,3.9426343,0,0
4457,29.2,27.374577,0.0,0.042358197,1.4,4.0047646,0,0
4458,29.9,28.115387,0.0,0.050532166,1.7,2.874104,0,0
4459,28.9,28.553944,0.0,0.10506387,1.7,2.086884,0,0
4460,28.2,28.07519,0.0,0.061577458,0.5,1.5991143,0,0
4461,27.6,27.669588,0.0,0.013110275,1.0,0.9034624,0,0
4462,27.0,27.335976,0.0,0.015555109,0.6000000000000001,0.91914815,0,0
4463,27.1,27.18171,0.0,0.015133987,0.8,0.7798873,0,0
4464,26.6,27.233206,0.0,0.014138142,0.7,0.77843904,0,0
4465,26.2,26.604864,0.0,0.010775982,0.0,0.70569146,0,0
4466,26.2,26.013395,0.0,0.009797041,0.30000000000000004,0.56170595,0,0
4467,25.9,25.84734,0.0,0.009249786,0.10000000000000009,0.5868468,0,0
4468,25.6,25.762743,0.0,0.009218644,0.0,0.54863477,0,0
4469,25.4,25.59615,0.0,0.009220904,0.5,0.501495,0,0
4470,25.3,25.426065,0.0,0.009724655,0.8,0.57034516,0,0
4471,25.8,25.845133,0.0,0.010338198,0.19999999999999996,0.7152393,0,0
4472,27.1,26.308928,0.0,0.009152225,0.30000000000000004,0.6858146,0,0
4473,28.1,27.64507,0.0,0.0131209195,0.6000000000000001,0.840124,0,0
4474,28.3,28.825226,0.0,0.0098003065,1.3,1.0536934,0,0
4475,28.6,28.915615,0.0,0.012278731,1.4,1.4182848,0,0
4476,28.8,28.86194,0.0,0.012404446,1.5,1.5858129,0,0
4477,28.3,28.83395,0.0,0.0125284195,2.1,1.7139342,0,0
4478,27.9,27.996363,0.0,0.012410008,1.3,1.8759171,0,0
4479,28.9,27.214128,0.0,0.010329549,1.5,1.4575425,0,0
4480,28.1,27.690788,0.0,0.009412149,1.3,1.3012198,0,0
4481,27.9,27.307579,0.0,0.010426908,0.19999999999999996,1.0644726,0,0
4482,27.7,27.049822,0.0,0.00850906,0.7,0.76781356,0,0
4483,27.6,26.944035,0.0,0.009678338,0.30000000000000004,0.7400547,0,0
4484,27.6,26.96727,0.0,0.008708944,0.19999999999999996,0.6655731,0,0
4485,26.8,26.917698,0.0,0.007466456,0.9,0.64260113,0,0
4486,27.0,26.330482,0.0,0.011202685,0.8,0.745345,0,0
4487,26.6,26.739946,0.0,0.008952933,0.10000000000000009,0.8355452,0,0
4488,26.5,26.281355,0.0,0.007704135,0.6000000000000001,0.66421676,0,0
4489,26.4,25.965614,0.0,0.008053229,0.6000000000000001,0.7414932,0,0
4490,26.4,25.957306,0.0,0.0071901456,0.10000000000000009,0.76251006,0,0
4491,26.4,26.03932,0.0,0.0077726743,0.9,0.67013824,0,0
4492,26.2,26.170277,0.0,0.007804991,0.10000000000000009,0.74905443,0,0
4493,26.1,26.36256,0.0,0.007800001,0.19999999999999996,0.6654533,0,0
4494,26.1,26.16433,0.0,0.008817206,0.9,0.6285411,0,0
4495,26.4,26.62062,0.0,0.009378256,0.19999999999999996,0.7980131,0,0
4496,27.2,27.104261,0.0,0.008137912,0.30000000000000004,0.7330861,0,0
4497,28.0,27.927206,0.0,0.00939728,0.30000000000000004,0.92572546,0,0
4498,29.0,28.746729,0.0,0.009352394,0.9,1.0503458,0,0
4499,29.4,29.348835,0.0,0.011486009,2.5,1.4074689,0,0
4500,29.3,29.54103,0.0,0.013664817,1.7,2.2216651,0,0
4501,29.2,29.271925,0.0,0.013553441,2.0,2.003661,0,0
4502,28.7,28.653164,0.0,0.013302733,2.6,2.03869,0,0
4503,27.8,27.985006,0.0,0.012447095,2.3,2.3545496,0,0
4504,27.5,27.254444,0.0,0.01270062,2.1,2.2750642,0,0
4505,27.0,26.705505,0.0,0.015243566,3.1,2.066555,0,0
4506,26.4,26.315817,0.0,0.013169041,3.3,2.465567,0,0
4507,26.3,25.88994,0.0,0.01501714,2.3,2.7042725,0,0
4508,26.2,25.774778,0.0,0.0126389405,2.8,2.3858228,0,0
4509,26.0,25.767017,0.0,0.013055628,2.7,2.5832522,0,0
4510,25.8,25.750723,0.0,0.012546466,3.3,2.6717992,0,0
4511,25.6,25.543581,0.0,0.013049989,3.1,3.0553517,0,0
4512,23.7,25.431517,0.0,0.0130003225,3.4,3.101946,0,0
4513,23.7,24.35529,0.0,0.01278075,4.2,3.2867002,0,0
4514,23.4,23.817415,0.0,0.012743584,2.8,3.651117,0,0
4515,23.5,23.417055,0.0,0.011935953,3.1,3.162823,0,0
4516,25.4,23.158873,0.0,0.012046597,3.5,3.1515822,0,0
4517,24.7,25.126204,0.0,0.012380342,3.8,3.7163815,0,0
4518,24.5,24.702543,0.0,0.013037222,4.0,3.8032472,0,0
4519,25.0,24.600056,0.0,0.012891329,4.4,3.9303126,0,0
4520,24.6,24.718853,0.0,0.012763756,4.1,4.11293,0,0
4521,24.2,24.187794,0.0,0.012648547,4.0,4.016112,0,0
4522,23.7,23.707806,0.0,0.012517586,3.8,3.8050478,0,0
4523,23.1,23.19817,0.0,0.011817488,3.7,3.5753956,0,0
4524,23.0,23.321722,0.0,0.011336249,3.3,3.5841286,0,0
4525,22.9,22.969376,0.0,0.010724744,3.9,3.4058547,0,0
4526,23.0,22.82651,0.0,0.010792802,3.9,3.5683563,0,0
4527,23.0,22.717062,0.0,0.010951989,2.9,3.6280077,0,0
4528,23.3,23.142439,0.0,0.010972418,3.4,3.2875566,0,0
4529,23.9,23.479918,0.0,0.011874524,3.6,3.440023,0,0
4530,25.1,24.042171,0.0,0.012428483,4.5,3.6685314,0,0
4531,25.0,25.05724,0.0,0.013227436,4.800000000000001,4.2549458,0,0
4532,24.6,25.130562,0.0,0.013703523,4.5,4.570508,0,0
4533,22.5,24.540148,0.0,0.013707824,2.4,4.5030117,0,0
4534,22.4,23.10004,0.0,0.013116733,3.7,3.2362626,0,0
4535,22.4,22.432652,0.0,0.009989268,3.7,3.3336818,0,0
4536,22.2,22.699862,0.0,0.010102628,3.8,3.532333,0,0
4537,22.0,22.212114,0.0,0.009546508,2.7,3.518015,0,0
4538,22.0,21.771812,0.0,0.008097953,3.5,3.0328834,0,0
4539,21.7,21.783348,0.0,0.009017704,2.7,3.231998,0,0
4540,21.6,21.39133,0.0,0.008652918,3.4,2.8957045,0,0
4541,21.4,21.417204,0.0,0.0091150375,4.3,3.0688345,0,0
4542,21.4,21.39465,0.0,0.010872318,3.3,3.5586398,0,0
4543,22.9,21.051474,0.0,0.011874293,3.1,3.337018,0,0
4544,23.7,22.46408,0.0,0.00979358,3.6,3.3817496,0,0
4545,24.6,23.495827,0.0,0.012000358,2.9,3.6086435,0,0
4546,24.2,24.450705,0.0,0.012206166,2.7,3.477895,0,0
4547,23.5,23.918823,0.5,0.012396002,4.5,3.0989552,1,0
4548,23.6,22.664097,0.5,0.93923783,4.2,3.943512,1,1
4549,24.5,22.87304,1.0,0.78415525,4.7,4.118358,1,1
4550,24.4,24.09037,1.0,1.2048893,5.6,4.777365,1,1
4551,24.6,23.667995,3.0,1.769855,5.3,5.127955,1,1
4552,24.5,24.517826,6.999999999999998,2.7281034,5.4,5.9761477,1,1
4553,24.7,24.385798,5.0,4.5730405,5.9,6.736825,1,1
4554,24.8,24.29568,5.0,4.085386,5.0,6.858709,1,1
4555,25.1,24.881382,4.5,3.8272505,6.6,6.8901725,1,1
4556,25.2,24.832771,2.5,4.04103,5.0,7.5246944,1,1
4557,25.6,24.454899,2.5,3.0419393,6.0,6.0418425,1,1
4558,26.1,25.305355,0.5,2.6737564,5.1,6.74268,1,1
4559,27.3,24.801565,0.5,1.8967083,6.1,5.4042535,1,1
4560,26.5,26.955153,0.5,1.549367,6.8,6.595018,1,1
4561,27.1,27.34333,0.5,2.5560877,5.699999999999999,7.5769567,1,1
4562,29.4,28.912432,0.0,3.0288415,3.1,8.661464,0,1
4563,25.0,26.085995,4.5,1.5892537,0.10000000000000009,3.4281425,1,0
4564,25.0,26.200296,3.0,2.4093535,0.0,1.8430653,1,1
4565,24.8,25.905516,2.0000000000000004,2.2079482,0.7,1.1688148,1,1
4566,23.5,25.757362,9.5,2.2508209,4.4,1.0515561,1,1
4567,24.4,24.447737,2.0000000000000004,6.065717,6.2,1.8831571,1,1
4568,23.8,22.627079,0.5,1.8629756,1.8,4.6210766,1,1
4569,23.4,23.856417,1.5,1.1046307,2.6,2.5929708,1,1
4570,23.2,23.301016,2.5,1.6225467,1.7,2.0177615,1,1
4571,24.1,23.436634,0.5,2.090268,2.4,1.4436668,1,1
4572,25.7,22.914536,0.0,0.89707756,2.0,1.8258439,0,1
4573,27.8,25.190424,0.0,0.11665604,2.7,1.9022684,0,0
4574,27.4,27.979149,0.0,0.022590209,2.8,2.7273738,0,0
4575,23.0,27.029406,2.5,0.040470738,2.5,2.7739642,1,0
4576,22.9,23.46207,1.5,2.2814655,2.4,1.827909,1,1
4577,23.4,22.659443,0.5,1.4167173,0.8,1.7491201,1,1
4578,22.9,23.348553,0.0,0.6943307,1.2,1.242982,0,1
4579,22.9,23.727676,0.0,0.012849584,1.5,1.2815231,0,0
4580,23.0,23.390461,0.0,0.012006855,1.0,1.3741786,0,0
4581,22.8,23.38767,0.0,0.011153953,1.2,1.1873124,0,0
4582,22.6,22.90872,0.0,0.011910538,0.5,1.2017763,0,0
4583,22.7,22.715584,0.0,0.010895429,0.9,0.8606905,0,0
4584,23.3,23.157318,0.0,0.009818608,1.7,0.9409987,0,0
4585,23.0,23.549398,0.0,0.0124344835,2.7,1.7281493,0,0
4586,23.9,23.27285,0.0,0.009845332,2.1,2.7364902,0,0
4587,25.1,24.624113,0.0,0.010708184,3.2,2.7151773,0,0
4588,24.6,25.449707,0.0,0.011825781,3.9,3.3695185,0,0
4589,24.5,25.082352,0.0,0.012367272,2.6,3.7702453,0,0
4590,24.3,24.980764,0.0,0.011800646,3.3,3.2905793,0,0
4591,25.3,24.390083,0.0,0.011619472,3.7,3.3143575,0,0
4592,25.0,24.73733,0.0,0.011272189,4.1,3.4924705,0,0
4593,25.7,24.316143,0.0,0.011190549,3.3,3.5656683,0,0
4594,24.9,24.507828,0.0,0.010297697,3.4,3.1760025,0,0
4595,24.0,23.948763,0.0,0.009674113,1.8,2.8801782,0,0
4596,23.5,23.499117,0.0,0.010337759,2.5,1.9124471,0,0
4597,23.3,22.954052,0.0,0.008800257,2.9,2.0502121,0,0
4598,23.1,22.43746,0.0,0.00736664,2.5,2.5288854,0,0
4599,23.0,22.29903,0.0,0.007244759,1.5,2.4891393,0,0
4600,22.7,23.04547,0.0,0.010036481,2.3,1.8494055,0,0
4601,22.8,22.040854,0.0,0.00776595,1.9,2.2213101,0,0
4602,22.8,22.33691,0.0,0.008334337,2.5,2.0322998,0,0
4603,22.9,22.108938,0.0,0.0072861807,2.1,2.334131,0,0
4604,22.8,22.405243,0.0,0.00791735,1.4,2.205308,0,0
4605,22.4,22.944029,0.0,0.010375958,1.7,1.7254996,0,0
4606,22.5,22.67967,0.0,0.008434554,1.5,1.685676,0,0
4607,22.4,22.806347,0.0,0.008470461,1.5,1.6035837,0,0
4608,22.4,22.648537,0.0,0.007661919,2.2,1.5731194,0,0
4609,22.9,22.419186,0.0,0.008615956,2.3,2.0244007,0,0
4610,23.9,23.184061,0.0,0.008787941,2.7,2.4589145,0,0
4611,25.3,24.34465,0.0,0.01082562,2.6,3.0201812,0,0
4612,26.2,25.889921,0.0,0.010637632,3.5,3.1731956,0,0
4613,26.8,26.561289,0.0,0.011468358,2.9,3.661884,0,0
4614,27.0,26.973795,0.0,0.011043796,3.7,3.4433715,0,0
4615,27.5,27.016682,0.0,0.010943815,3.6,3.5920045,0,0
4616,27.8,26.918776,0.0,0.010898849,2.4,3.5451443,0,0
4617,27.2,26.663685,0.0,0.010571694,2.9,2.9774685,0,0
4618,26.4,25.949072,0.0,0.01048534,2.9,2.8183107,0,0
4619,25.5,25.195255,0.0,0.010244093,2.6,2.5612264,0,0
4620,24.5,24.464485,0.0,0.00972062,1.6,2.2033405,0,0
4621,24.1,23.552044,0.0,0.012493983,2.2,1.6946311,0,0
4622,23.8,23.557676,0.0,0.012237423,1.8,1.7372224,0,0
4623,23.8,23.515978,0.0,0.012854079,1.8,1.687335,0,0
4624,23.5,23.492851,0.0,0.012898313,1.5,1.696784,0,0
4625,23.7,23.37028,0.0,0.011912189,1.8,1.6401236,0,0
4626,23.4,23.52235,0.0,0.012865866,1.3,1.6955277,0,0
4627,23.2,23.344448,0.0,0.011541232,1.4,1.6024905,0,0
4628,22.5,23.144104,0.0,0.010349566,0.7,1.5687056,0,0
4629,21.9,22.418682,0.0,0.009536022,0.19999999999999996,0.91977227,0,0
4630,21.9,21.90054,0.0,0.009184519,0.30000000000000004,0.6312181,0,0
4631,22.3,21.96706,0.0,0.00864825,0.30000000000000004,0.55674636,0,0
4632,23.0,22.618614,0.0,0.0080211265,0.0,0.6010374,0,0
4633,23.7,23.4711,0.0,0.006963302,1.0,0.6176722,0,0
4634,25.1,24.602821,0.0,0.0055807945,1.5,0.9200879,0,0
4635,27.0,26.098265,0.0,0.008477369,2.7,1.5291625,0,0
4636,28.2,27.396492,0.0,0.011684919,3.2,2.9637914,0,0
4637,28.0,28.383709,0.0,0.013208891,3.5,3.4544306,0,0
4638,28.0,28.337648,0.0,0.01322012,3.2,3.6310065,0,0
4639,28.0,27.89441,0.0,0.01291335,2.9,3.4711208,0,0
4640,27.1,27.597857,0.0,0.012337307,4.1,3.2319596,0,0
4641,26.5,26.667934,0.0,0.011246937,4.2,3.4252322,0,0
4642,26.0,25.762493,0.0,0.011579197,4.2,3.4149222,0,0
4643,25.5,25.373226,0.0,0.011292893,2.7,3.4154363,0,0
4644,24.8,25.000656,0.0,0.010655982,3.0,2.6675885,0,0
4645,24.4,24.602821,0.0,0.010371841,3.0,2.5939596,0,0
4646,24.3,24.003405,0.0,0.010310282,3.6,2.6759207,0,0
4647,24.1,24.151129,0.0,0.011014902,3.4,3.1167643,0,0
4648,23.9,24.033484,0.0,0.011166722,2.6,3.23337,0,0
4649,24.2,23.632177,0.0,0.010386004,3.8,2.8154955,0,0
4650,24.3,23.759352,0.0,0.011158537,3.7,3.3144205,0,0
4651,24.3,23.948313,0.0,0.011339034,3.2,3.4405806,0,0
4652,24.2,24.11012,0.0,0.011203756,2.0,3.2864728,0,0
4653,23.3,23.98863,0.0,0.009966034,2.8,2.5295916,0,0
4654,22.8,22.64533,0.0,0.0086863795,3.1,2.5651424,0,0
4655,22.6,22.222021,0.0,0.008330014,3.9,2.7581758,0,0
4656,22.6,22.52927,0.0,0.009720458,3.8,3.3078604,0,0
4657,22.9,23.11571,0.0,0.011302736,3.7,3.7075267,0,0
4658,23.3,23.49724,0.0,0.012193068,3.9,3.9042823,0,0
4659,24.1,23.912722,0.0,0.012801506,4.9,4.129307,0,0
4660,24.7,24.718845,0.0,0.013119013,4.3,4.637819,0,0
4661,24.8,24.957275,0.0,0.013217754,6.7,4.6390114,0,0
4662,25.2,24.876392,0.0,0.013396927,4.9,5.159192,0,0
4663,25.0,24.404844,0.0,0.013203287,4.1,5.014207,0,0
4664,24.4,24.358995,0.0,0.012749178,3.7,4.6805897,0,0
4665,24.1,23.832663,0.0,0.011951258,4.2,4.1749616,0,0
4666,23.4,23.458693,0.0,0.011193433,3.8,3.973289,0,0
4667,22.0,22.75316,0.0,0.009656713,4.0,3.6652389,0,0
4668,21.8,21.78904,0.0,0.007974072,4.5,3.6061647,0,0
4669,21.5,21.738796,0.0,0.008152525,3.7,3.9332504,0,0
4670,21.1,21.346375,0.0,0.007107607,2.2,3.6102169,0,0
4671,20.9,20.863895,0.0,0.004919889,3.1,2.890947,0,0
4672,20.4,20.446552,0.0,0.004935979,2.9,2.982979,0,0
4673,20.3,20.097189,0.0,0.004795616,2.2,2.8847792,0,0
4674,20.7,20.201712,0.0,0.00577978,3.5,2.4724877,0,0
4675,20.5,20.409288,0.0,0.0042828145,2.3,2.972723,0,0
4676,20.6,20.331205,0.0,0.0053076,3.6,2.5891917,0,0
4677,20.4,20.744396,0.0,0.0046240813,3.2,3.1177552,0,0
4678,20.2,20.255636,0.0,0.004878811,3.2,3.0901754,0,0
4679,20.4,20.091036,0.0,0.0066127204,3.7,3.1340961,0,0
4680,21.1,20.903774,0.0,0.007015675,3.8,3.6021123,0,0
4681,21.8,21.463886,0.0,0.0077748066,5.4,3.8590288,0,0
4682,22.6,22.134314,0.0,0.00980769,5.1,4.5931764,0,0
4683,23.3,22.77256,0.0,0.010692814,6.3,4.922154,0,0
4684,23.1,23.016127,0.0,0.011223038,7.5,5.28364,0,0
4685,23.2,22.647367,0.0,0.011966047,5.4,5.5643463,0,0
4686,23.0,22.550648,0.0,0.011628124,4.5,5.434131,0,0
4687,22.1,22.237825,0.0,0.009781855,5.4,5.000776,0,0
4688,22.0,21.63714,0.0,0.009518918,3.8,4.858162,0,0
4689,21.5,21.309381,0.0,0.0072454456,4.0,4.345988,0,0
4690,21.0,20.794939,0.0,0.0069297445,4.2,4.008006,0,0
4691,20.7,20.606833,0.0,0.007226962,4.3,4.012094,0,0
4692,20.5,20.561085,0.0,0.007919325,3.9,4.123076,0,0
4693,20.6,20.203993,0.0,0.00858061,3.8,3.9797478,0,0
4694,20.5,20.441696,0.0,0.00789056,3.7,3.9675913,0,0
4695,20.4,20.338787,0.0,0.007657189,3.1,3.8697786,0,0
4696,20.3,20.138672,0.0,0.00642291,2.7,3.5188105,0,0
4697,20.2,19.683413,0.0,0.0052304324,4.1,3.067031,0,0
4698,20.3,19.833668,0.0,0.0067675407,3.7,3.4344366,0,0
4699,20.2,19.959929,0.0,0.006253459,3.4,3.4361584,0,0
4700,20.5,19.973454,0.0,0.0053838897,3.4,3.3019361,0,0
4701,20.2,20.109922,0.0,0.004803177,3.2,3.2333539,0,0
4702,20.2,19.53016,0.0,0.006304775,3.7,3.0081873,0,0
4703,20.3,19.54924,0.0,0.009092805,4.7,3.1923888,0,0
4704,21.2,20.269537,0.0,0.0103416545,4.6,3.8793125,0,0
4705,22.3,21.30466,0.0,0.0104571,4.6,4.3468657,0,0
4706,22.4,22.311857,0.0,0.010223218,5.2,4.6173425,0,0
4707,23.2,22.316078,0.0,0.011217418,5.699999999999999,4.809182,0,0
4708,23.5,22.871695,0.0,0.011091962,6.3,5.105235,0,0
4709,24.2,22.868748,0.0,0.011559473,5.0,5.3126125,0,0
4710,23.2,23.016535,0.0,0.01121987,5.4,5.138102,0,0
4711,23.2,22.552565,0.0,0.01060982,5.699999999999999,4.9930973,0,0
4712,22.6,22.52024,0.0,0.010302707,5.2,5.0471544,0,0
4713,22.0,21.934742,0.0,0.010401363,5.2,4.8590937,0,0
4714,21.4,21.423252,0.0,0.010725915,4.4,4.706738,0,0
4715,21.3,20.956444,0.0,0.010351079,5.0,4.444912,0,0
4716,21.4,20.876657,0.0,0.011151228,4.6,4.546967,0,0
4717,21.3,20.865025,0.0,0.0115066385,4.5,4.533789,0,0
4718,21.2,20.863697,0.0,0.011526136,3.8,4.4725957,0,0
4719,21.3,20.762665,0.0,0.010702488,4.3,4.1688633,0,0
4720,21.3,20.987099,0.0,0.010192896,3.7,4.184348,0,0
4721,21.4,21.10421,0.0,0.009164894,3.8,3.9879024,0,0
4722,21.4,21.270111,0.0,0.008802257,3.6,3.9094968,0,0
4723,21.3,21.406343,0.0,0.008227408,5.6,3.8046582,0,0
4724,21.5,21.487913,0.0,0.010066218,3.7,4.411073,0,0
4725,21.3,21.420721,0.0,0.008957232,4.7,4.11298,0,0
4726,21.3,21.217724,0.0,0.010731289,4.7,4.2563834,0,0
4727,21.6,21.330872,0.0,0.010995215,5.3,4.4292006,0,0
4728,22.3,21.473238,0.0,0.012006404,4.3,4.679327,0,0
4729,22.9,22.081507,0.0,0.011162041,4.2,4.641203,0,0
4730,24.7,22.501112,0.0,0.011346572,3.3,4.4762983,0,0
4731,24.8,24.244535,0.0,0.012400328,3.7,4.2681184,0,0
4732,24.8,24.575144,0.0,0.012776535,3.5,4.2210417,0,0
4733,23.7,24.635128,0.0,0.012558135,3.9,3.9937325,0,0
4734,22.5,23.65353,0.0,0.012320836,4.1,3.872387,0,0
4735,22.5,22.505465,0.0,0.010376281,5.0,3.7957027,0,0
4736,22.3,22.331518,0.0,0.009932614,3.6,4.112356,0,0
4737,22.4,21.894884,0.0,0.008717752,4.6,3.767401,0,0
4738,22.5,21.855513,0.0,0.009023429,3.6,3.9143877,0,0
4739,22.5,21.850927,0.0,0.008639305,3.6,3.722599,0,0
4740,22.5,22.021246,0.0,0.008911521,4.1,3.6731844,0,0
4741,22.6,22.210737,0.0,0.009588837,3.1,3.908939,0,0
4742,22.8,22.52576,0.0,0.009675095,3.1,3.662324,0,0
4743,23.0,22.68948,0.0,0.009825345,3.0,3.4971237,0,0
4744,22.9,23.008795,0.0,0.010038208,2.5,3.3607304,0,0
4745,23.0,22.799887,0.0,0.009208925,1.7,2.9993176,0,0
4746,23.0,23.003792,0.0,0.008555223,2.4,2.2329457,0,0
4747,23.0,22.848764,0.0,0.008260851,2.5,2.3196454,0,0
4748,24.4,22.771097,0.0,0.008236389,2.6,2.4799855,0,0
4749,24.2,24.057781,0.0,0.010159611,3.4,2.7740104,0,0
4750,24.1,24.280382,0.0,0.011101369,3.4,3.2666767,0,0
4751,24.3,24.310549,0.0,0.0112665305,3.2,3.4108918,0,0
4752,24.2,24.464874,0.0,0.011060604,2.9,3.3584352,0,0
4753,23.8,24.26386,0.0,0.010855583,4.0,3.1754465,0,0
4754,23.6,23.741133,0.0,0.010705839,3.1,3.428764,0,0
4755,23.7,23.402168,0.0,0.009942659,3.2,3.170064,0,0
4756,23.8,23.455257,0.0,0.009826643,2.5,3.0678744,0,0
4757,23.8,23.579079,0.0,0.009672198,2.6,2.7195306,0,0
4758,23.8,23.678911,0.0,0.00979452,2.0,2.641975,0,0
4759,23.9,23.80778,0.0,0.009636923,1.9,2.317283,0,0
4760,24.0,23.973747,0.0,0.010227546,1.6,2.185804,0,0
4761,24.0,23.922297,0.0,0.01042159,1.5,1.9238194,0,0
4762,24.0,23.73955,0.0,0.011647499,1.9,1.7328187,0,0
4763,24.0,23.818167,0.0,0.0103116045,2.1,1.9461769,0,0
4764,23.9,23.93467,0.0,0.010086477,2.3,2.137229,0,0
4765,23.7,23.79325,0.0,0.009696893,2.0,2.2971637,0,0
4766,23.0,23.598356,0.0,0.0096017895,1.7,2.0890946,0,0
4767,23.4,23.452757,0.0,0.011783515,2.1,1.7791995,0,0
4768,23.6,23.669422,0.0,0.009767746,2.5,2.2482874,0,0
4769,23.3,24.1524,0.0,0.0105296485,2.6,2.7838387,0,0
4770,23.7,24.060802,0.0,0.0102796275,2.7,2.8923943,0,0
4771,24.0,24.338438,0.0,0.01025039,2.2,2.9327679,0,0
4772,23.8,24.044807,0.0,0.009583823,2.0,2.5267565,0,0
4773,23.6,23.637959,0.0,0.009163048,1.8,2.1206572,0,0
4774,23.2,23.452747,0.0,0.010927963,2.5,1.8615218,0,0
4775,23.1,23.134432,0.0,0.008793485,2.1,2.0643446,0,0
4776,22.8,22.970009,0.0,0.009248439,1.9,1.9407954,0,0
4777,22.7,22.942825,0.0,0.009377272,1.3,1.9500403,0,0
4778,22.9,23.32615,0.0,0.011593336,1.3,1.6356418,0,0
4779,22.9,23.474575,0.0,0.012466777,1.8,1.638215,0,0
4780,22.9,23.482622,0.0,0.012234797,1.7,1.7565751,0,0
4781,23.1,23.474249,0.0,0.0122045465,2.4,1.757656,0,0
4782,22.9,23.180431,0.0,0.008447613,2.9,2.236604,0,0
4783,22.6,22.238583,0.0,0.007275768,3.0,2.623092,0,0
4784,22.5,22.098345,0.0,0.007014286,3.4,2.7561986,0,0
4785,22.5,21.927595,0.0,0.0070335097,3.2,2.9799004,0,0
4786,22.4,21.96837,0.0,0.0069981553,3.7,2.9653885,0,0
4787,22.6,21.77697,0.0,0.0071447697,3.0,3.1650746,0,0
4788,23.0,22.087624,0.0,0.0075749424,3.4,3.0032187,0,0
4789,24.8,22.65892,0.0,0.00922149,4.5,3.2970588,0,0
4790,25.4,24.267044,0.0,0.011834759,4.9,4.120522,0,0
4791,26.0,24.906834,0.0,0.0125854565,4.3,4.50661,0,0
4792,26.0,25.233553,0.0,0.012731755,5.2,4.4812617,0,0
4793,25.5,25.129618,0.0,0.012939737,5.5,4.636862,0,0
4794,25.2,24.699926,0.0,0.012894142,3.9,4.7336197,0,0
4795,24.4,24.3527,0.0,0.012355773,3.0,4.2412205,0,0
4796,23.9,23.71,0.0,0.011604386,4.2,3.4917858,0,0
4797,23.7,23.425486,0.0,0.0114191575,3.4,3.6394906,0,0
4798,23.8,23.472654,0.0,0.011174688,3.3,3.5106342,0,0
4799,23.9,23.377907,0.0,0.011105983,2.1,3.3473163,0,0
4800,23.9,23.547457,0.0,0.01052032,2.3,2.7150238,0,0
4801,24.0,23.581123,0.0,0.010432641,2.2,2.580135,0,0
4802,24.1,23.878553,0.0,0.010155581,1.5,2.3966963,0,0
4803,24.0,23.743097,0.0,0.010751135,2.5,1.8616259,0,0
4804,24.0,23.76546,0.0,0.010135982,1.7,2.3154023,0,0
4805,24.2,23.702335,0.0,0.010335149,1.9,1.9076245,0,0
4806,24.0,23.672256,0.0,0.01113201,2.1,1.8162038,0,0
4807,24.0,23.617626,0.0,0.010539849,3.2,1.9009256,0,0
4808,24.0,23.763649,0.0,0.010703422,1.7,2.7239213,0,0
4809,24.3,23.77301,0.0,0.0102018565,1.8,2.068719,0,0
4810,24.5,23.882185,0.0,0.010764427,2.6,1.9450245,0,0
4811,24.8,24.37272,0.0,0.011576033,2.1,2.641377,0,0
4812,25.6,24.930252,0.0,0.011271515,2.0,2.6352174,0,0
4813,25.8,25.978685,0.0,0.010926095,2.4,2.5564485,0,0
4814,26.8,26.350344,0.0,0.010901835,2.5,2.755169,0,0
4815,26.3,26.729517,0.0,0.010906433,3.3,2.8972628,0,0
4816,25.8,26.246527,0.0,0.011274812,3.7,3.0931852,0,0
4817,25.5,25.617989,0.0,0.01139143,2.5,3.28695,0,0
4818,25.4,25.072218,0.0,0.011139144,2.2,2.6549232,0,0
4819,24.9,24.406906,0.0,0.01024307,2.0,2.114609,0,0
4820,24.4,23.807323,0.0,0.010653607,1.2,1.9068866,0,0
4821,25.4,23.440065,0.0,0.00997529,1.4,1.5330155,0,0
4822,26.4,24.36405,0.0,0.0081397025,2.0,1.4643651,0,0
4823,26.1,25.786343,0.0,0.010627406,2.9,1.9646686,0,0
4824,26.5,25.975252,0.0,0.011879706,2.0,2.7492812,0,0
4825,27.5,26.439852,0.0,0.0114468485,1.7,2.4465744,0,0
4826,28.4,27.304329,0.0,0.0109888995,2.7,2.1723201,0,0
4827,28.1,27.606203,0.0,0.011537312,2.3,2.5796413,0,0
4828,28.6,27.057621,0.0,0.011208241,2.2,2.3903973,0,0
4829,29.4,27.544712,0.0,0.011104695,2.4,2.3346467,0,0
4830,28.1,28.233921,0.0,0.011667932,1.0,2.4541914,0,0
4831,27.1,27.349977,0.0,0.011199484,1.1,1.5633574,0,0
4832,26.5,26.75065,0.0,0.00959523,1.0,1.232887,0,0
4833,26.0,26.420813,0.0,0.01122487,1.3,1.03723,0,0
4834,25.7,26.172491,0.0,0.01143909,0.7,1.0953636,0,0
4835,25.3,26.121677,0.0,0.009343268,1.3,0.8380351,0,0
4836,25.0,25.516045,0.0,0.009135356,1.0,0.93358505,0,0
4837,24.7,25.197851,0.0,0.008480823,1.4,0.8829757,0,0
4838,24.9,24.667395,0.0,0.0082280915,0.7,0.97462565,0,0
4839,24.5,24.8572,0.0,0.00729695,0.30000000000000004,0.8381957,0,0
4840,24.1,24.364418,0.0,0.0073772524,0.5,0.67766273,0,0
4841,23.7,23.943354,0.0,0.007946262,1.1,0.63783884,0,0
4842,23.5,23.579254,0.0,0.008980728,0.8,0.7631409,0,0
4843,23.4,23.673956,0.0,0.008681535,0.6000000000000001,0.774222,0,0
4844,24.0,24.033686,0.0,0.008350952,0.5,0.75788724,0,0
4845,25.3,25.077782,0.0,0.006087819,1.3,0.76405084,0,0
4846,27.1,26.496397,0.0,0.007397391,0.5,1.0958381,0,0
4847,27.2,28.122065,0.0,0.007488585,2.5,1.1710389,0,0
4848,26.2,27.191711,0.0,0.011680588,2.1,2.1675897,0,0
4849,26.6,26.373186,0.0,0.010051448,1.2,2.0777924,0,0
4850,28.4,26.100168,0.0,0.009191714,0.9,1.6132241,0,0
4851,26.4,27.475874,0.0,0.008046556,1.5,1.484208,0,0
4852,26.4,26.006832,0.0,0.006984013,0.5,1.317564,0,0
4853,26.6,25.713898,0.0,0.005768326,0.30000000000000004,0.87196237,0,0
4854,26.6,25.654198,0.0,0.004591941,0.7,0.742751,0,0
4855,26.1,25.496994,0.0,0.005079324,1.0,0.7246909,0,0
4856,25.5,25.06835,0.0,0.0062901066,1.2,0.733101,0,0
4857,25.0,24.91482,0.0,0.008135294,0.30000000000000004,0.81098104,0,0
4858,24.5,24.769487,0.0,0.007307206,0.6000000000000001,0.69945824,0,0
4859,24.6,24.35364,0.0,0.007056825,0.10000000000000009,0.71888816,0,0
4860,24.7,24.309462,0.0,0.0062529277,0.5,0.5846169,0,0
4861,24.5,24.350306,0.0,0.0064529907,0.9,0.66313064,0,0
4862,24.6,24.030148,0.0,0.008062926,1.3,0.7267132,0,0
4863,24.5,24.20787,0.0,0.00812936,1.0,0.8681622,0,0
4864,24.2,24.4059,0.0,0.00800674,0.5,0.9549536,0,0
4865,24.2,24.188929,0.0,0.008781523,0.8,0.7845721,0,0
4866,23.7,24.141392,0.0,0.008042204,1.2,0.80750406,0,0
4867,24.5,24.54408,0.0,0.008033364,0.6000000000000001,0.9336103,0,0
4868,24.9,25.30003,0.0,0.007188529,1.0,0.86039156,0,0
4869,26.3,25.515188,0.0,0.0074067577,1.1,0.9367034,0,0
4870,27.8,26.746256,0.0,0.007560206,1.4,1.2944462,0,0
4871,27.7,27.559233,0.0,0.01017694,2.0,1.7098333,0,0
4872,26.8,27.298672,0.0,0.010803934,1.6,1.9110975,0,0
4873,27.0,26.29394,0.0,0.009577411,1.2,1.6319733,0,0
4874,26.2,26.35615,0.0,0.007871501,1.7,1.2542284,0,0
4875,25.0,25.705414,0.0,0.0088836225,0.6000000000000001,1.0988163,0,0
4876,25.0,24.976377,0.0,0.009058166,0.9,0.77442396,0,0
4877,25.1,24.705656,0.0,0.0075825914,0.0,0.78455436,0,0
4878,25.4,24.683426,0.0,0.0060977293,0.0,0.60933983,0,0
4879,24.9,24.914406,0.0,0.0064578345,0.10000000000000009,0.5559138,0,0
4880,24.9,24.70582,0.0,0.00746261,0.5,0.51520073,0,0
4881,24.9,24.80546,0.0,0.0076699974,0.7,0.61159885,0,0
4882,24.6,24.804106,0.0,0.00905497,0.6000000000000001,0.79663384,0,0
4883,24.5,24.443716,0.0,0.010891667,0.30000000000000004,0.8291111,0,0
4884,23.9,24.545158,0.0,0.010048714,1.9,0.74190557,0,0
4885,24.0,24.415077,0.0,0.0128531465,2.8,1.4168618,0,0
4886,23.8,24.462069,0.5,0.011126232,3.1,2.5991821,1,0
4887,24.3,23.819141,0.0,0.032168243,2.8,3.2661874,0,0
4888,24.1,23.872877,0.0,0.0120244,3.0,3.0941832,0,0
4889,23.9,24.059841,0.0,0.011376144,3.9,3.1230476,0,0
4890,23.9,23.354742,0.0,0.010882772,3.5,3.3229666,0,0
4891,24.0,23.31876,0.0,0.010484587,4.4,3.2453356,0,0
4892,23.7,23.322096,0.0,0.010877752,3.3,3.530536,0,0
4893,23.6,23.137026,0.0,0.010534289,2.4,3.2868552,0,0
4894,23.6,23.026596,0.0,0.009980343,2.2,2.7734244,0,0
4895,23.3,23.340212,0.0,0.009958555,2.5,2.5092301,0,0
4896,23.4,23.063662,0.0,0.009765751,2.5,2.5471282,0,0
4897,23.2,23.211233,0.0,0.009861908,2.1,2.579426,0,0
4898,23.5,23.021303,0.0,0.009548542,2.8,2.2922344,0,0
4899,23.3,23.193195,0.0,0.010514443,3.9,2.753931,0,0
4900,23.3,23.205229,0.0,0.011269664,2.5,3.4347115,0,0
4901,23.2,23.467875,0.0,0.011001999,3.1,3.094757,0,0
4902,23.2,23.300556,0.0,0.010723362,2.2,3.1632957,0,0
4903,24.0,23.707424,0.0,0.010666576,3.0,2.7618647,0,0
4904,24.6,24.388126,0.0,0.011330497,3.5,3.2248638,0,0
4905,24.7,25.100664,0.0,0.011435283,3.5,3.6156218,0,0
4906,25.2,25.28903,0.0,0.011405178,3.4,3.6948187,0,0
4907,25.7,25.414625,0.0,0.011137405,3.8,3.5695555,0,0
4908,25.2,25.47655,0.0,0.011076118,4.0,3.632581,0,0
4909,25.0,24.767971,0.0,0.011069578,3.5,3.5924122,0,0
4910,24.1,24.367874,0.0,0.010669339,4.0,3.3012345,0,0
4911,24.0,23.584206,0.0,0.010291145,2.6,3.3257399,0,0
4912,23.7,23.585945,0.0,0.009589247,2.2,2.8320212,0,0
4913,23.6,23.177372,0.0,0.008768029,2.2,2.4796484,0,0
4914,23.5,23.063904,0.0,0.00859234,2.6,2.4125688,0,0
4915,23.3,22.89228,0.0,0.008818454,2.7,2.6908205,0,0
4916,21.4,22.926826,0.0,0.009041502,4.3,2.8336446,0,0
4917,22.2,22.032183,0.0,0.0081572225,3.9,3.734386,0,0
4918,23.1,22.264198,0.0,0.0086658625,4.7,3.932652,0,0
4919,22.1,22.938543,0.0,0.010207965,5.1,4.3209853,0,0
4920,21.4,22.096716,0.0,0.008998237,5.0,4.458913,0,0
4921,21.3,21.367813,0.0,0.008324394,4.9,4.490897,0,0
4922,21.2,20.966497,0.0,0.00843549,4.1,4.470294,0,0
4923,20.7,20.564466,0.0,0.00753239,4.7,4.151115,0,0
4924,20.4,20.174938,0.0,0.008381661,2.9,4.1389623,0,0
4925,19.5,19.866207,0.0,0.006241599,2.9,3.5370326,0,0
4926,19.2,18.817276,0.5,0.008908395,3.5,3.14962,1,0
4927,18.9,18.081688,0.5,0.23540908,4.2,3.2964046,1,0
4928,19.0,17.82378,0.5,0.37615192,4.5,3.51454,1,1
4929,21.3,18.32399,0.0,0.2128284,4.2,3.9327095,0,0
4930,21.5,20.199478,0.0,0.013222729,3.0,4.131157,0,0
4931,21.4,20.275888,0.0,0.009593158,4.0,3.674613,0,0
4932,21.0,20.338621,0.0,0.007997218,3.3,3.6912894,0,0
4933,20.9,20.186,0.0,0.006499633,3.9,3.4224126,0,0
4934,20.9,20.135502,0.0,0.0059214984,3.3,3.4315295,0,0
4935,20.8,20.153902,0.0,0.00401369,3.8,3.1550772,0,0
4936,20.6,20.062979,0.0,0.004095014,4.3,3.1602254,0,0
4937,20.5,19.984869,0.0,0.0058714612,2.9,3.421628,0,0
4938,20.4,20.017584,0.0,0.0043106424,3.5,3.0437653,0,0
4939,20.5,19.942846,0.0,0.0060932017,3.8,3.1860733,0,0
4940,20.4,20.099363,0.0,0.0073543354,3.4,3.4413772,0,0
4941,20.0,20.037403,0.0,0.007986748,4.0,3.4333627,0,0
4942,19.9,19.812143,0.0,0.009369161,3.5,3.6494038,0,0
4943,20.1,19.665033,0.0,0.009116842,3.4,3.5584567,0,0
4944,20.1,19.810944,0.0,0.008577409,4.0,3.5000699,0,0
4945,20.4,19.801537,0.0,0.00922231,3.7,3.6400995,0,0
4946,20.3,20.026417,0.0,0.008541066,2.6,3.6364307,0,0
4947,20.4,19.84026,0.0,0.0072561624,3.4,3.096867,0,0
4948,20.6,20.08511,0.0,0.0072007417,2.9,3.1972377,0,0
4949,20.8,20.382326,0.0,0.0064838664,2.6,3.0592935,0,0
4950,21.3,20.74764,0.0,0.005680018,3.3,3.0192068,0,0
4951,23.7,21.56361,0.0,0.006883535,3.5,3.3457913,0,0
4952,22.6,23.034822,0.0,0.0095339725,3.4,3.6589906,0,0
4953,22.1,21.874388,0.0,0.007786809,3.3,3.4462771,0,0
4954,21.8,21.449842,0.0,0.006950338,3.0,3.2893271,0,0
4955,21.3,21.377132,0.0,0.0063123778,2.9,3.0993974,0,0
4956,21.1,20.947353,0.0,0.005645855,3.7,2.946787,0,0
4957,21.0,20.936514,0.0,0.006620292,3.3,3.3399963,0,0
4958,20.8,20.695171,0.0,0.008174382,3.7,3.390436,0,0
4959,20.7,20.655565,0.0,0.0088939285,3.3,3.6246233,0,0
4960,20.6,20.599337,0.0,0.008381789,3.1,3.5775807,0,0
4961,20.8,20.669193,0.0,0.006977598,3.6,3.4487479,0,0
4962,20.7,20.709146,0.0,0.0068691466,3.4,3.5651295,0,0
4963,20.4,20.485115,0.0,0.006582467,3.5,3.489628,0,0
4964,20.6,20.373903,0.0,0.0058702137,4.2,3.4423923,0,0
4965,20.3,20.290869,0.0,0.0065918267,4.2,3.6502352,0,0
4966,20.3,19.864388,0.0,0.0076403613,3.6,3.7020562,0,0
4967,20.3,19.804842,0.0,0.0071603884,2.2,3.5195396,0,0
4968,20.2,19.872263,0.0,0.005407759,4.6,2.7926538,0,0
4969,20.3,19.798056,0.0,0.008911261,4.1,3.480492,0,0
4970,20.2,19.884811,0.0,0.010656328,4.3,3.8049996,0,0
4971,19.8,19.682138,1.0,0.014196622,3.7,4.0644097,1,0
4972,19.5,19.34104,1.5,0.78234625,3.4,3.9407969,1,1
4973,19.3,19.097713,1.0,0.9277686,3.0,3.6479034,1,1
4974,19.9,19.27164,0.5,0.642401,3.5,3.3584116,1,1
4975,19.5,19.838112,0.0,0.42845425,3.6,3.4663775,0,1
4976,19.5,19.331306,0.0,0.022962185,2.9,3.4668803,0,0
4977,19.2,19.304892,0.0,0.011486434,4.0,3.2113297,0,0
4978,19.3,18.908892,0.0,0.011717805,3.5,3.5798848,0,0
4979,19.2,19.083471,0.0,0.009859496,3.8,3.5284758,0,0
4980,19.2,18.868658,0.0,0.010350863,3.2,3.5492876,0,0
4981,19.2,18.843008,0.0,0.009631676,3.2,3.3486335,0,0
4982,19.3,18.930332,0.0,0.009314887,4.0,3.2185354,0,0
4983,19.1,19.039762,0.5,0.009276344,3.3,3.4546115,1,0
4984,19.0,18.364489,0.0,0.3128273,3.3,3.3881495,0,1
4985,19.1,18.537157,0.0,0.022686878,3.4,3.3197613,0,0
4986,19.2,18.698763,0.0,0.012579787,3.5,3.3470955,0,0
4987,19.3,18.710028,0.0,0.011702202,3.7,3.3506854,0,0
4988,19.4,19.185925,0.0,0.01004389,3.2,3.547475,0,0
4989,20.1,19.280294,0.0,0.009868826,3.8,3.4709032,0,0
4990,21.1,20.153805,0.0,0.009361577,3.2,3.7978091,0,0
4991,22.4,21.263763,0.0,0.007249787,4.6,3.7949865,0,0
4992,22.8,22.788675,0.0,0.010106116,3.8,4.350294,0,0
4993,22.6,22.856842,0.0,0.010121763,5.1,4.2333326,0,0
4994,22.7,22.642841,0.0,0.009862107,4.4,4.497186,0,0
4995,22.5,22.277266,0.0,0.009124059,2.4,4.3815002,0,0
4996,21.6,21.669838,0.0,0.0068310304,3.1,3.4689622,0,0
4997,21.4,20.822659,0.0,0.00467006,3.4,3.0517607,0,0
4998,20.3,20.63579,0.0,0.00420335,3.4,3.0017307,0,0
4999,19.8,19.809309,0.0,0.004852067,3.5,2.9273481,0,0
5000,19.9,19.494165,0.0,0.0056836936,3.8,3.0400085,0,0
5001,19.8,19.6344,0.0,0.006818451,4.3,3.3474672,0,0
5002,19.8,19.550297,0.0,0.008828898,3.9,3.6997976,0,0
5003,19.6,19.668222,0.0,0.008857115,4.3,3.8042116,0,0
5004,19.9,19.485613,0.0,0.0103542525,4.0,3.9817393,0,0
5005,19.8,19.81814,0.0,0.009844956,3.4,4.0588393,0,0
5006,19.6,19.385899,0.0,0.010067791,4.0,3.7315013,0,0
5007,19.8,19.117413,0.0,0.011098016,3.4,3.7508562,0,0
5008,19.7,19.436604,0.0,0.008906906,2.9,3.5911696,0,0
5009,19.7,19.35489,0.0,0.007425319,3.0,3.2111843,0,0
5010,19.7,19.443542,0.0,0.006821891,3.4,3.091142,0,0
5011,19.6,19.567053,0.0,0.00779267,2.8,3.25788,0,0
5012,19.7,19.452791,0.0,0.0089775035,3.5,3.1221857,0,0
5013,20.7,20.053427,0.0,0.009283954,3.5,3.5393288,0,0
5014,21.6,21.153675,0.0,0.0082120765,4.0,3.8188689,0,0
5015,22.3,21.865604,0.0,0.008670616,4.0,4.103662,0,0
5016,23.4,22.436012,0.0,0.009580833,3.6,4.2087636,0,0
5017,23.8,23.118967,0.0,0.010446354,4.1,4.0957484,0,0
5018,23.7,23.089767,0.0,0.010214148,4.4,4.055955,0,0
5019,23.1,22.990181,0.0,0.009815594,4.800000000000001,4.054948,0,0
5020,21.6,22.375023,0.0,0.008585678,4.7,4.055656,0,0
5021,21.0,21.109135,0.0,0.006277556,4.3,3.9019833,0,0
5022,20.6,20.406258,0.0,0.005225572,4.0,3.6713037,0,0
5023,20.3,20.022306,0.0,0.004987744,4.800000000000001,3.5483322,0,0
5024,20.1,20.142405,0.0,0.0074976753,4.6,3.9380116,0,0
5025,19.9,19.577097,0.0,0.009711693,4.6,3.9617646,0,0
5026,19.9,19.560675,0.0,0.010731913,4.3,4.108943,0,0
5027,20.1,19.798698,0.0,0.010272391,4.800000000000001,4.207483,0,0
5028,20.3,20.06667,0.0,0.010757219,3.7,4.4327426,0,0
5029,20.2,20.261951,0.0,0.009697773,2.9,4.1991944,0,0
5030,20.2,19.789892,0.0,0.007935456,2.6,3.5743415,0,0
5031,20.2,19.421429,0.0,0.0069109397,3.1,3.0625827,0,0
5032,20.1,19.78445,0.0,0.005646068,3.1,3.0501058,0,0
5033,19.9,19.706518,0.0,0.005996325,2.6,2.991454,0,0
5034,19.8,19.68666,0.0,0.0065538264,3.4,2.765235,0,0
5035,19.8,19.81998,0.0,0.0065358654,3.5,3.098543,0,0
5036,20.1,19.945436,0.0,0.007464081,2.5,3.3528981,0,0
5037,21.1,20.097282,0.0,0.0064470368,2.9,3.0076003,0,0
5038,22.6,21.30412,0.0,0.006432538,3.2,3.237965,0,0
5039,23.4,22.728561,0.0,0.009318583,4.0,3.5164332,0,0
5040,24.4,23.58704,0.0,0.011164541,3.6,3.9176598,0,0
5041,24.6,24.195715,0.0,0.01139279,4.0,3.9071367,0,0
5042,24.9,24.276173,0.0,0.011389218,3.3,3.91131,0,0
5043,24.5,24.215895,0.0,0.010963941,3.2,3.6476119,0,0
5044,24.2,23.73679,0.0,0.010014503,3.7,3.3461213,0,0
5045,23.5,23.196484,0.0,0.0089611085,3.1,3.1777437,0,0
5046,22.6,22.54858,0.0,0.0071642455,3.0,2.7667413,0,0
5047,22.0,21.67323,0.0,0.0059732506,2.6,2.541434,0,0
5048,22.0,21.504786,0.0,0.006398293,2.1,2.3810596,0,0
5049,21.9,21.76129,0.0,0.007275445,2.2,2.101405,0,0
5050,21.7,21.779966,0.0,0.0069494606,2.8,1.9546986,0,0
5051,21.6,21.159594,0.0,0.006709927,0.8,2.2868202,0,0
5052,21.7,21.286173,0.0,0.0036630703,1.0,1.4720795,0,0
5053,21.0,21.323578,0.0,0.006317124,0.8,1.1789985,0,0
5054,20.2,20.725683,0.0,0.0066547357,0.0,0.8671819,0,0
5055,20.4,20.124151,0.0,0.00766506,0.6000000000000001,0.5497569,0,0
5056,20.3,20.501585,0.0,0.0072020367,0.7,0.6015775,0,0
5057,19.8,20.424372,0.0,0.007876743,1.0,0.64397955,0,0
5058,19.4,20.140772,0.0,0.006987982,0.30000000000000004,0.73124707,0,0
5059,19.3,20.152058,0.0,0.007538016,0.6000000000000001,0.61357296,0,0
5060,19.5,20.273968,0.0,0.006742251,1.3,0.6877953,0,0
5061,21.3,20.715895,0.0,0.0048996173,1.5,0.9847699,0,0
5062,23.2,22.931242,0.0,0.007735125,0.7,1.4728992,0,0
5063,24.9,24.580566,0.0,0.0050165458,0.6000000000000001,1.1936648,0,0
5064,25.7,25.739088,0.0,0.0053761033,0.8,1.3399895,0,0
5065,26.6,25.506165,0.0,0.007054341,1.8,1.407974,0,0
5066,25.2,25.855074,0.0,0.0077751027,1.8,1.8123664,0,0
5067,25.7,24.399065,0.0,0.0088992985,1.2,1.6474309,0,0
5068,25.6,25.129484,0.0,0.0049397824,1.4,1.3592196,0,0
5069,25.5,24.686079,0.0,0.004774141,1.0,1.0879781,0,0
5070,24.2,24.362814,0.0,0.004828616,1.4,0.81243396,0,0
5071,22.6,22.865993,0.0,0.00903566,2.9,0.82519853,0,0
5072,22.0,21.09214,0.0,0.0052347686,2.0,1.8739783,0,0
5073,22.2,21.442007,0.0,0.0063531543,1.2,1.9704783,0,0
5074,22.0,22.066628,0.0,0.0050494447,1.4,1.521811,0,0
5075,22.0,21.979692,0.0,0.006619936,1.6,1.3192853,0,0
5076,22.0,22.012049,0.0,0.0053716768,1.0,1.4990354,0,0
5077,22.0,22.021505,0.0,0.0076346733,1.6,1.0707039,0,0
5078,21.6,22.132719,0.0,0.0064820936,0.19999999999999996,1.4445268,0,0
5079,21.7,21.796766,0.0,0.0084600365,0.8,0.77329814,0,0
5080,21.5,21.775072,0.0,0.008843066,0.6000000000000001,0.9509581,0,0
5081,21.6,21.94077,0.0,0.008236806,1.5,0.81090486,0,0
5082,21.7,22.105782,0.0,0.007065228,1.3,1.401035,0,0
5083,21.8,22.467543,0.0,0.0072489046,1.1,1.6045986,0,0
5084,20.7,23.342903,0.5,0.012030254,1.9,1.6585015,1,0
5085,19.9,18.875206,0.0,0.6203283,4.1,2.0227287,0,1
5086,19.8,20.877914,0.0,0.006237573,4.4,3.345203,0,0
5087,17.8,19.577444,0.0,0.0061885887,5.6,3.7555013,0,0
5088,17.4,17.485586,0.0,0.010044017,3.8,4.0551486,0,0
5089,17.2,16.877533,0.0,0.008851782,3.0,3.831629,0,0
5090,16.9,16.654928,0.0,0.009344676,2.8,3.3451242,0,0
5091,16.7,16.592482,0.0,0.009398995,3.0,3.0666966,0,0
5092,16.9,16.439486,0.0,0.01036292,2.8,3.07056,0,0
5093,17.1,16.644974,0.0,0.009973277,2.5,3.0352404,0,0
5094,17.0,16.954165,0.0,0.008701174,3.0,2.8423772,0,0
5095,17.1,16.61594,0.0,0.010472925,2.8,2.9228463,0,0
5096,16.8,16.800411,0.0,0.00946854,3.2,2.861182,0,0
5097,16.8,16.574022,0.0,0.010748574,2.3,2.951769,0,0
5098,16.7,16.641441,0.0,0.007667752,2.7,2.5654593,0,0
5099,16.8,16.797459,0.0,0.008065569,2.7,2.6287177,0,0
5100,16.5,17.021278,0.0,0.008951505,2.0,2.7209969,0,0
5101,16.1,16.640432,0.0,0.006401412,1.7,2.2999296,0,0
5102,16.3,16.402508,0.0,0.0043144436,2.2,1.9884262,0,0
5103,16.4,17.109219,0.0,0.008505709,2.0,2.4481876,0,0
5104,17.2,17.195087,0.0,0.007901044,2.7,2.4281006,0,0
5105,18.9,18.03057,0.0,0.009219639,3.2,2.8910136,0,0
5106,19.7,19.341469,0.0,0.0060576713,3.6,3.361889,0,0
5107,20.5,20.309635,0.0,0.005092275,3.0,3.7154288,0,0
5108,20.3,20.56673,0.0,0.004635739,4.1,3.5408711,0,0
5109,21.3,20.371225,0.0,0.004874749,2.2,3.7820373,0,0
5110,20.8,20.935076,0.0,0.0043369555,3.1,3.206285,0,0
5111,19.8,19.977201,0.0,0.0028275563,3.7,3.1277812,0,0
5112,19.0,18.964563,0.0,0.003939457,3.8,2.983059,0,0
5113,18.4,18.363066,0.0,0.005362564,2.0,2.9216075,0,0
5114,17.5,17.982033,0.0,-0.00015209077,2.7,2.18309,0,0
5115,17.1,17.324282,0.0,0.0023142064,3.1,2.3009984,0,0
5116,16.9,17.007751,0.0,0.0063669025,1.9,2.669184,0,0
5117,16.5,16.663036,0.0,0.0015259145,0.8,2.1465936,0,0
5118,16.1,16.541382,0.0,-0.002080143,1.5,1.3482813,0,0
5119,15.3,15.7570915,0.0,0.00022629727,1.5,1.3067392,0,0
5120,15.1,14.844421,0.0,0.0019605441,0.5,1.2660668,0,0
5121,14.9,14.742073,0.0,0.00043158355,0.9,0.79926527,0,0
5122,14.7,14.852706,0.0,0.0010312049,0.5,0.8240038,0,0
5123,15.1,14.451943,0.0,0.0013207729,1.1,0.6416565,0,0
5124,14.8,15.140389,0.0,0.0023499068,0.8,0.9075445,0,0
5125,14.1,15.144461,0.0,0.0022674438,1.3,0.9169904,0,0
5126,14.2,14.653819,0.0,0.005830551,0.5,1.1434788,0,0
5127,14.3,15.247296,0.0,0.003982265,0.3999999999999999,0.86305755,0,0
5128,15.7,15.4920025,0.0,0.003812575,0.30000000000000004,0.7215315,0,0
5129,19.1,16.848478,0.0,0.009579506,3.2,0.91654533,0,0
5130,20.1,21.003874,0.0,0.0051681846,3.4,3.0449197,0,0
5131,20.5,21.23234,0.0,0.005967423,3.3,3.4936254,0,0
5132,20.7,20.90308,0.0,0.005290317,3.1,3.5353487,0,0
5133,20.8,20.738655,0.0,0.004642285,2.7,3.4146345,0,0
5134,20.2,20.550987,0.0,0.0036160615,3.2,3.1771154,0,0
5135,19.7,19.81284,0.0,0.0026772642,3.0,3.1226826,0,0
5136,19.3,19.161715,0.0,0.0035109743,2.8,2.8481028,0,0
5137,18.4,18.59744,0.0,0.0023526626,2.3,2.4998415,0,0
5138,17.6,17.679996,0.0,-0.000765238,1.8,2.0630307,0,0
5139,16.9,17.047617,0.0,-0.0032536301,1.9,1.7472507,0,0
5140,16.4,16.698936,0.0,-0.0018169807,1.3,1.8390398,0,0
5141,16.0,16.560495,0.0,-0.0023847043,1.1,1.5435874,0,0
5142,15.3,15.989532,0.0,-3.2732605e-06,0.7,1.3561805,0,0
5143,15.0,15.109446,0.0,0.0007713853,1.1,1.0030317,0,0
5144,14.6,14.643066,0.0,0.0012260076,0.7,0.9572533,0,0
5145,14.5,14.176186,0.0,0.00081481936,1.0,0.720693,0,0
5146,14.3,14.029687,0.0,0.0020354413,1.1,0.7867335,0,0
5147,14.1,14.195582,0.0,0.0013922985,1.4,0.83319175,0,0
5148,13.8,14.313782,0.0,0.0026276687,1.4,1.0592828,0,0
5149,13.6,14.6595335,0.0,0.0016994571,1.4,1.2326763,0,0
5150,13.8,14.97808,0.0,-0.00040622245,1.0,1.2936743,0,0
5151,13.7,15.592881,0.0,-0.0015035715,1.6,1.195488,0,0
5152,15.7,14.713779,0.0,0.00050185673,1.5,1.5446925,0,0
5153,18.4,16.907928,0.0,-0.0029556856,3.0,1.7985017,0,0
5154,19.1,19.584564,0.0,0.0030178248,4.6,3.0772686,0,0
5155,19.8,20.231848,0.0,0.0047964915,3.9,3.9214377,0,0
5156,20.2,20.212482,0.0,0.0047038454,3.3,3.918103,0,0
5157,19.5,20.15986,0.0,0.003932422,4.0,3.7007616,0,0
5158,19.0,19.52473,0.0,0.0040389597,4.3,3.7100554,0,0
5159,18.5,18.88025,0.0,0.004150847,4.0,3.6434503,0,0
5160,18.0,18.170456,0.0,0.0038676066,3.6,3.4192944,0,0
5161,17.4,17.456848,0.0,0.006267127,2.4,3.0299997,0,0
5162,16.5,16.777683,0.0,0.002148662,1.5,2.3529496,0,0
5163,16.1,16.00743,0.0,-0.004294704,1.6,1.6929376,0,0
5164,15.8,15.467262,0.0,-0.0019592002,1.9,1.5219231,0,0
5165,15.5,15.5786915,0.0,-0.001923176,1.5,1.6730726,0,0
5166,15.0,15.367779,0.0,-0.0018409239,0.9,1.4102834,0,0
5167,14.5,14.824812,0.0,-0.00068585755,1.5,1.030847,0,0
5168,14.2,14.413875,0.0,0.0014562893,0.6000000000000001,1.1863909,0,0
5169,13.7,13.812691,0.0,0.0017092602,0.7,0.8153117,0,0
5170,13.5,13.341955,0.0,0.0029577508,0.6000000000000001,0.7130699,0,0
5171,13.1,13.2946415,0.0,0.003586776,0.0,0.711763,0,0
5172,13.3,12.980761,0.0,0.0037000112,1.0,0.5393754,0,0
5173,13.2,13.511885,0.0,0.004414964,0.8,0.7859285,0,0
5174,13.0,13.439211,0.0,0.0037503182,0.7,0.77760696,0,0
5175,13.4,13.238975,0.0,0.005273745,1.2,0.7773137,0,0
5176,15.1,14.093693,0.0,0.004387242,1.2,1.0047138,0,0
5177,17.9,16.477345,0.0,0.0008883559,1.0,1.2658272,0,0
5178,20.0,20.250792,0.0,0.000739044,1.6,1.2166557,0,0
5179,21.6,22.320019,0.0,0.0062244534,0.6000000000000001,1.6638156,0,0
5180,23.0,22.75726,0.0,0.0069241333,1.9,1.2188127,0,0
5181,23.0,23.213047,0.0,0.011149352,1.7,1.794483,0,0
5182,22.8,22.921274,0.0,0.010075426,1.6,1.80245,0,0
5183,22.3,22.229528,0.0,0.0070791654,3.0,1.8098111,0,0
5184,22.0,21.318176,0.0,0.006339519,2.0,2.1658633,0,0
5185,21.2,20.867783,0.0,0.0022832078,0.9,1.6749635,0,0
5186,19.8,20.213093,0.0,0.0027534964,0.7,1.1319102,0,0
5187,19.2,18.9545,0.0,0.0015355926,1.9,0.8518895,0,0
5188,18.3,18.776268,0.0,0.00047447736,0.7,1.283383,0,0
5189,18.3,17.790066,0.0,-3.6282403e-05,0.9,0.8453144,0,0
5190,17.7,18.187544,0.0,0.00046392612,0.5,0.8316659,0,0
5191,17.1,17.426474,0.0,0.0007659571,0.5,0.6189575,0,0
5192,17.0,16.957407,0.0,0.0037532756,0.8,0.5934906,0,0
5193,16.6,16.940819,0.0,0.0023233506,1.1,0.6339439,0,0
5194,16.5,16.684301,0.0,0.0031885393,0.30000000000000004,0.70621526,0,0
5195,15.9,16.555916,0.0,0.0040064044,1.1,0.5594125,0,0
5196,15.8,16.168602,0.0,0.006370156,0.7,0.779395,0,0
5197,15.8,16.365206,0.0,0.0032171851,0.6000000000000001,0.67030966,0,0
5198,15.5,16.448473,0.0,0.0041041635,0.8,0.6638199,0,0
5199,15.8,16.606647,0.0,0.0046995105,1.4,0.8048998,0,0
5200,17.0,17.285353,0.0,0.0019044112,1.4,1.1644609,0,0
5201,19.3,18.425613,0.0,3.6200567e-05,1.4,1.4817371,0,0
5202,21.3,21.189728,0.0,0.0033922803,1.1,1.8182976,0,0
5203,22.6,23.294743,0.0,0.010184723,1.1,1.5749238,0,0
5204,23.8,23.497541,0.0,0.010173929,2.4,1.5659091,0,0
5205,22.6,23.10131,0.0,0.00831962,2.0,2.036247,0,0
5206,22.0,21.952902,0.0,0.00652498,1.5,1.8523386,0,0
5207,21.7,21.09366,0.0,0.0037125226,1.9,1.4436376,0,0
5208,21.2,20.60404,0.0,0.0026393891,1.3,1.3762819,0,0
5209,20.2,20.21727,0.0,0.0026449172,1.2,1.1151701,0,0
5210,19.6,19.580366,0.0,0.0013811667,0.5,1.0589914,0,0
5211,19.2,19.23982,0.0,0.0017444354,0.7,0.7378825,0,0
5212,18.3,18.78343,0.0,0.0019324156,0.6000000000000001,0.67600334,0,0
5213,17.7,17.95688,0.0,0.0017169175,0.3999999999999999,0.62929845,0,0
5214,17.2,17.775894,0.0,0.0019373612,0.5,0.5535958,0,0
5215,16.7,17.659737,0.0,0.0016434283,0.6000000000000001,0.55868506,0,0
5216,16.6,17.121933,0.0,0.0014924854,1.0,0.5500238,0,0
5217,16.4,17.293085,0.0,0.0009345915,1.1,0.69857633,0,0
5218,16.4,17.000599,0.0,0.0019966539,1.3,0.813907,0,0
5219,16.4,17.027754,0.0,0.0024882292,1.2,1.0045016,0,0
5220,16.2,17.121628,0.0,0.002720721,0.5,1.1032292,0,0
5221,16.3,16.726177,0.0,0.0018318377,0.6000000000000001,0.7350619,0,0
5222,16.3,16.899033,0.0,0.0032991357,0.19999999999999996,0.7119913,0,0
5223,18.1,17.038694,0.0,0.0027041696,0.10000000000000009,0.6578512,0,0
5224,20.2,20.5957,0.0,0.0044085467,0.30000000000000004,0.76031053,0,0
5225,22.4,22.417665,0.0,0.007095287,0.9,0.8886576,0,0
5226,24.1,23.556252,0.0,0.0066886707,1.6,1.2224844,0,0
5227,26.0,24.181414,0.0,0.00946786,1.1,1.7302171,0,0
5228,26.8,25.283234,0.0,0.0071415463,0.6000000000000001,1.5462368,0,0
5229,27.3,25.782927,0.0,0.0060942583,1.0,1.39628,0,0
5230,27.1,26.01498,0.0,0.0060430844,1.5,1.3771162,0,0
5231,26.6,24.936295,0.0,0.0075228526,1.1,1.5246326,0,0
5232,24.3,25.147127,0.0,0.004566033,0.30000000000000004,1.1160975,0,0
5233,22.9,23.270664,0.0,0.00984482,0.19999999999999996,0.6410935,0,0
5234,22.4,21.952425,0.0,0.008084131,0.3999999999999999,0.51433253,0,0
5235,21.2,23.010704,0.0,0.005547886,0.7,0.56823766,0,0
5236,20.5,21.385176,0.0,0.006417226,0.8,0.5984713,0,0
5237,19.8,20.422266,0.0,0.005147893,1.2,0.6222178,0,0
5238,18.9,19.56115,0.0,0.0033713032,1.0,0.7563237,0,0
5239,18.2,18.70039,0.0,0.002187142,0.6000000000000001,0.7693229,0,0
5240,17.7,18.635183,0.0,0.0021595075,0.6000000000000001,0.6442405,0,0
5241,17.4,17.811348,0.0,0.0017408043,1.1,0.57686126,0,0
5242,17.0,17.998146,0.0,0.00092089956,0.30000000000000004,0.70598924,0,0
5243,16.7,17.566133,0.0,0.001574187,0.6000000000000001,0.5503732,0,0
5244,16.6,17.458412,0.0,0.00091795396,1.1,0.58215153,0,0
5245,16.4,17.716152,0.0,0.0010206031,0.7,0.80467856,0,0
5246,16.5,16.933012,0.0,0.003629035,0.8,0.75794375,0,0
5247,18.3,17.737411,0.0,0.0023585178,0.6000000000000001,0.8503082,0,0
5248,21.0,20.276873,0.0,0.004334108,0.7,0.85399103,0,0
5249,23.8,22.928816,0.0,0.008276958,0.5,1.0115072,0,0
5250,26.5,24.959421,0.0,0.004712629,2.4,1.1882476,0,0
5251,27.0,26.182827,0.0,0.009163011,3.0,2.3975577,0,0
5252,26.8,26.707687,0.0,0.010319704,3.6,2.9420795,0,0
5253,25.7,26.099125,0.0,0.010690428,3.3,3.2425866,0,0
5254,25.0,25.035278,0.0,0.010731239,2.5,3.1419687,0,0
5255,23.4,24.335854,0.0,0.009774516,2.5,2.5875983,0,0
5256,22.3,23.180752,0.0,0.008752325,1.8,2.0659091,0,0
5257,22.1,22.503202,0.0,0.0074310806,2.7,1.6940794,0,0
5258,21.9,21.899958,0.0,0.007280241,1.8,1.9598143,0,0
5259,21.8,21.97722,0.0,0.0053967475,2.1,1.7402192,0,0
5260,21.6,21.704622,0.0,0.005563982,3.1,1.8380339,0,0
5261,21.3,20.953018,0.0,0.0065406268,1.7,2.4145644,0,0
5262,21.2,21.005287,0.0,0.0041218083,2.9,1.8326273,0,0
5263,21.1,20.71693,0.0,0.0069540064,3.1,2.4283662,0,0
5264,20.8,20.893795,0.0,0.0055499575,1.8,2.8097894,0,0
5265,20.5,20.68414,0.0,0.0065490417,2.3,2.1673634,0,0
5266,20.6,20.216324,0.0,0.007174317,2.0,2.1994772,0,0
5267,20.5,20.785864,0.0,0.006504946,1.9,2.1852484,0,0
5268,20.3,20.764124,0.0,0.005310491,2.7,2.0198152,0,0
5269,20.2,20.464344,0.0,0.006723608,2.2,2.4139917,0,0
5270,20.2,20.350563,0.0,0.008482379,2.3,2.4045854,0,0
5271,20.9,20.420055,0.0,0.008839774,3.1,2.478383,0,0
5272,21.9,21.444656,0.0,0.0069935564,3.5,3.0211203,0,0
5273,23.0,22.446096,0.0,0.009209144,4.1,3.4758408,0,0
5274,24.1,23.41882,0.0,0.011133367,3.9,3.9091635,0,0
5275,24.9,23.959492,0.0,0.01134826,3.3,3.9728196,0,0
5276,24.8,24.176151,0.0,0.010978922,4.0,3.6840792,0,0
5277,23.8,23.981546,0.0,0.010819497,3.5,3.738238,0,0
5278,22.9,22.99428,0.0,0.009094299,3.9,3.3695755,0,0
5279,22.1,22.170918,0.0,0.007437393,2.6,3.228424,0,0
5280,21.1,21.280933,0.0,0.0055907182,2.8,2.5464349,0,0
5281,20.5,20.72129,0.0,0.0060180533,2.6,2.4007447,0,0
5282,20.2,20.327126,0.0,0.0058873007,2.8,2.3217251,0,0
5283,20.2,19.993975,0.0,0.006125521,2.6,2.463821,0,0
5284,20.0,20.017677,0.0,0.006298634,1.8,2.4859023,0,0
5285,19.9,19.994604,0.0,0.0035949338,2.9,2.0502164,0,0
5286,19.7,19.668306,0.0,0.00727402,1.2,2.499769,0,0
5287,19.6,19.626102,0.0,0.0013101344,1.7,1.7381109,0,0
5288,19.5,19.694456,0.0,0.0012625498,2.2,1.7278008,0,0
5289,19.4,19.461401,0.0,0.004216548,1.7,1.9958899,0,0
5290,19.6,19.474337,0.0,0.0019625109,1.8,1.7862585,0,0
5291,19.2,19.665785,0.0,0.0021269568,1.9,1.7973753,0,0
5292,19.3,19.192196,0.0,0.005978883,1.5,1.8602114,0,0
5293,19.0,20.081415,0.0,0.0022057795,1.8,1.7481848,0,0
5294,18.9,19.75287,0.0,0.0035214382,2.2,1.8714496,0,0
5295,20.2,19.386215,0.0,0.008283839,1.9,2.2290204,0,0
5296,21.7,20.779371,0.0,0.0069752233,2.7,2.2792325,0,0
5297,21.9,22.44414,0.0,0.008365346,3.3,2.9097352,0,0
5298,22.4,22.68543,0.0,0.009468793,2.8,3.342768,0,0
5299,23.2,22.83344,0.0,0.0093405545,3.2,3.1654322,0,0
5300,23.7,23.383896,0.0,0.009836055,2.9,3.1449893,0,0
5301,23.0,23.238169,0.0,0.00907907,3.4,3.0607324,0,0
5302,23.0,22.271479,0.0,0.0070628235,3.0,3.0279307,0,0
5303,22.6,21.864388,0.0,0.0056522423,2.6,2.752159,0,0
5304,21.4,21.394224,0.0,0.0062350207,1.9,2.346557,0,0
5305,20.4,20.790981,0.0,0.0030149105,1.7,1.858581,0,0
5306,20.0,20.058002,0.0,0.00018589191,2.5,1.6048685,0,0
5307,20.0,19.84956,0.0,0.0018862236,2.3,1.944283,0,0
5308,19.9,19.664019,0.0,0.0031775108,1.7,2.0118468,0,0
5309,19.8,19.825272,0.0,0.0003849798,2.6,1.6772069,0,0
5310,19.6,19.252178,0.0,0.0067647723,3.3,2.1657524,0,0
5311,19.4,19.385014,0.0,0.008241602,2.0,2.7537565,0,0
5312,19.4,19.313025,0.0,0.0071812384,2.6,2.2937927,0,0
5313,19.2,19.255589,0.0,0.008300573,2.4,2.3884304,0,0
5314,19.2,19.068415,0.0,0.00800012,2.4,2.294411,0,0
5315,19.2,19.216671,0.0,0.009183342,2.1,2.399543,0,0
5316,18.8,19.547007,0.0,0.0067845946,1.6,2.2832823,0,0
5317,18.7,19.112183,0.0,0.004106999,0.6000000000000001,1.8720912,0,0
5318,18.5,19.435907,0.0,0.0036034954,0.8,1.2613107,0,0
5319,19.5,19.089388,0.0,0.004961665,0.3999999999999999,1.0476618,0,0
5320,21.9,20.846836,0.0,0.006504215,2.0,0.84002376,0,0
5321,23.6,23.349508,0.0,0.0094225975,2.8,1.9868171,0,0
5322,24.9,24.515303,0.0,0.01032658,2.3,2.937738,0,0
5323,24.9,25.19572,0.0,0.010518227,3.5,2.7942533,0,0
5324,25.2,24.84787,0.0,0.010819983,2.7,3.1912658,0,0
5325,25.3,24.717001,0.0,0.010258647,2.6,3.003076,0,0
5326,23.2,24.335592,0.0,0.009565605,3.6,2.738948,0,0
5327,23.1,22.53251,0.0,0.007862768,2.6,2.7553759,0,0
5328,22.2,22.245573,0.0,0.007159927,2.0,2.3131444,0,0
5329,21.4,22.127611,0.0,0.0070537184,2.4,1.8293356,0,0
5330,20.9,21.12387,0.0,0.0054776478,3.3,1.9753251,0,0
5331,20.9,20.268845,0.0,0.0076243887,3.0,2.6177368,0,0
5332,20.6,20.295265,0.0,0.006776373,2.1,2.7817988,0,0
5333,20.1,19.883278,0.0,0.008670067,1.3,2.3561893,0,0
5334,20.3,19.803131,0.0,0.0028984237,2.9,1.7585115,0,0
5335,20.0,19.832884,0.0,0.0077712624,2.5,2.4556615,0,0
5336,19.7,19.52699,0.0,0.008663409,1.9,2.49646,0,0
5337,19.6,19.309456,0.0,0.007650368,1.7,2.2056048,0,0
5338,19.7,19.590115,0.0,0.0036189852,3.0,1.9260632,0,0
5339,19.7,19.297764,0.0,0.010025871,1.9,2.6485047,0,0
5340,19.7,19.836416,0.0,0.0065095318,2.6,2.3362868,0,0
5341,19.6,19.555805,0.0,0.00812568,3.5,2.567138,0,0
5342,19.7,19.28571,0.0,0.008311807,2.9,3.088832,0,0
5343,19.7,19.656654,0.0,0.0064789476,3.3,3.142709,0,0
5344,20.3,19.778889,0.0,0.006376567,3.8,3.2391913,0,0
5345,20.5,20.020535,0.0,0.007681889,4.800000000000001,3.5602803,0,0
5346,20.5,20.606262,0.0,0.007968098,4.3,4.1233697,0,0
5347,20.7,20.495491,0.0,0.008482912,4.6,4.2210603,0,0
5348,20.5,20.491533,0.0,0.008768082,4.2,4.286757,0,0
5349,19.8,19.936872,0.0,0.00901669,4.3,4.1013517,0,0
5350,19.7,19.262312,0.0,0.009518196,2.8,3.8896844,0,0
5351,19.7,19.200441,0.0,0.006735568,3.8,3.2961538,0,0
5352,19.7,19.43523,0.0,0.007330074,4.5,3.4634783,0,0
5353,19.1,19.295916,0.0,0.010289064,4.1,3.8521175,0,0
5354,18.4,18.715143,0.0,0.012179169,4.2,3.8987896,0,0
5355,18.3,18.043436,0.0,0.014026213,3.7,3.9251933,0,0
5356,18.1,17.955143,0.0,0.012924153,4.2,3.858872,0,0
5357,17.6,17.77572,0.0,0.013516475,4.3,3.9654322,0,0
5358,17.1,17.40173,0.0,0.013982825,4.7,4.062104,0,0
5359,18.1,17.678202,0.0,0.011978786,4.4,4.3535705,0,0
5360,17.7,18.161583,0.0,0.011045306,5.5,4.3659353,0,0
5361,17.1,17.613115,0.0,0.012075256,5.5,4.5032363,0,0
5362,16.5,17.068544,0.0,0.012806307,4.800000000000001,4.5693097,0,0
5363,16.2,16.500204,0.0,0.012773585,4.800000000000001,4.360659,0,0
5364,15.8,16.232946,0.0,0.012580115,4.5,4.23361,0,0
5365,15.4,15.776667,0.0,0.012185851,5.2,4.016066,0,0
5366,15.3,15.5230875,0.0,0.013459099,3.8,4.170626,0,0
5367,15.5,15.156233,0.0,0.013035672,2.7,3.9286995,0,0
5368,15.6,15.239313,0.0,0.013405188,4.1,3.407721,0,0
5369,15.8,15.290793,0.0,0.013870993,4.2,3.6304116,0,0
5370,16.1,15.467026,0.0,0.013454007,3.8,3.824004,0,0
5371,16.1,15.962669,0.0,0.012062015,3.0,3.8088589,0,0
5372,16.5,15.95605,0.0,0.013734101,2.3,3.3003259,0,0
5373,17.2,16.687235,0.0,0.010498377,3.2,2.9330447,0,0
5374,18.7,17.444376,0.0,0.009188842,4.0,3.166501,0,0
5375,20.0,18.771212,0.0,0.0072177616,3.5,3.688402,0,0
5376,20.9,20.04861,0.0,0.0053876806,3.4,3.7466595,0,0
5377,21.4,20.818602,0.0,0.0053032856,2.9,3.6662948,0,0
5378,21.8,21.056986,0.0,0.0052215303,2.3,3.3507457,0,0
5379,21.5,20.927094,0.0,0.0043753358,3.1,2.9363627,0,0
5380,21.0,20.747622,0.0,0.004049059,3.4,3.0117776,0,0
5381,20.6,20.262886,0.0,0.0035949077,1.9,2.9221451,0,0
5382,19.5,19.83153,0.0,0.003506092,1.5,2.1641212,0,0
5383,19.0,19.056671,0.0,-0.0013658331,1.6,1.5718957,0,0
5384,18.9,18.701962,0.0,-0.0003761264,2.4,1.49727,0,0
5385,18.9,18.833036,0.0,4.8483373e-05,2.4,1.850152,0,0
5386,18.2,18.622526,0.0,0.0037496192,2.0,2.0676928,0,0
5387,17.8,17.947088,0.0,0.004795275,1.3,1.8857415,0,0
5388,17.6,17.809395,0.0,0.004534224,0.9,1.4263507,0,0
5389,17.6,17.88123,0.0,0.0030799394,0.9,1.0354687,0,0
5390,17.2,17.741873,0.0,0.0038519453,0.3999999999999999,0.8976027,0,0
5391,16.7,17.304956,0.0,0.004394108,1.1,0.6463978,0,0
5392,16.8,16.96102,0.0,0.004863908,0.7,0.79457843,0,0
5393,16.5,16.955769,0.0,0.004587667,1.4,0.7063689,0,0
5394,16.4,16.905651,0.0,0.005315791,1.1,0.9677387,0,0
5395,16.4,16.806488,0.0,0.0050481716,0.8,0.9551747,0,0
5396,16.4,16.98316,0.0,0.00567626,0.19999999999999996,0.9012511,0,0
5397,17.9,17.433258,0.0,0.00085957895,0.10000000000000009,0.6648085,0,0
5398,21.1,19.170721,0.0,0.0032594728,1.9,0.619269,0,0
5399,22.4,22.842796,0.0,0.009974301,3.1,1.7913098,0,0
5400,22.6,23.065424,0.0,0.0077365777,2.3,2.9003909,0,0
5401,23.7,22.775215,0.0,0.007006131,2.3,2.758235,0,0
5402,23.1,23.277166,0.0,0.007745197,2.9,2.6442542,0,0
5403,21.8,22.335337,0.0,0.00635985,3.8,2.7994406,0,0
5404,21.2,21.094706,0.0,0.004593188,3.1,3.0116937,0,0
5405,20.9,20.430748,0.0,0.004299377,3.2,2.7628548,0,0
5406,20.3,20.147493,0.0,0.0049317596,1.9,2.6353626,0,0
5407,19.7,19.932966,0.0,0.0019358422,1.5,1.9916931,0,0
5408,20.0,19.61901,0.0,-0.00078457216,1.9,1.595206,0,0
5409,19.8,19.988571,0.0,-8.359448e-05,1.7,1.6041446,0,0
5410,19.5,19.731678,0.0,0.00039759107,1.0,1.4976892,0,0
5411,19.4,19.455442,0.0,0.002376079,0.9,1.0989634,0,0
5412,19.4,19.59717,0.0,0.0032036712,0.5,0.89939535,0,0
5413,19.5,19.780071,0.0,0.004622558,0.30000000000000004,0.6888901,0,0
5414,18.6,20.118559,0.0,0.0060668313,0.8,0.6263821,0,0
5415,18.6,18.981443,0.0,0.004126151,0.7,0.64988804,0,0
5416,17.2,19.085495,0.0,0.003895872,0.8,0.66748035,0,0
5417,17.1,18.197048,0.0,0.0025141586,0.7,0.708424,0,0
5418,17.7,18.154642,0.0,0.0015104087,0.8,0.7106409,0,0
5419,18.3,18.795261,0.0,0.0019091514,1.3,0.7985145,0,0
5420,20.5,19.161877,0.0,0.00024963802,0.30000000000000004,1.1861804,0,0
5421,21.5,21.706034,0.0,0.005443787,1.4,0.90644294,0,0
5422,23.0,22.272635,0.0,0.005252355,1.3,1.5106273,0,0
5423,23.2,23.43942,0.0,0.012865901,2.3,1.673357,0,0
5424,23.1,23.19026,0.0,0.009433108,2.8,1.9598138,0,0
5425,22.5,22.502417,0.0,0.00712144,2.6,2.2325513,0,0
5426,21.9,21.4008,0.0,0.0058950423,3.2,2.3399303,0,0
5427,21.0,20.731226,0.0,0.004948116,3.5,2.5351238,0,0
5428,20.5,19.968115,0.0,0.0046932683,2.5,2.6655235,0,0
5429,20.2,19.8661,0.0,0.004693051,1.6,2.356367,0,0
5430,19.9,19.805159,0.0,0.00057278335,2.2,1.8337293,0,0
5431,19.6,19.779594,0.0,0.00198238,2.1,2.0163784,0,0
5432,19.3,19.616585,0.0,0.0020112116,3.6,2.037904,0,0
5433,18.0,18.454912,0.0,0.010669758,3.6,2.7880132,0,0
5434,18.8,18.517502,0.0,0.008107169,4.2,3.0631337,0,0
5435,19.4,18.723997,0.0,0.007200487,4.3,3.4700856,0,0
5436,19.7,18.939348,0.0,0.007121144,3.7,3.6681807,0,0
5437,20.2,19.034882,0.0,0.0063840537,2.8,3.5213907,0,0
5438,19.6,19.25918,0.0,0.004555918,3.2,3.1031954,0,0
5439,19.2,18.882074,0.0,0.0067261024,2.6,2.8985808,0,0
5440,18.8,18.75345,0.0,0.0069643264,3.1,2.51169,0,0
5441,18.5,18.64766,0.0,0.008533135,3.1,2.645857,0,0
5442,18.4,18.380367,0.0,0.010212044,3.0,2.7786703,0,0
5443,18.3,18.147404,0.0,0.012162386,2.5,2.8871126,0,0
5444,18.5,18.029058,0.0,0.01260096,2.6,2.7788372,0,0
5445,18.5,18.221684,0.0,0.01171049,2.8,2.846282,0,0
5446,18.3,18.2116,0.0,0.011113425,2.6,2.9765708,0,0
5447,18.3,18.063196,0.0,0.010904026,2.5,2.848192,0,0
5448,18.2,17.982765,0.0,0.010951384,1.9,2.7984116,0,0
5449,17.9,18.016827,0.0,0.008733343,1.4,2.4461594,0,0
5450,18.2,18.463282,0.0,0.0036296186,1.6,2.0108564,0,0
5451,17.5,18.616573,0.0,0.0041588116,2.5,2.0932496,0,0
5452,17.6,17.64177,0.0,0.009908272,1.7,2.605383,0,0
5453,17.9,18.061007,0.0,0.0064497283,1.8,2.4313657,0,0
5454,19.0,18.433424,0.0,0.006226642,2.7,2.486082,0,0
5455,13.6,19.446148,0.0,0.003644798,2.5,2.9330192,0,0
5456,13.2,16.074644,0.0,0.008070805,3.0,2.898219,0,0
5457,14.1,15.2618885,0.0,0.0098586315,2.7,3.112766,0,0
5458,14.1,15.258149,0.0,0.00935935,3.0,3.2056797,0,0
5459,13.2,15.036239,0.0,0.009726033,4.6,3.3293588,0,0
5460,13.7,14.05325,0.0,0.01162503,4.0,3.7634103,0,0
5461,13.6,14.395796,0.0,0.010801893,4.4,3.880725,0,0
5462,13.5,14.221536,0.0,0.011375712,3.8,3.898704,0,0
5463,13.5,13.734039,0.0,0.012064815,3.8,3.7142224,0,0
5464,13.5,13.595764,0.0,0.01181479,3.3,3.549693,0,0
5465,13.3,13.620129,0.0,0.009535604,2.5,3.2658944,0,0
5466,13.2,13.209059,0.0,0.0049809413,3.7,2.659204,0,0
5467,13.4,13.249551,0.0,0.009322946,2.6,3.0803988,0,0
5468,13.4,13.237914,0.0,0.006870854,2.8,2.8008306,0,0
5469,13.0,13.375268,0.0,0.0072678025,1.0,2.7582057,0,0
5470,13.6,12.769984,0.0,0.00021783527,2.7,1.6636689,0,0
5471,13.5,13.970429,0.0,0.0048158737,2.7,2.4361897,0,0
5472,13.7,13.65259,0.0,0.0062116035,2.8,2.5499716,0,0
5473,13.8,13.952304,0.0,0.007749634,2.4,2.7414653,0,0
5474,13.8,13.915559,0.0,0.0067274296,1.5,2.5723011,0,0
5475,13.6,14.122332,0.0,0.0013007083,2.1,1.9872041,0,0
5476,13.4,14.136484,0.0,0.0026509794,1.7,2.0730667,0,0
5477,13.5,13.944736,0.0,0.0022737912,1.7,1.8363097,0,0
5478,13.6,14.171364,0.0,0.0019922717,2.0,1.7618032,0,0
5479,13.8,14.255325,0.0,0.004133404,2.7,1.9885314,0,0
5480,14.2,14.642461,0.0,0.009647665,4.1,2.6207526,0,0
5481,14.4,15.11168,0.0,0.013496231,4.1,3.4828749,0,0
5482,15.1,14.822883,0.0,0.013432482,3.3,3.7952993,0,0
5483,14.9,15.223535,0.0,0.012290145,4.5,3.7116907,0,0
5484,15.1,15.1681185,0.0,0.012145181,3.5,4.007728,0,0
5485,15.0,15.196515,0.0,0.0115775475,4.3,3.805398,0,0
5486,14.7,15.147508,0.0,0.011160338,4.3,3.8862228,0,0
5487,14.4,14.767552,0.0,0.011268233,4.2,3.824331,0,0
5488,13.9,14.351107,0.0,0.011945925,3.9,3.622334,0,0
5489,13.7,13.978995,0.0,0.011405062,3.3,3.3402472,0,0
5490,13.5,13.76268,0.0,0.008638181,2.4,3.0227811,0,0
5491,13.4,13.4781885,0.0,0.003842222,2.4,2.481002,0,0
5492,13.5,13.4507475,0.0,0.0026924445,1.7,2.3270743,0,0
5493,13.6,13.480001,0.0,-0.0006598204,1.8,1.984059,0,0
5494,13.7,13.738684,0.0,-0.0007574693,2.4,1.9120221,0,0
5495,13.9,13.84705,0.0,0.0020789788,2.8,2.1853714,0,0
5496,13.8,13.944106,0.0,0.007525397,1.9,2.6136184,0,0
5497,13.9,13.984599,0.0,0.003154001,2.5,2.2105079,0,0
5498,13.8,14.4925,0.0,0.006257789,1.3,2.5284564,0,0
5499,13.7,14.338561,0.0,-6.280143e-05,1.5,1.8840643,0,0
5500,13.4,14.081753,0.0,0.0013140771,1.2,1.7845995,0,0
5501,13.5,13.515778,0.0,0.0019428518,1.3,1.4132608,0,0
5502,13.5,13.573676,0.0,0.0023140644,1.9,1.351221,0,0
5503,13.6,13.923583,0.0,0.0054930914,0.8,1.8048549,0,0
5504,14.1,14.369645,0.0,0.002502895,2.1,1.3560987,0,0
5505,15.2,15.387421,0.0,0.0027762572,2.4,2.0578682,0,0
5506,15.7,16.315435,0.0,0.0072495057,2.3,2.5572739,0,0
5507,15.9,16.826654,0.0,0.007338165,2.5,2.6620984,0,0
5508,16.5,16.765606,0.0,0.0076212436,2.4,2.6955533,0,0
5509,17.2,16.755396,0.0,0.0073111802,3.3,2.6773162,0,0
5510,16.8,17.253132,0.0,0.008244955,3.0,3.007533,0,0
5511,16.6,16.692184,0.0,0.007973592,3.2,2.8734844,0,0
5512,16.3,16.518328,0.0,0.0072920276,2.3,2.8090603,0,0
5513,15.7,15.8798,0.0,0.0025728953,2.8,2.2236466,0,0
5514,15.0,15.421756,0.0,0.0042977124,2.3,2.245921,0,0
5515,14.6,14.894128,0.0,0.0039343145,1.8,2.11563,0,0
5516,14.6,14.681927,0.0,0.00313159,1.1,1.8534695,0,0
5517,14.8,14.797608,0.0,0.0032060256,0.9,1.4811807,0,0
5518,15.1,15.134875,0.0,0.0026077796,1.8,1.1560731,0,0
5519,15.1,15.432819,0.0,0.0033168742,2.1,1.5446253,0,0
5520,14.9,15.299945,0.0,0.005315888,1.9,1.830728,0,0
5521,15.1,15.04231,0.0,0.0074571157,0.3999999999999999,1.7991843,0,0
5522,14.6,15.313892,0.0,0.005591684,0.3999999999999999,0.96405995,0,0
5523,13.8,14.767789,0.0,0.010101596,0.19999999999999996,0.75846696,0,0
5524,14.5,14.564364,0.0,0.009386737,0.8,0.6070162,0,0
5525,12.9,15.309577,0.0,0.004866835,0.7,0.7749033,0,0
5526,12.6,14.134175,0.0,0.007972562,1.2,0.74411106,0,0
5527,12.7,14.052979,0.0,0.006188851,0.3999999999999999,0.9878388,0,0
5528,14.5,13.832764,0.0,0.0037784863,0.30000000000000004,0.710299,0,0
5529,18.0,15.661,0.0,-0.00042684076,2.2,0.63189113,0,0
5530,19.4,19.593876,0.0,0.0011161508,3.1,2.1157746,0,0
5531,20.2,19.388578,0.0,0.0030295313,3.0,2.9774482,0,0
5532,20.6,19.533266,0.0,0.002548432,3.2,3.0710468,0,0
5533,20.8,19.953545,0.0,0.0025952335,4.5,3.141231,0,0
5534,21.0,19.726772,0.0,0.0025505906,2.6,3.4919577,0,0
5535,19.3,19.25741,0.0,0.0036042358,3.5,2.8438165,0,0
5536,18.2,18.397112,0.0,0.0060231695,3.9,2.8206973,0,0
5537,17.9,17.833374,0.0,0.0069456524,2.0,3.068235,0,0
5538,17.0,17.62125,0.0,0.0035860657,2.6,2.27034,0,0
5539,17.0,16.854836,0.0,0.008281063,2.3,2.412324,0,0
5540,16.9,16.905281,0.0,0.0058200182,2.6,2.3251147,0,0
5541,16.6,16.923311,0.0,0.007184541,1.6,2.4730568,0,0
5542,16.3,16.58617,0.0,0.002052228,2.1,1.8927602,0,0
5543,16.0,16.370018,0.0,0.0032479207,2.3,1.8901644,0,0
5544,16.0,16.148508,0.0,0.004325862,2.4,2.067458,0,0
5545,16.4,16.058878,0.0,0.007622745,3.4,2.2542922,0,0
5546,15.6,16.81434,0.0,0.012837148,3.6,3.0856116,0,0
5547,15.5,15.848198,0.0,0.014757081,3.0,3.2567368,0,0
5548,15.6,15.815045,0.0,0.0137507655,2.4,3.1966567,0,0
5549,15.8,15.9375515,0.0,0.01300747,1.8,2.9910226,0,0
5550,16.0,16.448093,0.0,0.008455753,1.1,2.608427,0,0
5551,16.0,17.016247,0.0,0.0011974671,2.0,1.9679748,0,0
5552,16.5,16.668722,0.0,0.006122995,2.6,2.3325744,0,0
5553,16.4,17.566416,0.0,0.0078097368,3.0,2.8759787,0,0
5554,16.8,16.708225,0.0,0.01091277,2.9,3.15656,0,0
5555,16.8,17.04661,0.0,0.009404293,3.5,3.3149407,0,0
5556,17.3,17.49288,0.0,0.0072174766,4.3,3.552346,0,0
5557,17.6,17.479122,0.0,0.007338634,4.3,3.8463907,0,0
5558,17.0,17.201498,0.0,0.007437461,4.3,3.8926027,0,0
5559,16.4,16.543013,0.0,0.007692663,3.6,3.8113995,0,0
5560,15.7,15.840522,0.0,0.009106512,4.2,3.3988404,0,0
5561,15.3,15.251351,0.0,0.010569141,4.4,3.346766,0,0
5562,15.0,14.948231,0.0,0.011214736,3.9,3.6051962,0,0
5563,14.9,14.854142,0.0,0.011106257,4.5,3.719609,0,0
5564,14.5,14.835195,0.0,0.011825329,4.800000000000001,3.9589062,0,0
5565,14.1,14.509436,0.0,0.012912345,3.7,4.1218305,0,0
5566,14.1,14.135893,0.0,0.012721876,4.3,3.8996727,0,0
5567,14.0,14.321605,0.0,0.0123387305,3.9,3.9736986,0,0
5568,13.7,14.243982,0.0,0.011952613,4.3,3.8847048,0,0
5569,13.5,13.928386,0.0,0.012894071,4.4,3.8438447,0,0
5570,13.5,13.803751,0.0,0.0133052245,4.0,3.857305,0,0
5571,13.6,13.768547,0.0,0.013121444,3.8,3.7481081,0,0
5572,13.5,13.7312355,0.0,0.012570995,4.1,3.5799694,0,0
5573,13.2,13.623906,0.0,0.012769217,4.2,3.605175,0,0
5574,13.1,13.588235,0.0,0.012981925,3.6,3.730564,0,0
5575,13.2,13.303156,0.0,0.013425571,3.6,3.5652554,0,0
5576,13.5,13.3594885,0.0,0.013476719,4.800000000000001,3.512592,0,0
5577,13.9,13.681662,0.0,0.013560388,4.2,3.905221,0,0
5578,14.0,13.7058325,0.0,0.01379367,4.4,3.9230003,0,0
5579,14.0,13.799752,0.0,0.013998592,4.4,4.0016537,0,0
5580,13.8,13.806616,0.0,0.014689042,3.4,4.0119243,0,0
5581,13.5,13.782724,0.0,0.016410457,3.5,3.6458693,0,0
5582,13.4,13.814264,0.0,0.016726414,3.6,3.4447536,0,0
5583,13.2,13.998816,0.0,0.016039956,3.5,3.3869023,0,0
5584,13.5,13.88605,0.0,0.015732225,2.4,3.2350698,0,0
5585,13.8,14.091972,0.0,0.01162566,4.1,2.6503084,0,0
5586,14.1,14.63915,0.0,0.01427528,2.2,3.208588,0,0
5587,14.4,14.549782,0.0,0.008911645,2.5,2.5572019,0,0
5588,14.2,14.99671,0.0,0.007834362,2.3,2.4553998,0,0
5589,14.3,14.578485,0.0,0.0096168,1.8,2.2927895,0,0
5590,14.3,14.678155,0.0,0.009166797,2.4,2.0043216,0,0
5591,14.1,14.792669,0.0,0.009590134,2.1,2.204155,0,0
5592,14.0,14.458273,0.0,0.013983643,2.3,2.1816127,0,0
5593,14.2,14.312846,0.0,0.01738775,2.8,2.0769389,0,0
5594,14.2,14.747953,0.0,0.014386662,2.5,2.5527499,0,0
5595,14.3,14.760195,0.0,0.0111923255,2.5,2.487442,0,0
5596,14.5,15.016195,0.0,0.010888666,1.6,2.5345442,0,0
5597,15.4,15.147345,0.0,0.0074476423,3.1,2.124992,0,0
5598,16.4,16.365168,0.0,0.011648524,2.3,2.980694,0,0
5599,16.4,17.102823,0.0,0.009780094,3.7,2.944425,0,0
5600,17.2,17.064987,0.0,0.00950738,3.8,3.3751922,0,0
5601,17.5,17.371494,0.0,0.008436162,3.0,3.559071,0,0
5602,17.6,17.498234,0.0,0.008359066,3.5,3.327093,0,0
5603,17.8,17.528019,0.0,0.007713847,3.2,3.3365188,0,0
5604,17.5,17.478565,0.0,0.007826046,3.7,3.1957304,0,0
5605,16.8,17.237665,0.0,0.008558485,3.6,3.1071734,0,0
5606,16.6,16.637672,0.0,0.010337302,2.9,2.904907,0,0
5607,16.6,16.540491,0.0,0.008207029,2.9,2.6453488,0,0
5608,16.8,16.522095,0.0,0.007792711,1.7,2.5528212,0,0
5609,16.6,16.725233,0.0,0.0012572717,1.1,1.9236085,0,0
5610,16.7,16.581163,0.0,0.003443312,1.7,1.2940135,0,0
5611,16.7,16.748213,0.0,0.0031884867,1.4,1.4693865,0,0
5612,17.0,16.729492,0.0,0.004215014,1.2,1.3576994,0,0
5613,16.9,17.185677,0.0,0.0032994868,1.1,1.3382777,0,0
5614,16.8,17.181473,0.0,0.0034035502,1.7,1.2405494,0,0
5615,16.8,17.072681,0.0,0.0039616125,1.2,1.6007351,0,0
5616,16.9,17.225395,0.0,0.0033287078,1.7,1.3282634,0,0
5617,16.6,16.958603,0.0,0.0049573705,2.2,1.5529573,0,0
5618,15.8,16.67392,0.0,0.007954985,2.1,2.1160753,0,0
5619,16.6,16.903872,0.0,0.0072580907,3.1,2.4480603,0,0
5620,16.3,17.458105,0.0,0.009335617,3.6,3.0851033,0,0
5621,16.6,16.673712,0.0,0.010550172,3.9,3.327139,0,0
5622,15.9,17.079573,0.0,0.008438657,3.5,3.601943,0,0
5623,15.7,16.288559,0.0,0.010545263,4.1,3.480757,0,0
5624,15.9,16.009289,0.0,0.010170517,4.4,3.6150036,0,0
5625,15.9,15.865022,0.0,0.009540178,4.2,3.7394361,0,0
5626,15.3,15.636135,0.0,0.009929359,5.1,3.6568775,0,0
5627,15.2,15.192906,0.0,0.011465549,2.9,3.8958302,0,0
5628,14.8,15.019857,0.0,0.012095463,3.3,3.465096,0,0
5629,14.5,14.799407,0.0,0.014025683,5.6,3.4022841,0,0
5630,13.5,14.76998,0.0,0.014446307,3.3,4.16599,0,0
5631,13.6,13.908433,0.0,0.015034329,3.3,3.5994945,0,0
5632,13.5,13.676269,0.0,0.014320568,2.1,3.3832607,0,0
5633,13.6,13.419343,0.0,0.009356218,2.5,2.7426946,0,0
5634,13.6,13.816359,0.0,0.008226176,3.7,2.68151,0,0
5635,13.4,14.004075,0.0,0.013095971,3.7,3.2652378,0,0
5636,13.4,13.761288,0.0,0.014090894,3.3,3.4848921,0,0
5637,13.4,13.559913,0.0,0.014200537,3.7,3.394241,0,0
5638,13.4,13.657464,0.0,0.014471628,3.5,3.5511122,0,0
5639,13.3,13.553472,0.0,0.014797122,3.7,3.5792162,0,0
5640,13.2,13.347284,0.0,0.015459519,4.1,3.654456,0,0
5641,13.2,13.2725115,0.0,0.015618866,4.800000000000001,3.8577201,0,0
5642,12.9,13.006074,0.0,0.016467432,5.5,4.1022577,0,0
5643,13.4,13.046958,0.0,0.016913123,4.3,4.5094495,0,0
5644,14.3,13.7132635,0.0,0.01597119,5.0,4.4593,0,0
5645,14.8,14.276703,0.0,0.0140981935,3.9,4.5053453,0,0
5646,14.4,14.248139,0.0,0.0129202055,4.0,4.125145,0,0
5647,14.5,14.284297,0.0,0.012458398,3.7,3.9248652,0,0
5648,14.7,14.409538,0.0,0.012028234,4.5,3.7363791,0,0
5649,14.4,14.334513,0.0,0.011624378,3.7,3.6480393,0,0
5650,14.1,13.984866,0.0,0.010673327,2.7,3.248481,0,0
5651,14.4,13.745053,0.0,0.0064162626,3.3,2.69348,0,0
5652,14.3,14.094527,0.0,0.008059418,3.9,2.8415902,0,0
5653,14.3,14.254555,0.0,0.012106138,4.800000000000001,3.174044,0,0
5654,14.4,14.191891,0.0,0.014098882,4.0,3.6190355,0,0
5655,14.4,14.175926,0.0,0.014204682,3.9,3.5619307,0,0
5656,14.5,14.458916,0.0,0.013759498,3.4,3.5628521,0,0
5657,14.7,14.74922,0.0,0.013312749,4.4,3.4038808,0,0
5658,15.0,14.694776,0.0,0.013895924,3.2,3.6150303,0,0
5659,14.9,14.913648,0.0,0.013521966,2.7,3.3559918,0,0
5660,15.2,15.064436,0.0,0.012380118,2.9,2.9848492,0,0
5661,15.3,15.427318,0.0,0.01149695,2.7,2.9199288,0,0
5662,15.3,15.58436,0.0,0.010306564,2.2,2.7703474,0,0
5663,15.4,15.597433,0.0,0.00849496,2.1,2.4595795,0,0
5664,16.1,15.752598,0.0,0.0065381974,2.3,2.2411437,0,0
5665,17.2,16.602833,0.0,0.008923094,3.5,2.4979243,0,0
5666,17.6,17.783854,0.0,0.009621581,3.1,3.280263,0,0
5667,17.8,17.934399,0.0,0.009963654,2.0,3.380049,0,0
5668,18.2,18.206867,0.0,0.009549692,3.1,2.80245,0,0
5669,15.3,18.671741,1.0,0.0075255735,1.2,2.9974942,1,0
5670,15.3,16.7857,1.0,0.87344563,1.8,1.7972779,1,1
5671,15.5,16.461945,1.5,0.5792744,1.7,1.5376459,1,1
5672,15.5,16.011324,1.5,0.8840072,2.5,1.601864,1,1
5673,15.7,15.440755,0.5,0.86159015,1.7,2.0211854,1,1
5674,14.8,16.35644,1.5,0.3943922,4.5,1.7891537,1,1
5675,17.3,14.498628,0.0,1.0158935,4.7,3.2860646,0,1
5676,18.3,16.99026,0.0,0.022394095,5.0,4.058922,0,0
5677,19.4,17.766106,0.0,0.014692999,4.6,4.4204497,0,0
5678,19.2,18.351694,0.0,0.012598791,3.8,4.4043016,0,0
5679,18.9,18.266796,0.0,0.010939917,4.2,4.0573287,0,0
5680,18.6,18.317003,0.0,0.009692913,3.9,3.9347959,0,0
5681,18.2,17.803188,0.0,0.008676261,3.5,3.6227467,0,0
5682,17.9,17.569092,0.0,0.008772918,2.2,3.19527,0,0
5683,17.9,17.588335,0.0,0.0062594838,2.4,2.4267364,0,0
5684,18.1,17.666271,0.0,0.0047733327,2.4,2.2406726,0,0
5685,18.3,17.838371,0.0,0.0050184326,2.3,2.223864,0,0
5686,18.1,17.986643,0.0,0.0065792454,0.30000000000000004,2.2681706,0,0
5687,18.4,17.867117,0.0,0.00891622,1.5,1.3055333,0,0
5688,18.0,18.409193,0.0,0.0030714045,2.5,1.5385649,0,0
5689,17.9,17.60284,0.0,0.0104605295,1.9,2.4473453,0,0
5690,18.0,17.72978,0.0,0.0070488187,1.2,2.2784073,0,0
5691,18.2,17.911064,0.0,0.003346204,1.0,1.6968956,0,0
5692,18.3,18.344294,0.0,0.0037398557,2.3,1.3628919,0,0
5693,18.3,18.09464,0.0,0.0022718944,1.0,1.857917,0,0
5694,17.7,18.416624,0.0,0.0030383763,0.30000000000000004,1.404115,0,0
5695,18.1,18.58145,0.0,0.0025168436,3.1,0.8078387,0,0
5696,18.4,18.103283,0.0,0.0067577595,3.0,2.3187683,0,0
5697,18.5,18.399233,0.0,0.00919476,1.4,2.7649243,0,0
5698,18.6,18.491196,0.0,0.0059039984,1.8,2.1472976,0,0
5699,18.5,18.727459,0.0,0.0017775368,2.8,1.8560127,0,0
5700,18.4,18.281897,0.0,0.009088595,3.0,2.5665514,0,0
5701,17.2,18.293022,0.0,0.009283673,2.4,2.9531074,0,0
5702,17.6,17.728693,0.0,0.010384144,2.9,2.8789423,0,0
5703,18.1,18.029152,0.0,0.008484535,2.1,3.1018672,0,0
5704,18.0,18.301344,0.0,0.008047465,3.7,2.941911,0,0
5705,18.6,18.38208,0.0,0.0065516704,3.7,3.4393919,0,0
5706,19.1,19.088037,0.0,0.005171634,4.0,3.725313,0,0
5707,19.1,19.309387,0.0,0.0046870364,4.9,3.8417256,0,0
5708,19.1,18.78634,0.0,0.006265826,3.7,4.1185217,0,0
5709,18.9,18.482866,0.0,0.005819051,3.3,3.9058013,0,0
5710,18.6,18.246536,0.0,0.004388581,3.3,3.5452971,0,0
5711,17.7,18.03343,0.0,0.0045411247,2.5,3.2490993,0,0
5712,17.1,17.617037,0.0,0.0051242285,2.7,2.7463424,0,0
5713,16.6,17.17909,0.0,0.0048093908,2.7,2.64535,0,0
5714,16.4,16.690935,0.0,0.005935068,2.9,2.6725862,0,0
5715,16.5,16.507763,0.0,0.007300474,2.9,2.7739356,0,0
5716,16.5,16.419075,0.0,0.008346137,2.9,2.8143344,0,0
5717,16.7,16.330194,0.0,0.008992245,3.0,2.7915637,0,0
5718,16.7,16.507439,0.0,0.009570122,3.1,2.8345935,0,0
5719,16.5,16.58621,0.0,0.010382757,2.8,2.892119,0,0
5720,16.6,16.615833,0.0,0.009546105,2.9,2.809359,0,0
5721,16.5,16.902113,0.0,0.009694828,3.8,2.9010038,0,0
5722,16.4,16.859974,0.0,0.010301887,3.3,3.2455325,0,0
5723,16.2,16.583584,0.0,0.011062562,1.8,3.201396,0,0
5724,16.7,16.513842,0.0,0.008258601,1.7,2.414233,0,0
5725,17.3,17.152607,0.0,0.004963466,3.0,2.2180276,0,0
5726,18.5,17.932716,0.0,0.008527502,3.3,2.920181,0,0
5727,19.3,19.17303,0.0,0.0047397017,2.7,3.3933897,0,0
5728,19.3,20.04203,0.0,0.003315043,3.1,3.2161999,0,0
5729,19.2,19.662104,0.0,0.003262889,3.7,3.1700306,0,0
5730,19.1,19.171068,0.0,0.003996052,3.2,3.3383362,0,0
5731,18.8,18.776726,0.0,0.0040435824,4.2,3.1318016,0,0
5732,17.6,18.322472,0.0,0.0047619836,3.2,3.2467484,0,0
5733,17.2,17.353737,0.0,0.007897623,2.7,2.8493924,0,0
5734,16.7,17.241108,0.0,0.0058822534,3.3,2.6100452,0,0
5735,16.5,16.877323,0.0,0.009126134,3.4,2.883001,0,0
5736,16.3,16.470789,0.0,0.011549483,2.9,3.1229136,0,0
5737,16.3,16.125587,0.0,0.013539943,2.9,3.119517,0,0
5738,16.4,16.009478,0.0,0.01343923,3.2,3.129463,0,0
5739,16.2,16.309233,0.0,0.011790573,4.3,3.2971594,0,0
5740,13.0,15.833871,0.0,0.012436162,2.5,3.6941786,0,0
5741,13.4,14.555485,0.0,0.015222864,2.6,3.1971374,0,0
5742,13.4,15.0366745,0.0,0.011036448,2.1,3.1877868,0,0
5743,13.4,14.160752,0.0,0.008684906,2.4,2.822201,0,0
5744,13.5,14.147042,0.0,0.009415311,2.9,2.9510963,0,0
5745,14.7,14.3411665,0.0,0.011310315,3.4,3.2815545,0,0
5746,15.3,15.066964,0.0,0.010817113,4.3,3.6345513,0,0
5747,15.6,15.551703,0.0,0.009670895,5.2,4.0357885,0,0
5748,15.6,15.473709,0.0,0.010883048,4.3,4.3705053,0,0
5749,14.5,15.133135,0.0,0.0108112395,4.4,4.243666,0,0
5750,13.9,14.647288,0.0,0.011243687,3.9,4.135801,0,0
5751,13.8,14.121322,0.0,0.011425416,4.1,3.9075062,0,0
5752,13.6,13.928308,0.0,0.011581933,4.0,3.7756379,0,0
5753,13.0,13.581464,0.0,0.011202918,3.6,3.535758,0,0
5754,12.6,12.986194,0.0,0.008985687,3.1,3.1490874,0,0
5755,12.2,12.731766,0.0,0.0069978405,3.8,2.9521072,0,0
5756,11.8,12.777853,0.0,0.0101214945,2.6,3.3122582,0,0
5757,11.8,11.955545,0.0,0.006578762,3.1,2.834789,0,0
5758,11.700000000000001,11.8911705,0.0,0.0081817815,3.2,2.932271,0,0
5759,11.8,11.823347,0.0,0.009195838,2.7,3.0242252,0,0
5760,11.8,11.745667,0.0,0.007749619,2.7,2.8169537,0,0
5761,11.9,12.074452,0.0,0.00730954,3.0,2.7779257,0,0
5762,11.9,11.919075,0.0,0.008219486,2.6,2.8030198,0,0
5763,12.3,12.070425,0.0,0.0065637627,3.1,2.6312864,0,0
5764,12.2,12.851492,0.0,0.008600847,3.2,2.8936296,0,0
5765,11.9,12.458612,0.0,0.009257786,2.8,2.9112544,0,0
5766,11.9,12.139777,0.0,0.00820447,2.4,2.7173574,0,0
5767,12.2,12.2605915,0.0,0.0067196065,2.0,2.5701106,0,0
5768,13.6,12.545277,0.0,0.004292179,3.3,2.3218951,0,0
5769,15.5,14.432511,0.0,0.010574014,3.4,3.123198,0,0
5770,17.3,15.88816,0.0,0.009936444,2.9,3.4621687,0,0
5771,18.3,17.395441,0.0,0.006922215,3.8,3.345039,0,0
5772,19.6,18.03405,0.0,0.0057109264,3.2,3.5837643,0,0
5773,20.5,18.961142,0.0,0.0039465628,3.1,3.4471147,0,0
5774,20.3,19.450272,0.0,0.0024245754,2.1,3.2509046,0,0
5775,20.1,19.133356,0.0,0.003922724,2.1,2.722616,0,0
5776,19.1,19.031702,0.0,0.0012336539,1.1,2.2120328,0,0
5777,18.3,18.356604,0.0,-0.0036690996,1.8,1.4342455,0,0
5778,17.8,17.606693,0.0,-0.0029927834,0.7,1.4391232,0,0
5779,17.6,17.101463,0.0,-0.0040268945,1.8,0.9487325,0,0
5780,17.3,17.414032,0.0,-0.0028663273,1.9,1.4048151,0,0
5781,17.3,17.536661,0.0,-0.004301563,1.9,1.6351411,0,0
5782,17.1,17.547329,0.0,-0.002824325,1.4,1.76327,0,0
5783,16.9,17.169073,0.0,-0.0007636858,0.7,1.457547,0,0
5784,16.7,17.194994,0.0,-0.001152334,0.30000000000000004,0.92547834,0,0
5785,16.4,16.902906,0.0,-0.00013138854,0.30000000000000004,0.63503325,0,0
5786,16.5,16.41413,0.0,0.0035068095,0.19999999999999996,0.5651779,0,0
5787,16.6,16.419716,0.0,0.0023898543,0.30000000000000004,0.51558983,0,0
5788,16.5,16.80282,0.0,0.0023316178,0.19999999999999996,0.4909333,0,0
5789,16.8,17.077927,0.0,0.002197017,0.7,0.5092032,0,0
5790,16.1,17.564846,0.0,0.0017347588,1.0,0.6246221,0,0
5791,16.1,16.67025,0.0,0.0074279993,0.0,0.893144,0,0
5792,16.5,17.205034,0.0,0.0017239182,0.0,0.57449484,0,0
5793,16.9,17.699316,0.0,0.002164861,0.8,0.5205804,0,0
5794,17.4,17.876856,0.0,0.004039311,1.9,0.8975426,0,0
5795,16.9,18.66376,0.0,9.232567e-05,1.3,1.988257,0,0
5796,16.9,17.597033,0.0,-0.0020311037,1.2,1.7227358,0,0
5797,17.2,17.798815,0.0,-0.0031887481,1.3,1.6062567,0,0
5798,17.9,18.074862,0.0,-0.0038022005,0.9,1.5706195,0,0
5799,18.2,18.327406,0.0,-0.0029220672,2.1,1.3109152,0,0
5800,17.8,18.38153,0.0,-0.004079976,1.7,1.552953,0,0
5801,17.5,17.987005,0.0,-0.0036317264,1.6,1.421524,0,0
5802,17.0,17.594793,0.0,-0.003225458,1.8,1.281259,0,0
5803,17.1,17.021927,0.0,-0.0015337155,1.9,1.4058355,0,0
5804,17.2,17.101429,0.0,-0.0014664669,1.7,1.5671684,0,0
5805,17.1,17.221842,0.0,-0.00041959446,0.9,1.4593703,0,0
5806,17.2,17.28818,0.0,-0.0008409012,0.9,0.95853835,0,0
5807,16.9,17.514008,0.0,-0.00048751663,1.3,0.8322499,0,0
5808,16.4,17.255747,0.0,0.001497522,1.5,1.1073725,0,0
5809,16.4,17.36272,0.0,0.0005618621,1.1,1.3715627,0,0
5810,16.3,17.10706,0.0,0.00029121977,1.1,1.1006883,0,0
5811,16.1,16.805538,0.0,0.001463542,0.8,1.0176967,0,0
5812,15.8,17.058361,0.0,-0.00070443755,1.2,0.79332185,0,0
5813,16.0,16.19222,0.0,0.0032673741,1.1,1.0131861,0,0
5814,16.4,17.184113,0.0,-0.0008989391,1.0,1.0506839,0,0
5815,16.5,16.99449,0.0,0.0016606678,1.5,1.0475681,0,0
5816,16.6,17.177324,0.0,0.002302243,1.9,1.4342346,0,0
5817,18.0,17.202528,0.0,0.002584776,2.9,1.9309042,0,0
5818,18.4,19.053167,0.0,0.0057147485,2.9,2.9577966,0,0
5819,19.2,19.451807,0.0,0.0035847798,3.0,3.1271935,0,0
5820,19.1,19.890093,0.0,0.0031904902,4.4,3.2214448,0,0
5821,19.0,19.645363,0.0,0.0045414725,4.9,3.7189217,0,0
5822,19.1,19.164848,0.0,0.005354654,3.7,3.9636402,0,0
5823,18.3,18.603422,0.0,0.0044268365,4.0,3.6874657,0,0
5824,17.7,17.842613,0.0,0.0047481763,3.3,3.4617753,0,0
5825,16.9,17.155115,0.0,0.0067097363,3.1,2.9697547,0,0
5826,16.3,16.573273,0.0,0.0047113984,2.6,2.6264052,0,0
5827,15.9,16.042694,0.0,0.002594946,2.7,2.374968,0,0
5828,15.6,15.824233,0.0,0.0036506085,2.8,2.4325423,0,0
5829,15.4,15.586778,0.0,0.005510172,2.5,2.5665922,0,0
5830,15.1,15.316446,0.0,0.005209151,2.2,2.4848638,0,0
5831,14.8,14.692342,0.0,0.003540489,2.4,2.1972024,0,0
5832,14.8,14.458173,0.0,0.003914085,2.2,2.1732278,0,0
5833,14.9,14.442596,0.0,0.0036927129,1.6,2.0565665,0,0
5834,15.4,14.279946,0.0,0.0034447697,2.0,1.6524346,0,0
5835,15.5,15.213213,0.0,0.0025542248,1.8,1.7342374,0,0
5836,15.7,15.405951,0.0,0.00226166,2.0,1.7318022,0,0
5837,15.6,15.839856,0.0,0.002352543,2.1,1.860211,0,0
5838,15.9,15.895636,0.0,0.0039235023,1.9,1.972186,0,0
5839,16.3,16.18479,0.0,0.004253697,1.6,1.929699,0,0
5840,16.7,16.560308,0.0,0.004408569,2.0,1.7718723,0,0
5841,17.5,17.323772,0.0,0.00631715,1.8,2.083275,0,0
5842,18.3,18.262638,0.0,0.0039118524,1.8,2.0226927,0,0
5843,16.2,19.06754,1.5,0.0039276723,0.0,2.0426843,1,0
5844,16.2,17.500925,1.0,0.85871196,0.30000000000000004,1.0766968,1,1
5845,16.1,17.308922,0.5,0.6686914,0.0,0.9003432,1,1
5846,16.1,17.378763,2.5,0.43405423,1.5,0.77762294,1,1
5847,15.7,16.705442,1.5,1.0128274,2.8,1.0344626,1,1
5848,16.1,15.3755,0.5,0.83600104,2.5,1.9581996,1,1
5849,16.7,15.825851,0.0,0.10120123,2.6,2.3366785,0,0
5850,17.3,16.353745,0.0,0.02525192,2.9,2.7654705,0,0
5851,17.6,17.061754,0.0,0.013556642,3.5,2.9771762,0,0
5852,18.2,17.356041,0.0,0.012103781,3.0,3.2236876,0,0
5853,18.5,18.028057,0.0,0.010038378,4.0,3.1236033,0,0
5854,18.8,18.329596,0.0,0.008061657,3.3,3.374423,0,0
5855,19.4,18.229643,0.0,0.0073905904,2.3,3.2129254,0,0
5856,19.2,18.655516,0.0,0.0064151273,2.3,2.626834,0,0
5857,18.6,18.743208,0.0,0.0024074314,3.1,2.1567583,0,0
5858,18.0,18.281008,0.0,0.0054386263,2.1,2.3400154,0,0
5859,17.7,17.915071,0.0,0.0022401433,1.7,2.0083756,0,0
5860,17.9,17.908316,0.0,0.0025679204,2.9,1.888789,0,0
5861,17.5,18.008234,0.0,0.009484057,3.7,2.5616784,0,0
5862,16.6,17.039677,0.0,0.014939718,3.7,3.0585957,0,0
5863,16.3,15.954362,0.0,0.026774883,3.5,3.228037,0,0
5864,16.5,15.896995,0.0,0.01952238,3.7,3.3270385,0,0
5865,16.2,16.242945,0.0,0.014005896,3.4,3.4730709,0,0
5866,16.0,15.933421,0.0,0.015174084,4.3,3.3573756,0,0
5867,15.6,15.962242,0.0,0.014139491,3.2,3.66527,0,0
5868,16.2,15.712402,0.0,0.014334978,3.4,3.455604,0,0
5869,16.1,17.002478,0.0,0.009561464,3.0,3.582941,0,0
5870,16.0,16.534042,0.0,0.010775979,2.5,3.3158295,0,0
5871,16.0,16.16909,0.0,0.0121431,3.8,2.9802184,0,0
5872,16.3,16.288254,0.0,0.012215948,3.5,3.463446,0,0
5873,16.7,16.4386,0.0,0.011457402,2.8,3.6200345,0,0
5874,17.7,16.448673,0.0,0.01263562,4.9,3.3695889,0,0
5875,17.5,18.065498,0.0,0.01063053,4.1,4.2314334,0,0
5876,17.0,17.361929,0.0,0.011270351,5.1,4.159303,0,0
5877,16.8,17.12497,0.0,0.011702426,4.800000000000001,4.397845,0,0
5878,17.7,16.529274,0.0,0.012660898,5.1,4.3320594,0,0
5879,17.5,17.074806,0.0,0.0112037705,3.0,4.4581103,0,0
5880,17.0,16.521942,0.0,0.0097080115,4.4,3.6434224,0,0
5881,16.7,16.506704,0.0,0.009460368,3.1,3.704757,0,0
5882,16.4,16.259964,0.0,0.009599842,3.6,3.287826,0,0
5883,16.0,16.054321,0.0,0.011331954,4.0,3.3098774,0,0
5884,15.9,15.920548,0.0,0.011556153,3.6,3.5147307,0,0
5885,16.2,15.859659,0.0,0.011524101,4.0,3.4557092,0,0
5886,16.6,16.104563,0.0,0.010700627,3.2,3.603581,0,0
5887,16.7,16.736256,0.0,0.0088407025,4.2,3.4518297,0,0
5888,16.2,16.84184,0.0,0.00936466,4.5,3.6533928,0,0
5889,16.0,16.102135,0.0,0.011478737,5.5,3.6748517,0,0
5890,15.9,16.04702,0.0,0.011850712,3.8,3.9891043,0,0
5891,15.9,15.980312,0.0,0.0104716085,3.5,3.7069013,0,0
5892,16.3,15.842921,0.0,0.011077232,3.5,3.379667,0,0
5893,16.2,15.964192,0.0,0.010775392,3.1,3.234477,0,0
5894,16.6,15.942854,0.0,0.010371531,3.3,3.007616,0,0
5895,16.7,16.086233,0.0,0.013865424,3.7,3.0523,0,0
5896,17.7,16.372166,0.0,0.01296179,4.5,3.4396286,0,0
5897,18.4,17.935822,0.0,0.011254233,3.4,4.1828213,0,0
5898,19.5,17.6947,0.0,0.012330061,4.2,3.883411,0,0
5899,20.5,19.405394,0.0,0.010033227,3.6,4.2548556,0,0
5900,21.4,20.03215,0.0,0.008012129,2.7,4.0981245,0,0
5901,21.0,20.643272,0.0,0.0052733934,4.1,3.6407378,0,0
5902,21.4,20.463757,0.0,0.0049702753,2.9,3.747846,0,0
5903,20.9,20.28071,0.0,0.0035774894,2.4,3.255177,0,0
5904,20.2,19.743877,0.0,0.0045244303,3.0,2.6924949,0,0
5905,19.5,19.392715,0.0,0.004802211,2.1,2.561455,0,0
5906,18.5,18.901514,0.0,-0.0002484224,2.0,1.9734317,0,0
5907,18.3,18.1968,0.0,-0.0012703124,1.1,1.7461431,0,0
5908,17.8,18.190302,0.0,-0.0016460402,0.30000000000000004,1.323845,0,0
5909,17.8,18.055843,0.0,0.0002514527,0.6000000000000001,0.88846856,0,0
5910,17.8,17.741232,0.0,4.1062256e-05,1.3,0.68423426,0,0
5911,16.6,17.958952,0.0,0.0008392178,0.9,0.88759863,0,0
5912,16.2,16.684992,0.0,0.0043000733,0.6000000000000001,0.7729112,0,0
5913,15.4,16.586409,0.0,0.010194,0.5,0.7653029,0,0
5914,16.4,16.128454,0.0,0.0085879145,1.1,0.6942123,0,0
5915,16.5,17.317558,0.0,0.002612646,0.7,0.8629291,0,0
5916,16.2,16.777199,0.0,0.0034913968,0.8,0.7007686,0,0
5917,16.5,16.554602,0.0,0.0060541937,0.8,0.7395332,0,0
5918,16.2,17.254879,0.0,0.002465187,0.10000000000000009,0.77061784,0,0
5919,16.0,17.504066,0.0,0.0013565946,0.8,0.6378741,0,0
5920,17.0,17.45374,0.0,0.0016745041,0.10000000000000009,0.775336,0,0
5921,18.4,18.218729,0.0,0.0017832131,0.7,0.67148423,0,0
5922,18.8,19.084862,0.0,0.002471155,0.3999999999999999,0.72983,0,0
5923,19.8,19.829443,0.0,0.0033637495,1.7,0.7993792,0,0
5924,18.1,20.92212,0.0,0.00048149168,1.4,1.4743793,0,0
5925,17.7,18.01205,0.0,0.0030969267,2.2,1.4204947,0,0
5926,17.3,18.415361,0.0,-0.0024850462,2.7,1.7441576,0,0
5927,17.5,17.465559,0.0,0.00030334547,2.4,2.0303996,0,0
5928,17.4,17.440516,0.0,0.0014374459,2.2,2.1353,0,0
5929,17.1,17.253113,0.0,-0.0014985276,1.9,1.7947115,0,0
5930,16.5,17.05409,0.0,5.7238263e-05,1.0,1.6426857,0,0
5931,16.3,16.876375,0.0,0.001004926,1.3,1.1726454,0,0
5932,16.2,16.455679,0.0,0.0034881139,1.3,1.1920087,0,0
5933,16.2,16.556227,0.0,0.0033593273,1.8,1.2460988,0,0
5934,16.4,16.523726,0.0,0.0040657446,1.3,1.7793854,0,0
5935,16.2,16.73189,0.0,0.0024225926,0.8,1.5496216,0,0
5936,16.2,16.782042,0.0,0.0014974549,1.3,1.0390081,0,0
5937,16.2,16.846788,0.0,0.0022086466,1.3,1.1767251,0,0
5938,16.0,16.790869,0.0,0.0022094753,1.1,1.2823266,0,0
5939,15.6,16.866806,0.0,0.0009977329,1.0,1.2786281,0,0
5940,15.3,16.310719,0.0,0.0022941555,0.3999999999999999,1.098175,0,0
5941,15.2,16.363104,0.0,0.0006962023,1.1,0.71601295,0,0
5942,14.6,16.45093,0.0,0.0009962338,1.1,0.98076147,0,0
5943,14.3,15.58966,0.0,0.004410736,0.8,1.1867781,0,0
5944,15.6,15.935783,0.0,0.0011792363,2.0,1.0557541,0,0
5945,17.0,17.384203,0.0,0.00020960806,2.6,2.1285284,0,0
5946,18.0,18.130283,0.0,0.006132815,3.9,2.9470727,0,0
5947,18.8,18.624233,0.0,0.0046062074,4.0,3.6007094,0,0
5948,18.8,18.835344,0.0,0.005396092,4.3,3.9067037,0,0
5949,18.5,18.688774,0.0,0.006140064,4.800000000000001,4.047887,0,0
5950,18.6,18.483044,0.0,0.0065321005,4.0,4.142294,0,0
5951,18.5,18.202156,0.0,0.0057472014,4.4,3.946019,0,0
5952,18.0,17.74722,0.0,0.005021432,3.7,3.7986622,0,0
5953,17.0,17.094597,0.0,0.005692651,3.9,3.3520765,0,0
5954,16.2,16.42941,0.0,0.007475483,2.4,3.1379108,0,0
5955,16.0,15.661318,0.0,0.004830068,2.8,2.4715095,0,0
5956,15.5,15.671344,0.0,0.005641846,4.1,2.6298504,0,0
5957,15.6,15.516566,0.0,0.010979972,4.0,3.2749715,0,0
5958,15.2,15.412501,0.0,0.011260982,3.5,3.4890864,0,0
5959,14.8,15.060551,0.0,0.011986228,4.3,3.363647,0,0
5960,14.7,15.17593,0.0,0.012169433,3.4,3.5908296,0,0
5961,14.6,14.6860895,0.0,0.012330968,3.2,3.322591,0,0
5962,14.6,14.747583,0.0,0.010908154,3.4,3.1422086,0,0
5963,14.4,14.960259,0.0,0.010810915,3.0,3.177834,0,0
5964,14.2,14.450327,0.0,0.00936413,3.3,2.9595456,0,0
5965,14.1,14.333868,0.0,0.009568181,3.2,2.9540284,0,0
5966,14.1,14.16965,0.0,0.009765699,2.7,2.9156263,0,0
5967,14.2,14.157039,0.0,0.007523821,2.5,2.6918998,0,0
5968,14.9,14.365455,0.0,0.0076636495,3.0,2.648585,0,0
5969,16.4,15.252065,0.0,0.011355134,3.5,3.046294,0,0
5970,17.7,16.737879,0.0,0.009653047,2.9,3.552126,0,0
5971,18.9,17.875664,0.0,0.0073888716,2.2,3.4917195,0,0
5972,19.3,18.71237,0.0,0.0053490885,3.5,3.1483254,0,0
5973,20.1,19.370308,0.0,0.005274603,2.7,3.4715436,0,0
5974,19.6,19.402536,0.0,0.003501815,2.9,3.1694198,0,0
5975,18.8,18.753054,0.0,0.0054514655,3.1,2.9497309,0,0
5976,18.0,18.14541,0.0,0.006915985,2.3,2.7325795,0,0
5977,16.8,17.635664,0.0,0.0035810145,2.7,2.320682,0,0
5978,16.4,16.851051,0.0,0.0050411774,2.7,2.386525,0,0
5979,16.2,16.535004,0.0,0.007175805,1.9,2.5774207,0,0
5980,16.1,16.271635,0.0,0.005053758,2.0,2.2768288,0,0
5981,16.0,16.27794,0.0,0.004673499,2.4,2.2598352,0,0
5982,15.8,16.167809,0.0,0.0058261775,1.2,2.3914583,0,0
5983,15.6,15.675487,0.0,0.0008334835,2.1,1.6966406,0,0
5984,15.6,15.575729,0.0,0.0021577228,1.9,1.8999963,0,0
5985,15.5,15.554472,0.0,0.0014061275,1.3,1.8406054,0,0
5986,15.6,15.283719,0.0,0.0024708188,1.6,1.4286928,0,0
5987,15.6,15.413439,0.0,0.0031925081,1.2,1.4101292,0,0
5988,15.5,15.537939,0.0,0.004480555,0.3999999999999999,1.2726071,0,0
5989,15.5,15.7091875,0.0,0.0026090455,1.0,0.8698015,0,0
5990,15.4,16.029902,0.0,0.003149509,0.9,1.0479034,0,0
5991,15.7,15.996841,0.0,0.0035175947,1.5,1.0491687,0,0
5992,18.7,16.869768,0.0,0.008070591,1.7,1.6682509,0,0
5993,19.5,19.468529,0.0,9.01052e-05,2.4,1.8050545,0,0
5994,19.8,20.184296,0.0,0.0059209326,2.3,2.3648682,0,0
5995,19.1,19.659355,0.0,0.005873425,3.1,2.4012117,0,0
5996,18.4,18.615852,0.0,0.009736452,3.4,2.5939841,0,0
5997,17.7,18.10718,0.0,0.01100417,2.6,2.8332245,0,0
5998,16.9,17.796337,0.0,0.010651983,2.8,2.7050853,0,0
5999,16.8,16.91598,0.0,0.013947259,1.8,2.7005725,0,0
6000,16.5,16.914707,0.0,0.010022416,2.0,2.3345098,0,0
6001,16.6,16.711407,0.0,0.009210937,1.5,2.2605495,0,0
6002,16.7,17.209383,0.0,0.005555689,1.5,2.100941,0,0
6003,16.6,17.359276,0.0,0.004154614,1.7,2.0369804,0,0
6004,16.4,17.013834,0.0,0.005381208,2.2,2.1040435,0,0
6005,16.4,16.73798,0.0,0.007859824,2.5,2.359936,0,0
6006,16.0,16.666075,0.0,0.009011615,2.8,2.5864222,0,0
6007,15.4,16.259205,0.0,0.010332575,3.9,2.7400024,0,0
6008,15.6,15.665313,0.0,0.012893792,2.5,3.1978118,0,0
6009,15.7,16.183723,0.0,0.009976645,3.0,3.0155797,0,0
6010,15.5,16.053402,0.0,0.010621304,2.6,3.0257502,0,0
6011,15.4,15.692163,0.0,0.009688933,1.4,2.820655,0,0
6012,15.9,15.368873,0.0,0.0054706773,2.2,2.1352282,0,0
6013,16.6,16.742477,0.0,0.007980015,3.9,2.6041899,0,0
6014,17.0,17.3206,0.0,0.008817308,3.8,3.4541633,0,0
6015,16.8,17.43359,0.0,0.008895567,3.6,3.7562268,0,0
6016,17.1,17.0934,0.0,0.008589057,3.8,3.7387214,0,0
6017,17.4,16.998549,0.0,0.0084899105,4.9,3.7652378,0,0
6018,17.0,17.242231,0.0,0.0086399885,4.800000000000001,4.085252,0,0
6019,15.9,16.654839,0.0,0.009092993,3.8,4.0705857,0,0
6020,14.7,15.599707,0.0,0.010668753,5.4,3.5854902,0,0
6021,13.7,14.815334,0.0,0.01285978,4.9,3.7856612,0,0
6022,13.4,13.935572,0.0,0.015525755,4.4,3.8825908,0,0
6023,13.5,13.634916,0.0,0.015251306,4.4,3.9939272,0,0
6024,13.2,13.59726,0.0,0.016400727,5.1,4.073681,0,0
6025,13.1,13.514816,0.0,0.016852688,4.4,4.3939075,0,0
6026,13.0,13.101109,0.0,0.016437741,4.4,4.3396316,0,0
6027,12.8,13.017387,0.0,0.01583678,4.5,4.311869,0,0
6028,12.9,12.8545,0.0,0.015641807,4.0,4.310919,0,0
6029,12.6,12.615116,0.0,0.015962403,4.800000000000001,4.1513934,0,0
6030,12.0,12.3776865,0.0,0.016711634,5.0,4.282325,0,0
6031,12.1,12.531084,0.0,0.016550628,2.9,4.4932437,0,0
6032,12.1,12.648074,0.0,0.015060106,4.0,3.979527,0,0
6033,11.9,12.519825,0.0,0.01519428,3.7,3.9494896,0,0
6034,11.600000000000001,11.942704,0.0,0.015942417,4.2,3.8219554,0,0
6035,11.2,11.625371,0.0,0.017241813,4.800000000000001,3.935454,0,0
6036,11.5,11.47221,0.0,0.017812325,4.5,4.199905,0,0
6037,12.0,11.600493,0.0,0.017645258,2.6,4.293736,0,0
6038,12.3,12.210433,0.0,0.015984751,5.3,3.8698795,0,0
6039,12.4,12.64511,0.0,0.01527444,3.7,4.3727283,0,0
6040,12.0,12.554727,0.0,0.015251054,4.3,4.1726537,0,0
6041,12.4,12.5816,0.0,0.0152972955,3.1,4.132499,0,0
6042,12.7,12.896688,0.0,0.014018636,5.0,3.871067,0,0
6043,12.5,13.146061,0.0,0.013128815,5.2,4.120185,0,0
6044,12.3,12.67206,0.0,0.013545666,3.9,4.136305,0,0
6045,12.0,12.379383,0.0,0.012902334,3.8,3.7560847,0,0
6046,11.8,12.060206,0.0,0.011436527,4.1,3.4549327,0,0
6047,12.0,11.803084,0.0,0.012465875,3.8,3.4994512,0,0
6048,12.1,12.000826,0.0,0.0132307075,3.0,3.598942,0,0
6049,12.2,12.177901,0.0,0.011596544,3.8,3.3210351,0,0
6050,12.4,12.357684,0.0,0.01364949,3.7,3.502411,0,0
6051,12.4,12.69205,0.0,0.014016513,5.0,3.5887678,0,0
6052,12.4,12.859188,0.0,0.014429218,4.0,3.981171,0,0
6053,12.5,12.820977,0.0,0.014416554,4.1,3.8704984,0,0
6054,12.5,12.8617115,0.0,0.014162456,4.0,3.8088777,0,0
6055,12.1,12.792299,0.0,0.014109984,2.6,3.7416618,0,0
6056,12.0,12.583108,0.0,0.011265996,4.2,3.141126,0,0
6057,12.3,12.507236,0.0,0.01438661,3.6,3.4798944,0,0
6058,12.8,12.714105,0.0,0.014275431,4.0,3.5911665,0,0
6059,13.5,13.149543,0.0,0.014548295,2.9,3.8200753,0,0
6060,14.1,13.936935,0.0,0.013397674,3.4,3.620194,0,0
6061,14.8,14.692211,0.0,0.012251839,3.3,3.6665874,0,0
6062,14.7,15.222869,0.0,0.0108051235,3.5,3.6392398,0,0
6063,13.8,14.581329,0.0,0.012411408,3.2,3.524852,0,0
6064,12.8,13.911623,0.0,0.012137802,3.5,3.2427397,0,0
6065,12.4,13.395953,0.0,0.011995095,3.7,3.0982888,0,0
6066,12.6,13.032913,0.0,0.0124003915,3.1,3.1123524,0,0
6067,12.8,13.29638,0.0,0.011270915,2.7,3.0736566,0,0
6068,12.1,13.544897,0.0,0.010113449,3.5,2.9236865,0,0
6069,11.9,12.769135,0.0,0.014727228,3.2,3.161399,0,0
6070,11.9,12.895699,0.0,0.014670829,2.0,3.344583,0,0
6071,12.1,12.831176,0.0,0.010538656,2.5,2.846262,0,0
6072,12.4,12.965789,0.0,0.010313577,1.3,2.8567924,0,0
6073,12.6,13.332266,0.0,0.0035328812,1.7,2.2943428,0,0
6074,12.4,13.583423,0.0,0.00200618,1.0,2.1940749,0,0
6075,12.3,12.625971,0.0,0.0010648087,1.1,1.4462627,0,0
6076,12.4,12.442165,0.0,0.0023368304,0.7,1.2209553,0,0
6077,12.0,12.922354,0.0,0.0010726365,1.3,0.9817396,0,0
6078,12.6,12.47536,0.0,0.0040126317,1.6,1.33735,0,0
6079,12.6,13.5337105,0.0,0.0012352912,0.9,1.7433364,0,0
6080,12.2,13.935614,0.0,-0.00058322767,1.8,1.4766982,0,0
6081,12.4,13.561866,0.0,0.0033137645,1.3,2.055928,0,0
6082,14.0,14.154207,0.0,0.0011765473,2.5,2.11155,0,0
6083,15.2,16.245668,0.0,0.00812435,2.9,3.0379405,0,0
6084,15.7,16.318087,0.0,0.008512193,3.5,3.3136232,0,0
6085,16.8,16.619026,0.0,0.006915869,2.9,3.6189942,0,0
6086,17.3,16.795937,0.0,0.0068856403,4.3,3.4673142,0,0
6087,17.0,17.231901,0.0,0.0049694553,4.1,3.7633955,0,0
6088,16.8,16.361774,0.0,0.0055070855,3.8,3.7204266,0,0
6089,16.3,15.945966,0.0,0.007447527,4.2,3.5381315,0,0
6090,15.5,15.364384,0.0,0.007762635,3.2,3.5356572,0,0
6091,14.1,15.270247,0.0,0.0069215596,1.6,3.087207,0,0
6092,13.7,14.305439,0.0,-0.0003349729,1.9,2.2184763,0,0
6093,13.7,13.603333,0.0,-0.0017439611,4.7,2.110141,0,0
6094,13.7,14.073812,0.0,0.009273547,2.9,3.307538,0,0
6095,14.1,13.365508,0.0,0.0061898367,3.7,2.9783282,0,0
6096,13.8,13.953446,0.0,0.009564395,2.4,3.396811,0,0
6097,13.7,13.294641,0.0,0.0055127195,3.5,2.8457413,0,0
6098,12.9,13.410165,0.0,0.008000004,1.8,3.106135,0,0
6099,12.7,12.38905,0.0,0.00013612147,1.1,2.2014728,0,0
6100,10.400000000000002,12.161143,0.0,-0.0022604011,0.9,1.5615742,0,0
6101,9.0,10.837339,0.0,0.002189561,0.19999999999999996,1.1633871,0,0
6102,8.499999999999998,10.12925,0.0,0.0031322367,0.6000000000000001,0.91037416,0,0
6103,8.300000000000002,9.638578,0.0,0.0033719612,0.30000000000000004,0.8692576,0,0
6104,8.300000000000002,9.416474,0.0,0.0043282905,0.10000000000000009,0.80210626,0,0
6105,10.600000000000001,9.470655,0.0,0.004442185,0.0,0.76999724,0,0
6106,14.0,10.951782,0.0,0.0009864452,0.8,0.7232703,0,0
6107,17.6,17.622913,0.0,-0.004757954,1.7,1.0551792,0,0
6108,19.6,20.951088,0.0,0.0030676005,2.1,1.9574848,0,0
6109,20.9,21.101845,0.0,0.0051662824,2.6,2.5204384,0,0
6110,20.9,21.15834,0.0,0.0041656718,2.2,2.8471117,0,0
6111,20.9,20.542606,0.0,0.0043079485,1.8,2.6290488,0,0
6112,20.6,20.32477,0.0,0.004573742,2.5,2.3731053,0,0
6113,19.9,19.622734,0.0,0.0038833772,2.7,2.443917,0,0
6114,18.7,19.007502,0.0,0.0014925937,2.6,2.292273,0,0
6115,16.9,18.029821,0.0,-0.0022359886,1.4,2.0512505,0,0
6116,15.6,16.522821,0.0,-0.0035500086,1.4,1.4116806,0,0
6117,14.9,15.317264,0.0,-0.0021174627,1.1,1.2180679,0,0
6118,14.7,14.5307455,0.0,-0.0015453985,0.9,1.0842472,0,0
6119,13.8,14.131671,0.0,-0.0023324687,0.30000000000000004,0.86431646,0,0
6120,13.1,12.7291975,0.0,0.0017016925,0.5,0.71716344,0,0
6121,13.1,12.445735,0.0,0.0029248942,0.8,0.6662704,0,0
6122,13.0,12.662559,0.0,0.0015826082,1.0,0.667037,0,0
6123,12.3,12.8200865,0.0,0.0021514208,0.7,0.825114,0,0
6124,12.2,12.087137,0.0,0.0036344042,1.1,0.7619133,0,0
6125,12.5,12.227229,0.0,0.0033479196,0.5,0.8469839,0,0
6126,12.2,12.9762335,0.0,0.0009059549,0.8,0.6925677,0,0
6127,11.700000000000001,12.772583,0.0,0.003806117,1.2,0.863563,0,0
6128,11.700000000000001,12.4307785,0.0,0.0048833517,1.2,1.0946273,0,0
6129,12.9,12.535943,0.0,0.0053901225,1.0,1.2644486,0,0
6130,15.7,14.202681,0.0,0.0030330252,0.6000000000000001,1.3826423,0,0
6131,18.7,19.263308,0.0,-0.001045986,0.19999999999999996,1.1303471,0,0
6132,20.9,22.224081,0.0,0.004889203,0.7,1.0985148,0,0
6133,21.5,22.673517,0.0,0.005907566,1.9,1.310118,0,0
6134,20.0,22.39332,0.0,0.008190323,1.6,1.8574158,0,0
6135,19.7,20.549198,0.0,0.0012571114,1.2,1.7426355,0,0
6136,19.2,20.473923,0.0,-0.0011119045,1.9,1.466273,0,0
6137,19.2,19.138308,0.0,-0.0027290925,1.4,1.4779886,0,0
6138,18.0,18.422659,0.0,-0.0017059245,1.9,1.0810921,0,0
6139,17.1,16.961096,0.0,0.008798826,0.3999999999999999,1.1805751,0,0
6140,17.0,16.22196,0.0,0.007954189,0.8,0.7185502,0,0
6141,17.0,16.535065,0.0,0.0026194663,0.8,0.69383323,0,0
6142,16.9,16.588703,0.0,0.0071349996,0.30000000000000004,0.7881994,0,0
6143,16.8,16.879786,0.0,0.0013137864,0.30000000000000004,0.56461704,0,0
6144,16.9,16.764086,0.0,0.005371253,1.2,0.58430314,0,0
6145,16.9,17.123493,0.0,0.0032160266,1.1,0.8246558,0,0
6146,14.4,17.203085,0.0,0.0031837032,4.6,0.9931528,0,0
6147,14.2,15.225181,0.0,0.011721069,5.1,3.4254117,0,0
6148,13.9,14.900618,0.0,0.012162534,4.9,3.9808848,0,0
6149,13.4,14.309601,0.0,0.0131030185,5.2,4.1300473,0,0
6150,13.6,13.834852,0.0,0.013959849,3.5,4.2535725,0,0
6151,13.5,13.593076,0.0,0.013797642,3.7,3.8642037,0,0
6152,13.3,13.513614,0.0,0.013978629,2.8,3.7641387,0,0
6153,13.1,13.490957,0.0,0.013078921,3.0,3.4548173,0,0
6154,12.9,13.419121,0.0,0.012877836,2.9,3.3582115,0,0
6155,12.4,13.356913,0.0,0.012130115,2.2,3.3008177,0,0
6156,12.1,12.708193,0.0,0.009245774,2.4,2.8664465,0,0
6157,12.3,12.527841,0.0,0.0086158095,3.4,2.801526,0,0
6158,12.2,13.0857,0.0,0.01141987,4.2,3.254598,0,0
6159,12.1,12.748243,0.0,0.013563541,3.4,3.599917,0,0
6160,12.0,12.526092,0.0,0.012768868,3.6,3.4769328,0,0
6161,11.5,12.423314,0.0,0.012849636,2.7,3.4405043,0,0
6162,11.600000000000001,11.852362,0.0,0.009715621,3.5,2.9876084,0,0
6163,11.600000000000001,12.268371,0.0,0.010820035,3.2,3.1730971,0,0
6164,11.5,12.131543,0.0,0.009810293,3.1,3.079321,0,0
6165,11.700000000000001,11.973549,0.0,0.009235469,2.5,2.9863484,0,0
6166,12.7,12.159516,0.0,0.007949893,3.1,2.8220341,0,0
6167,13.8,13.189688,0.0,0.011566388,3.6,3.224373,0,0
6168,15.3,14.489815,0.0,0.012217575,4.0,3.6248784,0,0
6169,16.2,15.519739,0.0,0.010350048,4.800000000000001,3.8595908,0,0
6170,16.2,16.039642,0.0,0.009987639,4.6,4.1186967,0,0
6171,14.9,15.800106,0.0,0.010244432,4.1,4.105631,0,0
6172,14.3,14.733207,0.0,0.012012783,5.3,3.774483,0,0
6173,13.3,14.498516,0.0,0.011714546,5.2,3.9593105,0,0
6174,12.4,13.628252,0.0,0.0135259535,3.9,3.9159396,0,0
6175,11.9,12.870347,0.0,0.014374601,3.5,3.5142174,0,0
6176,12.4,12.309662,0.0,0.013557483,3.3,3.2650485,0,0
6177,12.4,12.646103,0.0,0.013376137,1.5,3.3008785,0,0
6178,12.3,12.449134,0.0,0.005025251,2.5,2.2877617,0,0
6179,12.2,12.5446825,0.0,0.007983369,1.1,2.4379554,0,0
6180,12.5,12.438053,0.0,0.004701225,1.7,1.731504,0,0
6181,12.3,13.204083,0.0,0.004335433,1.2,1.8986018,0,0
6182,12.5,12.878214,0.0,0.002983752,1.4,1.5182241,0,0
6183,12.4,13.317942,0.0,0.002108825,1.1,1.5491207,0,0
6184,12.5,14.171976,0.0,-0.0011539451,2.4,1.4300208,0,0
6185,12.5,13.722028,0.0,0.0020423247,2.2,2.1647046,0,0
6186,12.3,13.144996,0.0,0.0031295277,1.6,2.2677178,0,0
6187,12.1,12.843393,0.0,0.0020071652,1.3,2.00226,0,0
6188,12.3,12.840906,0.0,0.00054835784,1.8,1.7530361,0,0
6189,12.2,13.675802,0.0,0.0017630274,2.2,2.157447,0,0
6190,12.9,13.577405,0.0,0.004577623,3.6,2.4347997,0,0
6191,14.3,14.089611,0.0,0.011462638,3.3,3.2639873,0,0
6192,15.4,14.620067,0.0,0.011378741,3.0,3.4567313,0,0
6193,16.1,15.367297,0.0,0.010221761,4.4,3.4134774,0,0
6194,16.6,16.218874,0.0,0.008316093,3.8,3.8178835,0,0
6195,16.7,16.068111,0.0,0.008530261,4.0,3.702372,0,0
6196,16.6,16.3588,0.0,0.0077844174,3.9,3.679513,0,0
6197,16.1,16.02832,0.0,0.008531922,4.1,3.5308735,0,0
6198,15.6,15.685504,0.0,0.009150237,3.3,3.3665454,0,0
6199,14.9,15.131953,0.0,0.0070311977,3.7,2.9218106,0,0
6200,14.2,14.505152,0.0,0.007689104,2.9,2.8409603,0,0
6201,13.9,13.916795,0.0,0.004629789,1.9,2.5712967,0,0
6202,13.7,13.520514,0.0,-0.00011099132,3.0,2.099424,0,0
6203,13.6,13.660331,0.0,0.0047070114,2.3,2.472836,0,0
6204,13.6,13.392767,0.0,0.0028136778,2.1,2.272744,0,0
6205,13.5,13.501047,0.0,0.00096492923,1.4,2.112254,0,0
6206,13.3,13.277707,0.0,-0.00013854385,1.4,1.6537781,0,0
6207,12.7,12.945774,0.0,0.0015376671,0.7,1.3712739,0,0
6208,11.5,12.539114,0.0,0.005738307,0.19999999999999996,1.0681809,0,0
6209,11.2,11.77304,0.0,0.006269781,0.3999999999999999,0.74812686,0,0
6210,11.600000000000001,11.6648855,0.0,0.0062242285,0.3999999999999999,0.66659844,0,0
6211,11.3,11.980917,0.0,0.0047188387,0.0,0.63644075,0,0
6212,12.0,11.94965,0.0,0.0063066194,1.0,0.6424259,0,0
6213,12.1,13.127053,0.0,0.0035129406,1.1,0.9191355,0,0
6214,13.7,12.480889,0.0,0.0043271417,0.8,0.95665264,0,0
6215,16.4,14.295079,0.0,0.0025452499,0.9,0.91630507,0,0
6216,19.3,17.802626,0.0,-0.0022870472,2.4,0.9452082,0,0
6217,20.4,20.594334,0.0,0.005368991,1.0,2.3495655,0,0
6218,21.2,21.83937,0.0,0.0035832804,0.7,1.5643303,0,0
6219,21.4,21.650862,0.0,0.0037303583,0.8,1.2152307,0,0
6220,20.4,21.60874,0.0,0.0039334353,0.5,1.1135366,0,0
6221,19.8,19.79064,0.0,0.0034466612,0.7,0.8015667,0,0
6222,20.0,18.951197,0.0,0.0033320345,1.2,0.72059524,0,0
6223,19.3,18.895823,0.0,0.0029942475,0.10000000000000009,0.8504245,0,0
6224,18.9,18.329643,0.0,0.0028128223,0.10000000000000009,0.56254196,0,0
6225,18.5,18.423765,0.0,0.002599779,0.8,0.5637083,0,0
6226,18.0,18.264215,0.0,0.004082831,0.5,0.74662006,0,0
6227,17.1,17.755257,0.0,0.0054639876,0.6000000000000001,0.64447045,0,0
6228,14.6,16.690626,0.5,0.011924916,0.3999999999999999,0.6356138,1,0
6229,14.8,16.948544,0.0,0.045426358,0.3999999999999999,0.63391674,0,0
6230,14.8,16.311607,0.0,0.03767281,2.2,0.71526253,0,0
6231,15.3,16.055643,0.0,0.007635079,2.6,1.5817881,0,0
6232,16.4,16.42145,0.0,0.007673574,2.2,2.4589279,0,0
6233,16.7,16.967783,0.0,0.00718424,2.1,2.4425402,0,0
6234,17.0,16.922167,0.0,0.006177992,2.4,2.2646809,0,0
6235,17.1,17.165161,0.0,0.0064242976,2.7,2.3993237,0,0
6236,16.6,16.973328,0.0,0.0071763573,2.4,2.4239726,0,0
6237,16.1,16.429241,0.0,0.0055025346,2.9,2.100706,0,0
6238,15.4,16.163126,0.0,0.007914271,1.5,2.22238,0,0
6239,14.6,15.800971,0.0,0.0050475164,1.2,1.7040002,0,0
6240,14.4,15.404829,0.0,0.005629412,1.1,1.4405551,0,0
6241,14.5,15.234259,0.0,0.0048414483,1.3,1.2875385,0,0
6242,14.6,15.239787,0.0,0.0038045915,1.5,1.2660364,0,0
6243,14.5,15.131404,0.0,0.00507683,1.2,1.4200722,0,0
6244,14.2,15.340289,0.0,0.004042027,1.0,1.3774289,0,0
6245,15.0,15.017966,0.0,0.0046386253,1.8,1.235951,0,0
6246,14.4,16.405716,0.0,7.656637e-05,1.5,1.7328577,0,0
6247,15.6,15.1059,0.0,0.003788882,2.8,1.6067147,0,0
6248,15.8,16.185047,0.0,0.0055063325,3.6,2.3025975,0,0
6249,15.7,16.290846,0.0,0.010111117,2.2,2.8931365,0,0
6250,15.9,16.05992,0.0,0.005657352,2.5,2.4652276,0,0
6251,16.1,16.065027,0.0,0.004520011,3.2,2.4024656,0,0
6252,16.1,16.069164,0.0,0.006834009,0.6000000000000001,2.6788676,0,0
6253,17.7,15.777317,0.0,-0.0012105398,1.5,1.5175233,0,0
6254,19.3,17.359692,0.0,-0.0015356571,1.8,1.7464188,0,0
6255,20.1,19.6155,0.0,0.002667769,3.1,2.1245503,0,0
6256,20.9,20.713512,0.0,0.004568016,3.0,2.9554517,0,0
6257,19.9,21.093466,0.0,0.0053087873,4.3,3.1486182,0,0
6258,19.1,20.35813,0.0,0.005833162,4.5,3.6444492,0,0
6259,18.5,19.24067,0.0,0.008113854,4.2,3.7420275,0,0
6260,17.7,18.598866,0.0,0.008539822,3.5,3.664457,0,0
6261,17.2,17.66996,0.0,0.00858229,3.2,3.3404922,0,0
6262,17.2,17.17402,0.0,0.010389455,2.0,3.1188216,0,0
6263,17.0,17.287561,0.0,0.007472184,1.7,2.6148322,0,0
6264,16.6,17.179804,0.0,0.0036202115,1.7,2.1803815,0,0
6265,15.9,16.922659,0.0,0.0044514393,1.0,2.1028144,0,0
6266,15.9,16.235758,0.0,0.0015637211,1.3,1.5613375,0,0
6267,16.1,15.919571,0.0,0.0017628818,2.2,1.4788631,0,0
6268,15.9,16.165821,0.0,0.0028064419,1.6,1.9665773,0,0
6269,15.8,15.804652,0.0,0.002093239,2.0,1.6989803,0,0
6270,15.6,15.822398,0.0,0.004238927,1.9,1.90611,0,0
6271,15.3,15.664073,0.0,0.004349894,2.1,1.849512,0,0
6272,15.3,15.662944,0.0,0.008456171,2.0,2.0403316,0,0
6273,15.3,15.946118,0.0,0.0047777644,1.8,2.0438983,0,0
6274,15.2,15.8297415,0.0,0.004854411,0.9,1.9134495,0,0
6275,15.3,15.797758,0.0,0.0043978943,1.8,1.3648117,0,0
6276,16.3,16.108715,0.0,0.0037611432,1.9,1.7184881,0,0
6277,18.4,17.180841,0.0,0.0016142231,2.3,1.9599696,0,0
6278,20.0,19.333954,0.0,0.0056370357,2.7,2.4870534,0,0
6279,21.7,20.745039,0.0,0.004422653,2.8,2.8227954,0,0
6280,23.1,21.902845,0.0,0.006233671,2.2,3.0180588,0,0
6281,23.8,22.67118,0.0,0.0070909904,2.4,2.7461877,0,0
6282,23.5,22.976273,0.0,0.007475149,2.3,2.701065,0,0
6283,23.3,22.26554,0.0,0.0062160157,2.1,2.531331,0,0
6284,22.0,21.836704,0.0,0.006861221,2.3,2.1977234,0,0
6285,21.0,20.97478,0.0,0.0050500063,1.3,2.0389814,0,0
6286,20.0,20.157139,0.0,0.0004337228,0.9,1.5961999,0,0
6287,19.3,19.665524,0.0,0.00047466744,1.3,1.2652179,0,0
6288,19.2,19.281744,0.0,-0.00067712774,1.7,1.2184256,0,0
6289,18.9,19.39985,0.0,-0.0004699603,1.6,1.5648947,0,0
6290,18.7,19.037416,0.0,-0.0006000113,1.4,1.5913275,0,0
6291,18.9,18.871687,0.0,-2.1743026e-06,2.4,1.4544688,0,0
6292,18.8,18.924711,0.0,0.0027770195,0.6000000000000001,2.0251045,0,0
6293,18.6,19.00692,0.0,0.00044088592,0.6000000000000001,1.102271,0,0
6294,17.7,18.47916,0.0,0.0021538064,0.3999999999999999,0.8664172,0,0
6295,17.6,17.487902,0.0,0.0025883727,0.6000000000000001,0.6352384,0,0
6296,17.7,17.49834,0.0,0.0016724331,0.3999999999999999,0.6251943,0,0
6297,17.0,17.226717,0.0,0.00439199,0.19999999999999996,0.6595719,0,0
6298,17.2,16.878222,0.0,0.0061613834,0.19999999999999996,0.6013955,0,0
6299,16.8,17.661957,0.0,0.0054480834,0.19999999999999996,0.6927285,0,0
6300,17.3,18.174866,0.0,0.0033620487,0.3999999999999999,0.70095634,0,0
6301,18.0,18.866167,0.0,0.0040732594,1.0,0.6390346,0,0
6302,19.6,19.930151,0.0,0.004403874,0.19999999999999996,0.94273573,0,0
6303,20.6,21.957218,0.0,0.006782303,0.6000000000000001,0.87888384,0,0
6304,21.2,22.153645,0.0,0.007318239,0.7,0.98072404,0,0
6305,20.3,21.827051,0.0,0.0068634986,2.7,1.0681792,0,0
6306,19.3,20.628746,0.0,0.0028000276,1.5,1.8415403,0,0
6307,19.3,19.067717,0.0,0.0052389326,1.0,1.4457551,0,0
6308,19.4,19.287695,0.0,0.0023516954,0.6000000000000001,1.1038752,0,0
6309,18.9,18.85181,0.0,0.0031049985,2.2,0.824306,0,0
6310,16.8,17.650002,0.5,0.06703063,1.4,1.2551234,1,0
6311,16.8,16.605614,0.0,0.7797744,0.6000000000000001,1.1635175,0,0
6312,16.8,17.77141,0.0,0.04240804,0.9,0.9248439,0,0
6313,16.8,17.722666,0.0,0.018463958,0.30000000000000004,0.83103514,0,0
6314,16.1,17.397243,0.0,0.012366354,1.0,0.5807922,0,0
6315,16.2,16.761332,0.0,0.011050174,0.3999999999999999,0.87213975,0,0
6316,16.8,17.012863,0.0,0.006602611,1.4,0.7528995,0,0
6317,17.6,18.11843,0.0,0.00026395428,2.4,1.2285684,0,0
6318,19.4,18.514332,0.0,3.4892946e-05,1.4,2.0346363,0,0
6319,18.8,19.868856,0.0,6.7664146e-06,1.9,1.7533321,0,0
6320,19.3,19.131691,0.0,-0.0014821609,1.9,1.8001851,0,0
6321,18.4,19.160868,0.0,-0.0016808065,2.4,1.7558298,0,0
6322,17.5,18.110456,0.0,3.5794495e-05,2.1,1.9191419,0,0
6323,16.6,17.529928,0.0,-0.0011146358,1.3,1.7969632,0,0
6324,16.3,16.507318,0.0,0.002178357,0.9,1.3103596,0,0
6325,15.9,16.20189,0.0,0.002565952,1.7,0.99281317,0,0
6326,15.6,16.088396,0.0,0.0051440364,1.2,1.366471,0,0
6327,15.9,15.665154,0.0,0.005367313,1.6,1.1450745,0,0
6328,16.0,15.948374,0.0,0.0056000343,1.7,1.3372991,0,0
6329,16.3,15.908672,0.0,0.006477631,2.5,1.4401207,0,0
6330,16.5,16.10094,0.0,0.00808589,2.4,2.0195317,0,0
6331,16.9,16.253391,0.0,0.008681531,2.8,2.1899393,0,0
6332,17.1,16.670597,0.0,0.011139345,2.5,2.5000212,0,0
6333,17.3,17.10308,0.0,0.010462017,1.7,2.5375059,0,0
6334,17.3,17.296526,0.0,0.0065246467,2.1,2.0871148,0,0
6335,17.4,17.452911,0.0,0.0070854872,1.7,2.2156627,0,0
6336,18.5,17.557825,0.0,0.0042514107,2.8,1.9766974,0,0
6337,19.8,18.40429,0.0,0.008383382,2.5,2.6008046,0,0
6338,19.3,19.821835,0.0,0.0045658792,2.1,2.8009682,0,0
6339,20.0,19.102392,0.0,0.0077033844,3.9,2.5212553,0,0
6340,19.3,20.259756,0.0,0.0042369026,4.0,3.2350824,0,0
6341,18.4,19.178686,0.0,0.007213555,2.4,3.4320815,0,0
6342,18.0,18.24383,0.0,0.0110626,3.0,2.8056498,0,0
6343,18.0,18.130634,0.0,0.011284218,3.9,2.7409875,0,0
6344,18.2,17.923653,0.0,0.011862506,4.1,3.063349,0,0
6345,18.0,17.936869,0.0,0.011382836,3.4,3.3717353,0,0
6346,18.3,17.657454,0.0,0.013108061,2.4,3.2628782,0,0
6347,18.3,18.22965,0.0,0.010973788,1.6,2.9537692,0,0
6348,18.3,18.348637,0.0,0.009337095,1.6,2.3874493,0,0
6349,18.3,18.566753,0.0,0.004759132,1.1,2.0496762,0,0
6350,18.1,18.632925,0.0,0.0026316054,1.7,1.5870893,0,0
6351,17.9,18.225494,0.0,0.0033061807,1.4,1.6949713,0,0
6352,17.7,17.994358,0.0,0.005033375,1.6,1.5942631,0,0
6353,17.8,17.934717,0.0,0.0046223416,2.0,1.666866,0,0
6354,17.8,18.13307,0.0,0.0030667037,1.5,1.924408,0,0
6355,18.0,18.231834,0.0,0.0022507356,3.2,1.7763126,0,0
6356,17.4,18.102566,0.0,0.0104304915,1.5,2.6582203,0,0
6357,17.6,17.738005,0.0,0.00667361,2.6,2.154904,0,0
6358,17.6,18.275206,0.0,0.00953378,3.1,2.658176,0,0
6359,17.9,17.93544,0.0,0.010696087,2.9,3.0758328,0,0
6360,18.1,18.019686,0.0,0.009660644,3.8,3.1716697,0,0
6361,19.1,18.309155,0.0,0.008973763,3.4,3.58197,0,0
6362,19.2,19.262518,0.0,0.006601261,4.7,3.6910887,0,0
6363,19.4,19.214737,0.0,0.007819555,4.1,4.074004,0,0
6364,19.0,19.008785,0.0,0.0077904505,5.1,4.0510387,0,0
6365,19.6,18.50569,0.0,0.009083314,3.1,4.244313,0,0
6366,19.4,18.493418,0.0,0.0073052435,4.5,3.775953,0,0
6367,19.0,18.604183,0.0,0.0068123904,4.2,3.7956831,0,0
6368,18.4,18.043186,0.0,0.006842685,4.1,3.5664475,0,0
6369,18.0,17.647087,0.0,0.008416236,3.6,3.4658313,0,0
6370,17.9,17.472582,0.0,0.008802981,3.3,3.3459713,0,0
6371,17.9,17.45807,0.0,0.00974997,2.9,3.2420661,0,0
6372,17.9,17.438635,0.0,0.010372153,2.8,3.0357897,0,0
6373,17.8,17.45585,0.0,0.010477797,2.6,2.8929462,0,0
6374,17.3,17.407492,0.0,0.009917862,1.4,2.7135563,0,0
6375,17.2,17.035667,0.0,0.0033964182,2.7,1.9018874,0,0
6376,16.9,17.105486,0.0,0.0075057223,2.0,2.297156,0,0
6377,16.7,16.938572,0.0,0.0044986326,2.2,2.057237,0,0
6378,16.6,16.948463,0.0,0.005454204,1.8,2.0935225,0,0
6379,16.2,17.065908,0.0,0.002638381,0.30000000000000004,1.9197812,0,0
6380,15.9,16.67318,0.0,0.003653831,0.9,1.0428947,0,0
6381,16.2,16.70956,0.0,0.004532892,0.3999999999999999,1.0336225,0,0
6382,16.5,17.478247,0.0,0.0021691057,1.0,0.8901444,0,0
6383,17.1,18.304485,0.0,0.0016796835,1.0,1.221942,0,0
6384,18.0,18.921314,0.0,-8.888766e-05,2.2,1.33215,0,0
6385,18.3,19.012156,0.0,0.0063998,3.7,2.3426454,0,0
6386,16.8,18.77399,0.0,0.008532444,3.5,3.2586818,0,0
6387,13.3,16.39789,1.0,0.024042424,2.7,3.1179054,1,0
6388,13.3,13.849964,1.0,0.9608935,3.0,2.4815624,1,1
6389,12.9,13.559455,1.0,0.55582845,3.1,2.6446052,1,1
6390,12.7,13.11645,0.5,0.60623765,2.3,2.8012774,1,1
6391,12.8,13.542323,0.5,0.41213632,1.6,2.4242783,1,1
6392,10.3,14.080413,2.0000000000000004,0.19228458,1.8,1.8574495,1,0
6393,10.0,12.311912,0.5,1.0933027,0.8,2.0632544,1,1
6394,10.2,12.979729,0.5,0.4339138,2.4,1.5041485,1,1
6395,10.8,12.254078,0.0,0.24499463,1.3,1.8809812,0,1
6396,11.3,12.527494,0.0,0.019510778,1.1,1.6787546,0,0
6397,11.700000000000001,12.6156,0.0,0.010660123,1.6,1.3780794,0,0
6398,12.7,13.084036,0.0,0.0062587266,4.3,1.5648205,0,0
6399,13.5,14.308337,0.0,0.0128325755,3.3,3.317381,0,0
6400,13.2,13.859807,0.0,0.011695714,4.5,3.2982757,0,0
6401,12.5,13.597001,0.0,0.0120133,3.6,3.4635048,0,0
6402,11.700000000000001,12.644197,0.0,0.009158078,2.9,3.056095,0,0
6403,10.8,11.919341,0.0,0.00564714,2.5,2.6630995,0,0
6404,10.3,11.342243,0.0,0.004254202,1.2,2.4689867,0,0
6405,10.1,10.884671,0.0,0.0024936183,1.5,1.853159,0,0
6406,10.1,10.72783,0.0,0.0022129514,2.0,1.7756087,0,0
6407,10.2,10.725048,0.0,0.0031552229,3.0,2.0445116,0,0
6408,10.3,10.827295,0.0,0.006468513,2.3,2.6010904,0,0
6409,10.500000000000002,10.829213,0.0,0.0066801733,2.0,2.6111207,0,0
6410,10.1,11.085711,0.0,0.0060384558,2.1,2.5383835,0,0
6411,10.3,10.69004,0.0,0.007039241,1.2,2.5266323,0,0
6412,10.600000000000001,10.586737,0.0,0.0037124478,2.5,2.055822,0,0
6413,10.600000000000001,11.218482,0.0,0.006318777,2.5,2.6048696,0,0
6414,10.700000000000001,10.965303,0.0,0.0074074557,2.3,2.7281666,0,0
6415,10.500000000000002,11.01053,0.0,0.0060404874,2.1,2.6724906,0,0
6416,10.400000000000002,10.618011,0.0,0.0050474866,2.1,2.5406508,0,0
6417,11.5,10.652967,0.0,0.0058568246,2.3,2.5415077,0,0
6418,13.0,11.683121,0.0,0.0057979785,3.4,2.6989326,0,0
6419,14.7,13.09129,0.0,0.012009447,3.0,3.4237232,0,0
6420,15.8,14.59943,0.0,0.011052143,4.1,3.5257742,0,0
6421,16.7,15.540248,0.0,0.009236969,4.2,3.8930354,0,0
6422,16.9,16.152178,0.0,0.008513583,3.3,4.001408,0,0
6423,15.9,15.9006405,0.0,0.009117703,5.699999999999999,3.67814,0,0
6424,16.1,16.049465,0.0,0.009417985,3.4,4.087147,0,0
6425,15.3,15.3005295,0.0,0.009897456,3.6,3.5490787,0,0
6426,14.5,14.953098,0.0,0.010286232,3.6,3.282051,0,0
6427,13.3,14.216455,0.0,0.010922115,1.1,3.1784513,0,0
6428,12.9,13.4185705,0.0,0.0010944679,2.5,2.1035142,0,0
6429,12.6,13.506276,0.0,0.007319721,2.0,2.6426888,0,0
6430,12.0,12.99556,0.0,0.0062290262,2.9,2.5432534,0,0
6431,12.1,12.2899065,0.0,0.009113323,3.1,2.8202882,0,0
6432,12.1,12.296023,0.0,0.011355031,2.6,3.1576376,0,0
6433,11.9,12.238212,0.0,0.010161986,1.7,3.0698779,0,0
6434,11.8,12.024995,0.0,0.005073265,2.0,2.5550666,0,0
6435,11.700000000000001,11.990801,0.0,0.0043549445,2.3,2.5047424,0,0
6436,11.5,11.889027,0.0,0.0045731994,2.6,2.540592,0,0
6437,11.600000000000001,11.532302,0.0,0.0056801904,1.3,2.6513402,0,0
6438,11.600000000000001,11.328127,0.0,9.42332e-05,1.6,2.0275702,0,0
6439,11.9,11.350922,0.0,0.00090568274,1.9,1.9076266,0,0
6440,12.2,12.191184,0.0,-1.2858355e-05,2.2,2.1215913,0,0
6441,12.7,12.902298,0.0,0.003492245,2.7,2.454287,0,0
6442,14.4,13.662126,0.0,0.008179404,2.9,2.9744008,0,0
6443,15.8,14.993628,0.0,0.010367139,3.1,3.3360858,0,0
6444,17.3,16.178286,0.0,0.008754515,3.0,3.5401468,0,0
6445,18.4,17.471788,0.0,0.0056488784,2.8,3.5302079,0,0
6446,19.5,18.051563,0.0,0.004555277,3.0,3.3935225,0,0
6447,19.1,18.62683,0.0,0.0032086528,3.6,3.3627663,0,0
6448,18.5,18.12935,0.0,0.004011072,3.1,3.3717203,0,0
6449,18.0,17.57311,0.0,0.005429202,2.3,3.0375166,0,0
6450,16.5,17.208736,0.0,0.0014151554,2.2,2.4216278,0,0
6451,15.1,16.056387,0.0,-0.0032432114,1.2,1.9106542,0,0
6452,14.2,14.77977,0.0,-0.002779264,1.5,1.3047705,0,0
6453,13.8,13.883441,0.0,-0.0015773228,2.5,1.245708,0,0
6454,13.7,13.445319,0.0,-0.0014568066,1.0,1.6956269,0,0
6455,13.4,13.047916,0.0,-0.002080065,0.7,1.1640075,0,0
6456,13.1,12.849344,0.0,-0.0012320494,0.9,0.90547615,0,0
6457,13.3,12.636075,0.0,-0.00032302237,0.9,0.87685883,0,0
6458,12.2,13.135458,0.0,-0.0005956814,0.7,0.9087921,0,0
6459,11.4,12.031017,0.0,0.0018728283,0.3999999999999999,0.81148934,0,0
6460,10.500000000000002,11.456597,0.0,0.0033304943,0.3999999999999999,0.73399186,0,0
6461,10.500000000000002,10.850674,0.0,0.0053145546,0.3999999999999999,0.6871654,0,0
6462,10.8,11.1122875,0.0,0.0042064846,1.0,0.66485095,0,0
6463,11.2,11.483646,0.0,0.004110055,1.2,0.87824035,0,0
6464,11.4,12.114676,0.0,0.0044334,0.6000000000000001,1.1014143,0,0
6465,12.4,12.079722,0.0,0.004393629,1.1,0.90920025,0,0
6466,15.7,13.691012,0.0,0.0028313408,0.9,1.1851991,0,0
6467,18.4,18.039755,0.0,-0.0036083867,0.19999999999999996,1.1560537,0,0
6468,20.5,20.485737,0.0,0.0015544903,1.5,0.9763469,0,0
6469,21.2,21.598839,0.0,0.0031188922,2.1,1.7092236,0,0
6470,21.7,21.172129,0.0,0.0056161466,0.8,2.1477208,0,0
6471,21.8,21.665272,0.0,0.0027012674,1.0,1.5665121,0,0
6472,21.4,21.31714,0.0,0.0005696374,2.3,1.401619,0,0
6473,20.5,20.410736,0.0,0.00019623156,1.8,1.6876311,0,0
6474,19.7,19.439838,0.0,-0.001657737,1.0,1.4018376,0,0
6475,18.6,18.36869,0.0,-6.316649e-05,0.5,0.8928695,0,0
6476,17.7,17.101694,0.0,0.0029731519,0.6000000000000001,0.59488165,0,0
6477,16.7,16.834745,0.0,0.0014454218,0.5,0.57779586,0,0
6478,16.3,16.366116,0.0,-0.00048015532,0.8,0.5549549,0,0
6479,15.7,15.788065,0.0,8.2672595e-05,0.0,0.62650967,0,0
6480,14.8,15.277174,0.0,-0.00012684427,0.0,0.42809296,0,0
6481,14.3,14.566981,0.0,0.0026278966,0.3999999999999999,0.40103853,0,0
6482,13.7,14.35155,0.0,0.0024696945,0.19999999999999996,0.40252018,0,0
6483,13.2,13.863452,0.0,0.0038579323,1.2,0.37595272,0,0
6484,13.6,13.162225,0.0,0.005735014,0.7,0.6261506,0,0
6485,13.3,13.350973,0.0,0.004963136,0.6000000000000001,0.6371424,0,0
6486,13.5,13.339919,0.0,0.006021426,0.3999999999999999,0.6294249,0,0
6487,13.9,13.633612,0.0,0.004244576,0.8,0.5384369,0,0
6488,14.1,14.366274,0.0,0.0043011354,0.0,0.6728928,0,0
6489,14.9,14.655476,0.0,0.0019888077,0.3999999999999999,0.49898255,0,0
6490,16.0,15.702786,0.0,0.005436146,0.10000000000000009,0.67620313,0,0
6491,17.1,18.142393,0.0,0.001038585,0.5,0.7024393,0,0
6492,17.1,18.993093,1.0,0.0018270271,1.6,0.69843507,1,0
6493,17.1,17.173819,0.0,0.5425477,0.3999999999999999,1.0942986,0,1
6494,17.2,17.705317,0.0,0.020587703,0.30000000000000004,0.7639595,0,0
6495,17.4,17.59819,0.0,0.017492533,0.6000000000000001,0.60891604,0,0
6496,17.5,17.760496,0.0,0.009155906,0.7,0.6125572,0,0
6497,18.4,17.973078,0.0,0.008439595,0.19999999999999996,0.72654366,0,0
6498,19.3,18.931974,0.0,0.004791315,0.3999999999999999,0.63896704,0,0
6499,21.3,20.548283,0.0,0.0069060563,0.30000000000000004,0.72321963,0,0
6500,23.7,22.252262,0.0,0.007401984,0.9,0.9158172,0,0
6501,22.4,23.592506,0.0,0.0069512236,0.6000000000000001,1.3750813,0,0
6502,21.8,22.431055,0.0,0.009695519,2.1,1.0875092,0,0
6503,20.2,22.246666,0.0,0.006197978,4.2,1.5165913,0,0
6504,19.6,20.078941,0.0,0.005985516,3.3,2.7376606,0,0
6505,18.6,19.02535,0.0,0.011152611,1.6,2.6555285,0,0
6506,18.2,18.587528,0.0,0.006133921,4.3,1.8411274,0,0
6507,17.3,17.998125,1.0,0.01934257,3.9,2.7875137,1,0
6508,16.5,16.635511,1.0,1.4270272,3.8,3.253672,1,1
6509,15.6,15.05028,0.0,0.82485795,1.5,3.4995074,0,1
6510,15.6,15.874094,0.5,0.17214766,1.7,2.3249505,1,0
6511,15.7,15.784383,1.0,0.539798,0.6000000000000001,1.8055117,1,1
6512,15.6,16.234055,1.0,0.78097534,1.3,1.2543459,1,1
6513,14.9,16.135923,0.0,0.59805775,2.5,1.2280086,0,1
6514,15.0,15.603989,0.0,0.107939966,2.9,1.9904832,0,0
6515,15.9,15.286475,0.0,0.06976847,1.9,2.5490992,0,0
6516,15.7,15.991671,0.0,0.028509924,2.7,2.1276767,0,0
6517,15.8,15.784021,0.5,0.08196942,2.3,2.3523502,1,0
6518,15.3,15.499607,0.0,0.64998627,3.2,2.1930604,0,1
6519,15.7,15.370695,0.0,0.2327401,2.4,2.6814084,0,0
6520,10.700000000000001,16.286127,0.0,0.03548443,2.8,2.482641,0,0
6521,10.700000000000001,13.668154,0.0,0.015471905,2.8,2.6551163,0,0
6522,10.500000000000002,12.694481,0.0,0.011389072,2.8,2.6798892,0,0
6523,11.4,11.836099,0.5,0.011328429,3.5,2.6599138,1,0
6524,13.0,11.500803,0.0,0.017839301,2.2,3.206577,0,0
6525,13.9,12.2663145,0.0,0.012767431,4.2,3.0185578,0,0
6526,15.2,14.3256645,0.0,0.013264227,3.3,3.696101,0,0
6527,16.0,14.907589,0.0,0.011361244,5.2,3.6199677,0,0
6528,15.7,15.927505,0.0,0.009765037,5.4,4.079095,0,0
6529,15.6,15.785601,0.0,0.01035587,4.2,4.154519,0,0
6530,14.7,15.194964,0.0,0.010079391,3.8,3.8186855,0,0
6531,13.7,14.644506,0.0,0.01094047,5.5,3.4052455,0,0
6532,13.0,13.941089,0.0,0.013774732,4.5,3.649655,0,0
6533,12.1,13.238347,0.0,0.013812005,2.9,3.7394142,0,0
6534,11.8,12.468542,0.0,0.011263766,2.4,3.2171168,0,0
6535,11.700000000000001,12.073815,0.0,0.0074410182,1.6,2.7410686,0,0
6536,11.600000000000001,11.903632,0.0,0.0026472856,2.8,2.2166233,0,0
6537,11.8,12.2426605,0.0,0.00545381,1.9,2.5724735,0,0
6538,12.1,12.113438,0.0,0.001532369,2.5,2.2933729,0,0
6539,12.3,12.447515,0.0,0.004208576,2.0,2.5244496,0,0
6540,12.5,12.142149,0.0,0.0022219007,2.1,2.3068333,0,0
6541,12.5,12.503768,0.0,0.0021881836,1.1,2.3003366,0,0
6542,12.5,12.158347,0.0,-0.0013933846,1.0,1.6450112,0,0
6543,12.3,12.063431,0.0,-0.0006617079,1.1,1.3578005,0,0
6544,12.1,11.893936,0.0,0.0008383342,0.8,1.2872771,0,0
6545,12.0,11.816432,0.0,0.0012532771,1.7,1.1243753,0,0
6546,12.2,11.976111,0.0,0.001421904,1.6,1.411086,0,0
6547,13.1,12.493886,0.0,0.0020665852,1.3,1.5946118,0,0
6548,14.7,13.461085,0.0,3.3317094e-05,1.9,1.5055096,0,0
6549,16.4,15.559644,0.0,0.00033867633,2.2,2.0287263,0,0
6550,18.4,17.525307,0.0,0.003882682,1.8,2.4653301,0,0
6551,18.7,19.265963,0.0,0.002253603,2.5,2.2847652,0,0
6552,19.1,18.715206,0.0,0.004436573,1.9,2.6238992,0,0
6553,18.9,18.576344,0.0,0.0022759459,1.0,2.3561928,0,0
6554,18.5,18.492176,0.0,-0.0038926178,1.7,1.6377704,0,0
6555,17.9,17.742685,0.0,-0.0036050868,1.5,1.6818339,0,0
6556,17.2,17.053879,0.0,-0.0019287679,1.6,1.4942477,0,0
6557,16.2,16.666128,0.0,-0.00077852333,2.2,1.5101144,0,0
6558,15.2,16.017223,0.0,-0.00060736807,1.1,1.6931084,0,0
6559,14.6,15.167544,0.0,0.0013102688,1.4,1.2856112,0,0
6560,14.4,15.2652645,0.0,0.006992371,0.8,1.5977474,0,0
6561,14.1,15.244354,0.0,0.0033381607,0.6000000000000001,1.1660376,0,0
6562,14.4,14.5103,0.0,0.0065443693,1.0,0.9785525,0,0
6563,14.7,14.841299,0.0,0.003471681,0.3999999999999999,0.97573596,0,0
6564,14.8,14.966634,0.0,0.001980745,0.8,0.69888616,0,0
6565,14.9,14.789236,0.0,0.0035371995,1.3,0.751142,0,0
6566,14.8,14.669164,0.0,0.005565994,0.30000000000000004,0.9732514,0,0
6567,14.7,14.430909,0.0,0.005261683,1.2,0.6991532,0,0
6568,14.6,14.708133,0.0,0.00615072,0.9,0.874648,0,0
6569,14.8,14.630136,0.0,0.0066916104,0.8,0.84910667,0,0
6570,14.8,15.350593,0.0,0.0059701516,0.19999999999999996,0.851408,0,0
6571,14.9,16.132923,0.0,0.00507237,0.7,0.8073125,0,0
6572,15.3,16.140236,0.0,0.0031134698,0.8,0.7432935,0,0
6573,15.9,16.458202,0.0,0.0038721878,1.4,0.8385862,0,0
6574,16.8,17.308413,0.0,0.0013508911,1.4,1.2452934,0,0
6575,17.6,17.903894,0.0,-4.555427e-05,1.8,1.3056024,0,0
6576,19.8,18.16679,0.0,-0.00061417377,0.3999999999999999,1.659327,0,0
6577,20.1,19.946932,0.0,0.00024299794,0.5,1.2579199,0,0
6578,19.5,20.351513,0.0,0.0022410653,0.6000000000000001,1.0303386,0,0
6579,19.1,19.20473,0.0,0.002009931,1.9,0.81858003,0,0
6580,18.6,17.901552,0.0,0.0064283577,1.2,1.1704757,0,0
6581,17.4,17.835222,0.0,0.003298661,1.7,1.0707192,0,0
6582,17.0,17.074503,0.0,0.008601457,1.5,1.3716065,0,0
6583,16.6,16.999662,0.0,0.006848082,0.8,1.5038403,0,0
6584,16.3,16.873083,0.0,0.0055200756,0.8,1.17959,0,0
6585,16.5,16.461636,0.0,0.0030452588,0.9,0.84553885,0,0
6586,16.0,16.215656,0.0,0.016557947,1.7,1.0643463,0,0
6587,16.3,15.995625,0.0,0.011693953,1.1,1.5943652,0,0
6588,16.0,16.36009,0.0,0.0062038186,1.7,1.4582382,0,0
6589,14.1,16.14475,0.0,0.008395097,3.5,1.8498762,0,0
6590,13.9,15.053998,0.0,0.01266749,3.8,3.0477536,0,0
6591,13.5,14.927234,0.0,0.013828112,4.7,3.3569167,0,0
6592,14.1,14.247317,0.0,0.014656673,4.5,3.72772,0,0
6593,12.7,14.280833,0.0,0.013271105,3.3,3.9354692,0,0
6594,12.4,13.509488,0.0,0.013542253,3.5,3.5748327,0,0
6595,12.2,13.054124,0.0,0.013392485,4.7,3.5049322,0,0
6596,11.8,12.522191,0.0,0.016043462,4.3,3.8627954,0,0
6597,12.0,11.938023,0.0,0.017504951,2.7,3.9431734,0,0
6598,12.1,11.9538355,0.0,0.015882034,3.0,3.5252767,0,0
6599,11.4,12.127694,0.0,0.01501045,4.9,3.3314826,0,0
6600,11.2,11.731175,0.0,0.018333117,4.3,3.7280927,0,0
6601,10.700000000000001,11.489285,0.0,0.01824704,4.3,3.8267088,0,0
6602,10.700000000000001,11.357878,0.0,0.01909981,3.7,3.8395286,0,0
6603,10.600000000000001,11.518518,0.0,0.01817298,3.9,3.7246027,0,0
6604,10.3,11.763011,0.0,0.016919717,4.0,3.755083,0,0
6605,10.600000000000001,11.680501,0.0,0.016502837,3.0,3.70846,0,0
6606,10.600000000000001,11.747141,0.0,0.014823189,4.1,3.5365725,0,0
6607,10.400000000000002,11.801709,0.0,0.01652256,5.5,3.856533,0,0
6608,10.1,11.57288,0.0,0.016667515,4.7,4.3231535,0,0
6609,10.2,11.081194,0.0,0.017102925,5.3,4.2709665,0,0
6610,9.9,11.267139,0.0,0.01669425,4.4,4.39921,0,0
6611,9.9,11.106845,0.0,0.016660625,3.6,4.20494,0,0
6612,9.9,10.883347,0.0,0.016068777,4.1,3.88944,0,0
6613,9.9,10.545605,0.0,0.015354262,3.8,3.6830792,0,0
6614,9.699999999999998,10.455192,0.0,0.0139251165,5.3,3.5635014,0,0
6615,9.1,10.505437,0.0,0.016492305,4.2,3.9215875,0,0
6616,9.0,9.73179,0.0,0.016620407,3.1,3.738079,0,0
6617,9.599999999999998,9.587166,0.0,0.014552407,2.7,3.405895,0,0
6618,10.0,10.273198,0.0,0.012130061,2.3,3.2489247,0,0
6619,10.0,10.478216,0.0,0.009428908,3.6,2.9433136,0,0
6620,10.3,10.605375,0.0,0.012539939,4.1,3.2806442,0,0
6621,10.500000000000002,10.819723,0.0,0.014747643,3.3,3.595487,0,0
6622,10.500000000000002,10.775542,0.0,0.013240638,3.2,3.4132736,0,0
6623,10.400000000000002,10.7947645,0.0,0.012535556,3.1,3.2760108,0,0
6624,10.400000000000002,10.719484,0.0,0.011933578,2.5,3.171993,0,0
6625,10.1,10.585296,0.0,0.009726762,2.4,2.8325348,0,0
6626,9.9,10.327508,0.0,0.009326932,2.6,2.543758,0,0
6627,10.1,10.220413,0.0,0.012030662,1.9,2.5803237,0,0
6628,10.2,10.461668,0.0,0.011421436,2.6,2.3471363,0,0
6629,10.600000000000001,11.012118,0.0,0.010429878,2.0,2.6019871,0,0
6630,11.9,11.191863,0.0,0.009242454,2.4,2.4187021,0,0
6631,12.8,12.837888,0.0,0.008969994,4.6,2.7542698,0,0
6632,13.6,13.896897,0.0,0.013537457,3.7,3.6488428,0,0
6633,13.5,13.721884,0.0,0.01338843,4.5,3.6632788,0,0
6634,13.3,13.689112,0.0,0.013383268,4.4,3.832567,0,0
6635,12.8,13.557351,0.0,0.013630761,4.6,3.8474643,0,0
6636,13.1,13.57751,0.0,0.013667298,2.9,3.8713667,0,0
6637,12.5,13.684077,0.0,0.012297933,4.0,3.4301102,0,0
6638,12.2,13.313871,0.0,0.01128192,4.1,3.2124104,0,0
6639,11.700000000000001,12.78346,0.0,0.0108519085,2.6,3.170623,0,0
6640,11.8,12.096123,0.0,0.006012653,2.7,2.6005838,0,0
6641,11.700000000000001,12.023552,0.0,0.005377646,2.5,2.468528,0,0
6642,11.9,11.877428,0.0,0.004955783,3.2,2.3801558,0,0
6643,12.1,12.194701,0.0,0.009159965,1.0,2.7814522,0,0
6644,12.2,12.103232,0.0,0.002109258,1.7,1.823276,0,0
6645,12.5,12.36743,0.0,0.0030846586,0.9,1.775147,0,0
6646,12.4,12.338463,0.0,0.0018115799,1.0,1.2810619,0,0
6647,11.9,12.4035635,0.0,0.0034616475,0.30000000000000004,1.1883885,0,0
6648,12.8,11.649547,0.0,0.004778727,0.7,0.73165166,0,0
6649,12.9,12.599302,0.0,0.0036010654,0.10000000000000009,0.75001097,0,0
6650,12.5,12.756215,0.0,0.0036657248,0.0,0.6098083,0,0
6651,12.6,12.4276495,0.0,0.00638748,0.19999999999999996,0.5544795,0,0
6652,12.8,13.15654,0.0,0.004580523,0.19999999999999996,0.6209135,0,0
6653,13.9,13.755876,0.0,0.0029036654,0.30000000000000004,0.6249386,0,0
6654,16.5,15.923379,0.0,-0.0009860324,1.2,0.5855851,0,0
6655,18.3,19.224092,0.0,-0.0006075356,1.0,1.0538603,0,0
6656,20.1,20.990124,0.0,0.0012020958,1.7,1.2191993,0,0
6657,20.2,20.963312,0.0,0.0024606085,3.1,1.853961,0,0
6658,20.6,19.847567,0.0,0.004415226,2.4,2.5950482,0,0
6659,21.4,20.050396,0.0,0.0044077537,1.6,2.3739622,0,0
6660,20.4,20.57475,0.0,0.001873683,3.0,1.9393065,0,0
6661,20.1,19.664846,0.0,0.002272589,2.6,2.1925864,0,0
6662,19.7,19.14159,0.0,-0.0017734133,2.0,1.8676671,0,0
6663,17.9,18.747442,0.0,-0.0035963973,1.3,1.6015979,0,0
6664,16.6,17.217049,0.0,-0.0023339442,1.7,1.1166805,0,0
6665,16.2,16.192158,0.0,-0.0008828676,1.0,1.2014805,0,0
6666,16.0,15.82634,0.0,-0.0016062966,1.0,0.9947214,0,0
6667,15.2,15.651202,0.0,-0.0019943458,0.8,0.86422384,0,0
6668,14.9,14.692967,0.0,0.0005609079,0.10000000000000009,0.7633829,0,0
6669,14.1,14.584508,0.0,-0.00072855275,0.19999999999999996,0.5472442,0,0
6670,13.7,13.850978,0.0,0.001710708,0.30000000000000004,0.52726495,0,0
6671,13.1,13.859287,0.0,0.0015776382,0.30000000000000004,0.4531393,0,0
6672,12.9,13.213996,0.0,0.0038769783,1.1,0.4289062,0,0
6673,12.5,13.069162,0.0,0.0036086477,1.2,0.6462381,0,0
6674,12.2,12.666878,0.0,0.0050698314,1.2,0.8228712,0,0
6675,12.0,12.624253,0.0,0.005723624,0.8,0.95314044,0,0
6676,12.1,12.524332,0.0,0.0051418087,0.5,0.85112226,0,0
6677,13.7,12.862928,0.0,0.0042081717,0.8,0.73736477,0,0
6678,17.2,15.073719,0.0,-0.0004958013,0.6000000000000001,0.7959868,0,0
6679,18.9,19.61891,0.0,0.00011815211,1.2,0.9015888,0,0
6680,19.3,20.167587,0.0,-0.00048166333,1.8,1.4230163,0,0
6681,20.2,19.764572,0.0,0.00093165325,1.4,1.9707928,0,0
6682,21.2,21.046518,0.0,0.00241611,2.0,1.7856784,0,0
6683,22.1,21.3031,0.0,0.0052744453,1.5,2.0367837,0,0
6684,22.6,21.935972,0.0,0.0047163423,1.8,1.7612803,0,0
6685,20.2,21.522215,0.0,0.0025696047,1.1,1.6124283,0,0
6686,18.5,19.728016,0.0,0.001493545,0.9,1.0422467,0,0
6687,17.9,18.178421,0.0,0.0013719453,1.0,0.76229906,0,0
6688,17.4,17.389112,0.0,0.004644845,0.6000000000000001,0.75638914,0,0
6689,17.1,16.916147,0.0,0.006023045,1.0,0.6440661,0,0
6690,16.6,16.727652,0.0,0.0070226486,0.30000000000000004,0.7373651,0,0
6691,16.7,16.318287,0.0,0.008047829,0.3999999999999999,0.63278925,0,0
6692,16.7,16.335466,0.0,0.005366306,0.30000000000000004,0.5954679,0,0
6693,16.2,16.465734,0.0,0.004698171,1.0,0.5162852,0,0
6694,15.8,16.340519,0.0,0.008704183,0.5,0.7736527,0,0
6695,15.5,16.108107,0.0,0.005034334,0.7,0.71751356,0,0
6696,15.5,15.885177,0.0,0.0075340676,0.3999999999999999,0.7992469,0,0
6697,16.0,15.936245,0.0,0.0054516266,0.10000000000000009,0.74728537,0,0
6698,16.1,16.59653,0.0,0.0037523673,0.6000000000000001,0.6109222,0,0
6699,16.0,17.021025,0.0,0.001215441,0.8,0.6861696,0,0
6700,17.0,16.961954,0.0,0.0022571872,0.30000000000000004,0.8782312,0,0
6701,18.6,17.868452,0.0,0.00088819553,0.30000000000000004,0.7063093,0,0
6702,16.7,19.907387,1.0,0.003656815,0.3999999999999999,0.7682458,1,0
6703,16.2,16.721842,2.5,0.72482085,0.7,1.1020751,1,1
6704,16.3,16.110914,2.5,1.135318,1.5,1.0153345,1,1
6705,16.7,16.25354,3.5,1.050008,0.30000000000000004,1.1154667,1,1
6706,16.9,16.55652,2.0000000000000004,1.6318455,0.6000000000000001,0.84994686,1,1
6707,17.0,17.149488,2.0000000000000004,0.9477875,0.3999999999999999,0.74151313,1,1
6708,17.1,17.30619,3.0,1.1037173,0.7,0.74928784,1,1
6709,16.2,17.240984,2.0000000000000004,1.364774,2.4,0.80383825,1,1
6710,15.5,16.155539,1.0,0.98075545,3.0,1.4780656,1,1
6711,14.9,15.443105,0.5,0.6778017,2.7,2.3580265,1,1
6712,15.0,15.269811,0.5,0.47155368,2.2,2.4136217,1,1
6713,14.2,15.114671,1.5,0.4139788,3.3,2.2914588,1,1
6714,13.9,14.282831,3.5,0.7444191,2.6,2.6125124,1,1
6715,13.7,13.669696,5.499999999999999,2.0891716,2.5,2.5021083,1,1
6716,13.5,13.423873,5.999999999999999,2.6138406,3.8,2.2032428,1,1
6717,13.7,12.634187,3.0,3.0888124,3.5,2.8084145,1,1
6718,16.4,12.362247,0.0,1.7677922,3.6,3.1461902,0,1
6719,16.2,16.56112,0.0,0.027243204,4.3,3.499235,0,0
6720,15.6,15.498425,0.0,0.02350791,3.6,3.7193346,0,0
6721,15.0,14.791222,0.0,0.030276561,3.1,3.4242654,0,0
6722,14.9,14.889353,0.0,0.02148364,2.3,3.1462488,0,0
6723,15.0,15.053015,0.0,0.013455596,3.9,2.7144442,0,0
6724,14.9,15.434825,0.0,0.014964003,2.8,3.2488537,0,0
6725,15.0,15.14063,0.0,0.014238088,2.1,3.0272925,0,0
6726,14.9,15.1775875,0.0,0.011569493,2.1,2.5755954,0,0
6727,15.2,15.292039,0.0,0.007718723,1.9,2.24496,0,0
6728,15.4,15.559162,0.0,0.006642896,1.8,2.1439006,0,0
6729,15.5,15.6948185,0.0,0.0062412545,2.4,1.9871858,0,0
6730,15.7,15.823218,0.0,0.0067461296,1.1,2.1575687,0,0
6731,18.7,15.813599,0.0,0.0066714836,0.3999999999999999,1.5076756,0,0
6732,19.3,18.116886,0.0,0.002769948,1.6,0.9431727,0,0
6733,19.4,19.314249,0.0,0.0020102859,0.6000000000000001,1.317128,0,0
6734,18.5,19.17576,0.0,0.004400263,1.8,0.8801219,0,0
6735,19.6,18.394745,0.0,0.013024606,1.5,1.3022896,0,0
6736,20.3,19.439934,0.0,0.0040844996,0.3999999999999999,1.3374561,0,0
6737,19.1,19.728094,0.0,0.0062719514,0.30000000000000004,0.9828221,0,0
6738,18.2,18.522955,0.0,0.15493213,0.8,0.7683325,0,0
6739,18.0,18.014229,0.0,0.12370457,0.3999999999999999,0.83679426,0,0
6740,18.1,18.354527,0.0,0.008569279,0.0,0.61709344,0,0
6741,18.0,18.580853,0.0,0.0060165543,0.30000000000000004,0.47651696,0,0
6742,18.0,18.643238,0.0,0.0058936635,0.10000000000000009,0.49383116,0,0
6743,17.8,18.544231,0.0,0.004994981,0.10000000000000009,0.4504149,0,0
6744,17.4,18.557795,0.0,0.0053719273,0.19999999999999996,0.44817793,0,0
6745,16.9,17.887308,0.0,0.004759057,0.30000000000000004,0.4445715,0,0
6746,16.7,17.354555,0.0,0.004808829,0.30000000000000004,0.5854571,0,0
6747,16.9,17.341648,0.0,0.002586352,0.0,0.6911285,0,0
6748,16.9,17.426533,0.0,0.0054860455,0.9,0.53190076,0,0
6749,16.3,17.426517,0.0,0.00509138,0.0,0.79097426,0,0
6750,16.5,17.230162,0.0,0.005148399,0.19999999999999996,0.5868912,0,0
6751,16.5,17.33823,0.0,0.0053572347,0.5,0.55410373,0,0
6752,17.1,17.297085,0.0,0.004686677,0.19999999999999996,0.5729531,0,0
6753,18.7,17.896065,0.0,0.004056132,0.8,0.5496,0,0
6754,18.5,19.547,0.0,0.003587049,1.1,0.9212546,0,0
6755,17.8,19.039326,0.0,0.00046251356,1.5,1.19753,0,0
6756,18.1,18.615295,0.0,-0.0012094459,1.4,1.4062755,0,0
6757,19.1,18.839283,0.0,-0.0014015242,1.1,1.4583255,0,0
6758,19.9,19.368551,0.0,-0.000391964,1.3,1.3849316,0,0
6759,19.9,19.974165,0.0,0.0007104317,2.5,1.3277606,0,0
6760,16.5,19.71129,0.0,-0.00068276026,1.5,1.6042958,0,0
6761,16.3,17.354198,0.0,0.025116205,0.7,1.2463888,0,0
6762,16.5,16.921734,0.0,0.011310875,0.7,0.88311094,0,0
6763,16.6,17.10154,0.0,0.005755426,1.3,0.7139052,0,0
6764,17.0,17.051146,0.0,0.0055665565,0.3999999999999999,0.93336356,0,0
6765,16.9,17.137701,0.0,0.0033440138,0.8,0.61888075,0,0
6766,16.8,17.113028,0.0,0.002667007,2.7,0.6412914,0,0
6767,16.4,16.349957,0.0,0.097647846,1.1,1.7911876,0,0
6768,16.7,16.522198,0.0,0.0073904106,1.0,1.501761,0,0
6769,16.8,17.047165,0.0,0.0064950553,0.5,1.1771467,0,0
6770,16.7,17.332024,0.0,0.0037580363,1.0,0.8290812,0,0
6771,16.6,17.43181,0.0,0.0036390363,0.8,1.0606402,0,0
6772,16.6,17.313118,0.0,0.002336894,0.5,0.9238072,0,0
6773,16.7,17.355148,0.0,0.004062988,1.0,0.82772815,0,0
6774,16.9,17.748194,0.0,0.0014695261,1.3,1.042771,0,0
6775,17.1,17.524435,0.0,0.0018986075,0.7,1.3916745,0,0
6776,17.6,17.9787,0.0,0.00025599872,2.3,1.1626624,0,0
6777,18.6,18.187605,0.0,0.0045471983,1.8,2.329506,0,0
6778,18.6,19.035746,0.0,0.004061817,2.1,2.4173543,0,0
6779,19.0,18.905748,0.0,0.005726235,2.0,2.546259,0,0
6780,21.3,19.333897,0.0,0.004475515,2.7,2.5017736,0,0
6781,22.1,21.244677,0.0,0.004337547,2.6,2.8569288,0,0
6782,21.3,21.930227,0.0,0.005217569,3.8,2.8835847,0,0
6783,20.5,20.557985,0.0,0.003655906,2.9,3.2273037,0,0
6784,20.4,19.746792,0.0,0.0032668733,3.9,2.9790845,0,0
6785,19.1,19.374039,0.0,0.0035779977,4.2,3.1109009,0,0
6786,18.4,18.379105,0.0,0.006750424,1.7,3.3021777,0,0
6787,17.6,18.200708,0.0,0.0055534556,2.4,2.4825435,0,0
6788,17.6,17.521826,0.0,0.009958236,2.1,2.578261,0,0
6789,17.4,17.632198,0.0,0.006799447,2.9,2.4390872,0,0
6790,17.0,17.109411,0.0,0.011289492,1.1,2.8209145,0,0
6791,16.9,16.989862,0.0,0.0021887585,2.7,1.952716,0,0
6792,17.0,16.774921,0.0,0.0075123734,2.9,2.439333,0,0
6793,17.0,17.099443,0.0,0.008421421,1.9,2.8156605,0,0
6794,16.9,17.496382,0.0,0.0038384898,2.9,2.4467502,0,0
6795,16.7,17.187202,0.0,0.007216583,2.7,2.799977,0,0
6796,16.7,16.628733,0.0,0.0073753535,3.3,2.7372868,0,0
6797,16.6,16.733625,0.0,0.008985437,2.2,3.018468,0,0
6798,16.2,16.689932,0.0,0.005883385,1.8,2.635253,0,0
6799,16.5,16.323685,0.0,0.0038585342,1.9,2.2820632,0,0
6800,17.4,17.263327,0.0,0.0037350284,4.5,2.4061098,0,0
6801,19.2,18.228062,0.0,0.007225075,3.6,3.6399708,0,0
6802,20.3,19.19967,0.0,0.0065706475,4.6,3.8135636,0,0
6803,21.3,20.524693,0.0,0.006922816,4.2,4.247358,0,0
6804,22.0,20.948809,0.0,0.006314211,4.3,4.2348943,0,0
6805,22.1,21.369162,0.0,0.0069349017,3.1,4.232298,0,0
6806,22.7,21.333855,0.0,0.006060452,3.3,3.7599163,0,0
6807,22.1,21.524889,0.0,0.006070294,4.7,3.5870993,0,0
6808,20.4,21.343287,0.0,0.0059904857,3.4,3.778747,0,0
6809,19.6,19.959028,0.0,0.0029765933,2.3,3.2038517,0,0
6810,18.5,19.057003,0.0,0.0037346473,2.5,2.4768605,0,0
6811,17.9,18.208744,0.0,0.0033707912,3.0,2.2986643,0,0
6812,17.5,17.821114,0.0,0.0056745936,1.3,2.5330741,0,0
6813,17.5,17.571241,0.0,-0.0019219228,1.6,1.7966669,0,0
6814,18.0,17.644104,0.0,-0.0006125021,1.6,1.8608536,0,0
6815,18.1,18.067015,0.0,-0.0013879234,2.1,1.8263414,0,0
6816,17.7,18.075396,0.0,0.004413011,3.0,2.2591183,0,0
6817,16.7,17.341082,0.0,0.010127018,3.2,2.7092905,0,0
6818,15.5,16.402481,0.0,0.014268036,1.9,2.977376,0,0
6819,15.6,16.035341,0.0,0.011411418,2.4,2.3789644,0,0
6820,15.6,15.924109,0.0,0.011356192,2.2,2.5857265,0,0
6821,15.6,16.109411,0.0,0.010850797,3.0,2.678704,0,0
6822,15.8,15.99,0.0,0.013864449,2.4,3.0851982,0,0
6823,16.1,16.115345,0.0,0.012324,2.1,3.0264347,0,0
6824,16.7,16.225773,0.0,0.012744692,2.6,2.903102,0,0
6825,16.8,17.047134,0.0,0.010029118,2.6,3.0378704,0,0
6826,17.3,17.230196,0.0,0.009007522,2.9,3.030095,0,0
6827,18.0,17.586031,0.0,0.007918938,3.7,3.0799649,0,0
6828,17.6,17.686104,0.0,0.006362452,3.6,3.3695047,0,0
6829,17.5,17.254032,0.0,0.006991688,4.2,3.3616533,0,0
6830,16.5,16.955906,0.0,0.0071097235,3.1,3.392831,0,0
6831,16.5,16.185308,0.0,0.008341306,2.4,2.9228897,0,0
6832,15.6,16.430374,0.0,0.0030237995,3.5,2.363849,0,0
6833,15.5,15.68831,0.0,0.0082343565,4.0,2.7068887,0,0
6834,15.3,15.651119,0.0,0.010926095,2.3,3.162848,0,0
6835,15.2,15.335418,0.0,0.0076531386,3.2,2.616938,0,0
6836,15.1,15.3366375,0.0,0.011233782,1.8,2.8793905,0,0
6837,15.2,15.12469,0.0,0.0061684228,1.9,2.3002913,0,0
6838,15.1,15.488382,0.0,0.0052401084,2.7,2.1980443,0,0
6839,15.1,15.5594015,0.0,0.0069518653,2.8,2.4103029,0,0
6840,15.4,15.429723,0.0,0.008698171,1.7,2.6412718,0,0
6841,15.5,15.781565,0.0,0.0026170274,2.4,2.0993924,0,0
6842,15.3,15.83511,0.0,0.0041748513,2.9,2.2081144,0,0
6843,15.6,15.507363,0.0,0.007029161,1.4,2.4213543,0,0
6844,15.8,15.752812,0.0,0.002573403,1.4,1.9180799,0,0
6845,15.9,16.455597,0.0,0.005735632,1.2,1.8187557,0,0
6846,16.1,16.756748,0.0,0.004640272,1.5,1.6475027,0,0
6847,16.5,17.197535,0.0,0.0030446202,2.3,1.7903137,0,0
6848,17.0,17.27319,0.0,0.0081188,2.4,2.4497962,0,0
6849,17.7,17.588707,0.0,0.008520101,2.6,2.6754565,0,0
6850,18.5,17.985077,0.0,0.007922333,2.7,2.7289982,0,0
6851,20.3,18.327173,0.0,0.006992862,2.6,2.811508,0,0
6852,21.4,19.65165,0.0,0.0042852047,1.9,2.7599337,0,0
6853,20.5,20.186876,0.0,0.004956266,2.7,2.432745,0,0
6854,20.0,19.419847,0.0,0.0038506403,1.8,2.407281,0,0
6855,19.1,19.203035,0.0,-0.0017567944,2.3,1.7132472,0,0
6856,18.2,18.678858,0.0,-0.0030020091,1.7,1.6661218,0,0
6857,17.7,17.989824,0.0,-0.0021441234,0.9,1.4665082,0,0
6858,17.4,17.7814,0.0,-0.0025825799,0.5,1.0128624,0,0
6859,17.2,17.454147,0.0,-0.0018520716,0.9,0.7425735,0,0
6860,16.7,17.596851,0.0,-0.0014663963,0.9,0.8505702,0,0
6861,16.2,16.936598,0.0,5.7454345e-05,0.19999999999999996,0.7687558,0,0
6862,15.4,16.288704,0.0,0.0005182601,0.30000000000000004,0.5551784,0,0
6863,15.3,15.644718,0.0,0.0025920179,0.19999999999999996,0.46033967,0,0
6864,15.4,15.763957,0.0,0.0014248325,0.19999999999999996,0.43840778,0,0
6865,15.4,15.901797,0.0,0.0008484792,0.30000000000000004,0.41349804,0,0
6866,15.6,15.882174,0.0,0.0013204707,0.30000000000000004,0.40257692,0,0
6867,15.7,16.01105,0.0,0.001109874,0.30000000000000004,0.4068836,0,0
6868,16.1,16.287586,0.0,0.0013588143,0.5,0.446931,0,0
6869,16.2,17.17094,0.0,7.88874e-05,0.30000000000000004,0.57485783,0,0
6870,16.6,17.705431,0.0,0.0011544679,0.6000000000000001,0.64361274,0,0
6871,17.1,18.589022,0.0,0.0009206982,0.3999999999999999,0.7546332,0,0
6872,19.2,19.1929,0.0,0.0013314041,1.3,0.7609776,0,0
6873,19.4,21.07759,0.0,0.0001998756,0.6000000000000001,1.4091436,0,0
6874,21.1,20.435719,0.0,-0.00024277622,2.0,1.2922423,0,0
6875,21.2,21.281122,0.0,0.003470391,1.5,1.8795573,0,0
6876,20.3,20.80735,0.0,0.0008085074,2.9,1.6825528,0,0
6877,19.8,19.630651,0.0,0.0036739432,3.7,2.3644402,0,0
6878,19.7,19.093235,0.0,0.0036776708,2.1,2.5267262,0,0
6879,19.2,19.14373,0.0,-0.00032220682,1.9,2.0473032,0,0
6880,18.4,18.884947,0.0,-0.0024276911,2.9,1.7560583,0,0
6881,17.8,17.778282,0.0,0.0015852648,3.1,1.9588805,0,0
6882,17.1,17.47028,0.0,0.008074248,2.3,2.5888276,0,0
6883,16.8,17.456339,0.0,0.006215761,3.5,2.4734592,0,0
6884,16.7,16.933384,0.0,0.011106457,2.4,2.9853635,0,0
6885,14.9,16.673252,0.0,0.010932327,2.7,2.8280008,0,0
6886,16.4,15.5222,0.0,0.013702135,3.7,3.0022075,0,0
6887,16.2,16.338375,0.0,0.010278007,3.8,3.5310752,0,0
6888,15.6,15.840664,0.0,0.012072152,3.4,3.5831983,0,0
6889,15.2,15.547137,0.0,0.012889528,4.4,3.478517,0,0
6890,14.9,15.306373,0.0,0.012732068,4.1,3.7497919,0,0
6891,14.8,14.930466,0.0,0.013685729,3.0,3.8635764,0,0
6892,15.1,14.970837,0.0,0.013704321,3.6,3.5803106,0,0
6893,14.9,15.265921,0.0,0.012737592,4.1,3.6708548,0,0
6894,14.8,15.017211,0.0,0.012862889,3.0,3.8492744,0,0
6895,14.9,14.888441,0.0,0.013390842,4.6,3.585637,0,0
6896,14.8,15.205591,0.0,0.012572153,2.8,3.9815001,0,0
6897,14.7,14.876218,0.0,0.013078117,2.9,3.542451,0,0
6898,14.7,14.936914,0.0,0.01280264,2.2,3.3039875,0,0
6899,14.9,15.076615,0.0,0.009685345,2.0,2.8404927,0,0
6900,15.1,15.2284155,0.0,0.0066373846,1.8,2.420461,0,0
6901,15.1,15.363351,0.0,0.0036966684,2.6,2.1108718,0,0
6902,15.1,15.624061,0.0,0.006192828,1.9,2.3735914,0,0
6903,15.4,15.539516,0.0,0.0053860997,1.9,2.2043507,0,0
6904,16.8,16.116497,0.0,0.0039579812,2.0,2.178358,0,0
6905,18.4,17.621817,0.0,0.0035665836,2.9,2.2949655,0,0
6906,20.5,19.253965,0.0,0.00461294,2.0,2.7249422,0,0
6907,20.6,19.977182,0.0,0.00475848,2.9,2.5973709,0,0
6908,21.0,20.204275,0.0,0.0037323886,3.7,2.8928564,0,0
6909,20.3,20.949684,0.0,0.004898966,3.1,3.2764096,0,0
6910,19.4,19.824352,0.0,0.0037964017,4.1,3.051783,0,0
6911,18.4,19.468573,0.0,0.005299222,3.5,3.2933202,0,0
6912,18.0,18.250952,0.0,0.00767181,2.9,3.1549904,0,0
6913,17.3,17.895496,0.0,0.008867852,3.4,2.8164315,0,0
6914,16.9,17.29642,0.0,0.011171457,3.0,2.9382713,0,0
6915,16.6,17.043488,0.0,0.011076845,2.4,2.9418702,0,0
6916,16.6,16.84108,0.0,0.010176973,2.1,2.7090197,0,0
6917,16.7,16.696709,0.0,0.010687924,2.6,2.568636,0,0
6918,16.2,16.761581,0.0,0.014554644,2.7,2.9409635,0,0
6919,15.8,16.12541,0.0,0.015133344,2.4,2.9589822,0,0
6920,15.5,15.9480715,0.0,0.012919537,2.6,2.8800228,0,0
6921,14.9,15.8875475,1.5,0.011439413,2.6,2.860517,1,0
6922,14.8,14.955486,0.5,0.7010348,2.2,2.5609357,1,1
6923,15.3,15.535007,1.0,0.1763307,2.7,2.4920382,1,1
6924,14.9,15.763926,0.0,0.31310117,4.2,2.7446997,0,1
6925,14.5,14.762024,0.0,0.016957756,3.9,3.7380457,0,0
6926,14.0,14.30819,0.0,0.016081033,3.7,3.7833529,0,0
6927,13.6,13.976451,0.0,0.015226513,2.9,3.803334,0,0
6928,13.6,13.831102,0.0,0.014652096,3.1,3.5485303,0,0
6929,13.6,13.965901,0.0,0.014075667,3.4,3.510046,0,0
6930,13.4,14.275251,0.0,0.013148928,3.5,3.5983858,0,0
6931,13.3,13.906415,0.0,0.013546837,4.2,3.5720112,0,0
6932,13.1,13.704388,0.0,0.013600122,3.7,3.7621043,0,0
6933,13.1,13.503661,0.0,0.013416231,3.4,3.681242,0,0
6934,12.8,13.596728,0.0,0.012808197,3.2,3.5669868,0,0
6935,13.2,13.138622,0.0,0.012911553,3.5,3.3334298,0,0
6936,13.7,13.650119,0.0,0.012515908,3.5,3.612646,0,0
6937,14.7,14.315511,0.0,0.011939918,4.1,3.5982287,0,0
6938,15.1,14.889238,0.0,0.0106008975,2.7,3.7847662,0,0
6939,14.9,15.220601,0.0,0.009846303,4.5,3.3543491,0,0
6940,14.6,15.094585,0.0,0.010191722,4.4,3.656413,0,0
6941,14.5,14.554031,0.0,0.010933687,3.5,3.708838,0,0
6942,13.6,14.493005,0.0,0.0103259925,4.5,3.3998272,0,0
6943,13.0,14.056747,0.0,0.011448525,3.6,3.4789424,0,0
6944,12.8,13.471307,0.0,0.009899288,4.3,3.1698055,0,0
6945,12.8,13.264933,0.0,0.011637478,3.5,3.3348901,0,0
6946,12.9,13.068054,0.0,0.011572867,2.8,3.2835662,0,0
6947,13.3,13.156622,0.0,0.009700751,3.4,3.012859,0,0
6948,13.6,13.564694,0.0,0.012352974,2.7,3.2981992,0,0
6949,13.9,13.920899,0.0,0.010545779,2.3,3.0807037,0,0
6950,14.2,14.219733,0.0,0.007793281,2.9,2.7141738,0,0
6951,14.1,14.654921,0.0,0.009039296,1.8,2.8384027,0,0
6952,14.1,14.377421,0.0,0.0043152743,0.9,2.2567444,0,0
6953,14.3,14.488235,0.0,0.0020956616,0.9,1.379346,0,0
6954,14.3,14.689707,0.0,0.0026715714,0.3999999999999999,0.9895345,0,0
6955,14.2,14.496986,0.0,0.0043949718,0.8,0.70971787,0,0
6956,14.5,14.768774,0.0,0.0056823594,0.9,0.8857758,0,0
6957,14.8,15.992782,0.0,0.0017177311,0.8,0.9525939,0,0
6958,15.5,16.30063,0.0,0.002495407,1.0,1.0898414,0,0
6959,17.6,17.496714,0.0,0.0007851236,1.1,1.273272,0,0
6960,19.3,19.956074,0.0,0.0007054363,0.6000000000000001,1.1282139,0,0
6961,20.4,20.81589,0.0,0.0020056686,0.9,1.1387112,0,0
6962,20.6,21.467836,0.0,0.0023449142,1.7,1.3200647,0,0
6963,19.7,21.130867,0.0,0.0010921855,2.0,1.545118,0,0
6964,19.1,20.266375,0.0,-0.00049382047,2.3,1.6278862,0,0
6965,17.2,19.185596,0.0,-0.002845752,1.7,1.5843011,0,0
6966,14.9,17.211931,0.0,0.003371763,1.4,1.231318,0,0
6967,14.6,15.445136,0.0,0.005795153,1.0,1.0491984,0,0
6968,15.0,14.777872,0.0,0.0049458207,0.6000000000000001,0.92219895,0,0
6969,14.9,15.089594,0.0,0.0018587091,1.0,0.72706044,0,0
6970,14.9,14.693373,0.0,0.0053101014,0.10000000000000009,0.86736864,0,0
6971,15.2,15.079678,0.0,0.0018194248,0.30000000000000004,0.59198904,0,0
6972,15.2,15.789833,0.0,-0.0005197167,0.9,0.5359539,0,0
6973,17.6,15.588669,0.0,0.00397241,1.8,0.8099762,0,0
6974,18.0,17.58894,0.0,-0.00012251602,2.7,1.6250947,0,0
6975,17.3,17.182924,0.0,0.004422197,1.5,2.2834394,0,0
6976,17.2,17.166208,0.0,0.003162118,1.0,1.9261174,0,0
6977,17.4,17.516665,0.0,0.0023020338,0.5,1.4025154,0,0
6978,17.5,17.857204,0.0,0.0015833843,0.5,0.964614,0,0
6979,17.5,17.784952,0.0,0.0020680337,0.30000000000000004,0.91411746,0,0
6980,17.3,18.00016,0.0,0.0018240785,0.9,0.7471304,0,0
6981,16.8,18.018154,0.0,-3.2210803e-05,0.7,0.9560058,0,0
6982,16.5,17.555637,0.0,0.0006414449,0.7,0.93511117,0,0
6983,16.3,17.259823,0.0,0.001470582,0.30000000000000004,0.9432237,0,0
6984,15.9,17.130627,0.0,0.0018234331,0.7,0.76201737,0,0
6985,15.4,16.567083,0.0,0.005475071,0.5,0.79854786,0,0
6986,15.4,16.498184,0.0,0.0038000103,0.3999999999999999,0.71845305,0,0
6987,14.8,16.06337,0.0,0.0121457465,0.7,0.6399232,0,0
6988,14.4,15.65127,0.0,0.010826964,0.5,0.6974993,0,0
6989,15.5,15.175365,0.0,0.014678858,0.6000000000000001,0.74274194,0,0
6990,17.0,16.2218,0.0,0.0014288913,0.3999999999999999,0.6949762,0,0
6991,18.7,17.411795,0.0,0.001388154,0.30000000000000004,0.6298295,0,0
6992,19.7,19.296087,0.0,0.002767273,0.8,0.7502005,0,0
6993,20.5,20.078098,0.0,0.003597764,0.6000000000000001,0.8540417,0,0
6994,19.9,20.618132,0.0,0.004057381,0.8,0.8304393,0,0
6995,19.1,19.247013,0.0,0.0040387767,0.5,0.74748254,0,0
6996,18.6,18.50186,0.0,0.00507935,0.30000000000000004,0.6344608,0,0
6997,18.2,18.12028,0.0,0.0044121947,0.3999999999999999,0.56336176,0,0
6998,17.4,18.146313,0.0,0.0049906494,0.8,0.5252613,0,0
6999,17.0,17.771448,0.0,0.005996643,0.8,0.69364464,0,0
7000,16.8,17.741562,0.0,0.0026229587,0.6000000000000001,0.68855524,0,0
7001,16.3,17.647158,0.0,0.0015316826,0.3999999999999999,0.60652983,0,0
7002,15.9,16.897371,0.0,0.00334786,0.5,0.4950986,0,0
7003,15.5,16.497456,0.0,0.0055971877,0.6000000000000001,0.48371184,0,0
7004,15.4,16.289474,0.0,0.006153666,0.3999999999999999,0.49267185,0,0
7005,15.0,16.08801,0.0,0.00801822,1.0,0.4543544,0,0
7006,14.8,15.791538,0.0,0.006531842,0.9,0.6271167,0,0
7007,14.8,15.537843,0.0,0.006035731,1.1,0.7370757,0,0
7008,14.7,16.037968,0.0,0.0045309346,0.7,1.0040513,0,0
7009,16.8,16.19014,0.0,0.0029962654,0.30000000000000004,0.9507501,0,0
7010,20.2,18.797653,0.0,0.0007952794,0.30000000000000004,0.7190335,0,0
7011,22.6,22.796762,0.0,0.0056360886,0.8,0.9724246,0,0
7012,23.0,23.71538,0.0,0.0049101403,1.8,1.3505515,0,0
7013,22.9,23.054558,0.0,0.01086316,1.6,1.7670983,0,0
7014,22.3,22.719547,0.0,0.009478581,2.1,1.7880354,0,0
7015,22.8,22.54185,0.0,0.008540412,1.3,1.8373628,0,0
7016,23.1,22.860197,0.0,0.007974192,0.8,1.5588828,0,0
7017,23.3,22.364346,0.0,0.006189477,1.3,1.0910164,0,0
7018,23.2,22.13121,0.0,0.0056372643,0.3999999999999999,1.0025685,0,0
7019,22.7,21.69637,0.0,0.005581023,0.5,0.7043781,0,0
7020,22.0,21.378727,0.0,0.0051740976,0.7,0.5925119,0,0
7021,20.2,20.811464,0.0,0.0045854854,0.7,0.60161936,0,0
7022,19.5,19.136963,0.0,0.0022563434,0.7,0.5927485,0,0
7023,18.9,18.934269,0.0,0.0015610721,0.6000000000000001,0.6082481,0,0
7024,18.3,18.615217,0.0,0.0015689522,1.0,0.58025646,0,0
7025,17.7,18.094357,0.0,0.0007521407,0.6000000000000001,0.67225957,0,0
7026,17.7,17.768053,0.0,0.00094017346,0.5,0.6123347,0,0
7027,17.3,17.87622,0.0,0.001244202,0.5,0.5273769,0,0
7028,17.0,17.508392,0.0,0.0014598111,1.2,0.4875158,0,0
7029,16.9,17.178793,0.0,0.0017476745,0.3999999999999999,0.6694237,0,0
7030,16.7,16.995718,0.0,0.0029005758,0.3999999999999999,0.5218344,0,0
7031,17.1,17.189907,0.0,0.002654584,0.7,0.4976958,0,0
7032,17.0,17.9646,0.0,0.0021863093,0.3999999999999999,0.6362901,0,0
7033,18.4,18.20923,0.0,0.0024259535,1.4,0.6821643,0,0
7034,21.1,20.38498,0.0,0.001245321,1.0,1.3294563,0,0
7035,24.2,23.220577,0.0,0.006502479,0.30000000000000004,1.3553244,0,0
7036,25.7,24.971054,0.0,0.004281498,1.1,1.3378247,0,0
7037,25.3,25.162086,0.0,0.0069158506,1.3,1.5656322,0,0
7038,25.6,24.520224,0.0,0.008258755,2.4,1.6407834,0,0
7039,26.5,24.576817,0.0,0.009472699,1.9,2.0835528,0,0
7040,26.8,24.641378,0.0,0.008982983,1.4,1.8591491,0,0
7041,26.5,24.757935,0.0,0.00734612,0.7,1.5824751,0,0
7042,26.5,25.090504,0.0,0.0024920085,0.10000000000000009,0.98026943,0,0
7043,25.4,24.914532,0.0,0.00226293,0.6000000000000001,0.6515001,0,0
7044,24.7,23.634567,0.0,0.0047683995,0.30000000000000004,0.61576533,0,0
7045,23.6,23.19554,0.0,0.0050173886,0.8,0.51563096,0,0
7046,22.8,22.309639,0.0,0.0066564875,0.19999999999999996,0.5542691,0,0
7047,22.1,22.111738,0.0,0.006324907,0.9,0.5103743,0,0
7048,21.4,21.899446,0.0,0.006686061,0.8,0.6314347,0,0
7049,21.7,21.328085,0.0,0.0062620174,0.8,0.6113291,0,0
7050,20.6,21.791828,0.0,0.0069853896,0.7,0.67668724,0,0
7051,20.8,20.632372,0.0,0.00695781,0.5,0.6295234,0,0
7052,20.4,21.299986,0.0,0.006802616,0.19999999999999996,0.6164298,0,0
7053,20.1,20.695919,0.0,0.0070785508,0.19999999999999996,0.51853836,0,0
7054,19.8,20.4143,0.0,0.0070958496,0.6000000000000001,0.48632646,0,0
7055,19.4,20.382748,0.0,0.007339572,0.8,0.5966866,0,0
7056,19.8,20.09078,0.0,0.0055620456,0.19999999999999996,0.66149664,0,0
7057,20.0,21.02825,0.0,0.0073036156,0.3999999999999999,0.6468111,0,0
7058,23.9,21.063429,0.0,0.010771554,1.3,0.7616552,0,0
7059,24.8,25.975494,0.0,0.0061676055,0.30000000000000004,1.3481203,0,0
7060,26.0,26.411037,0.0,0.005299702,0.6000000000000001,1.1738173,0,0
7061,26.5,26.496067,0.0,0.006043797,1.8,1.189192,0,0
7062,27.4,25.454985,0.0,0.008790396,0.9,1.6209943,0,0
7063,27.4,26.680746,0.0,0.0075724423,1.9,1.3846964,0,0
7064,26.3,26.31911,0.0,0.008366342,2.3,1.7597657,0,0
7065,25.0,24.773163,0.0,0.008577255,1.5,1.7138559,0,0
7066,24.4,24.332022,0.0,0.0074612587,1.1,1.2509838,0,0
7067,24.2,23.725693,0.0,0.008817811,0.0,0.83558977,0,0
7068,23.2,23.600424,0.0,0.005495335,0.6000000000000001,0.5546497,0,0
7069,22.8,22.546589,0.0,0.00803561,0.10000000000000009,0.5797006,0,0
7070,22.9,22.477962,0.0,0.0068421033,0.10000000000000009,0.5003209,0,0
7071,22.4,22.548895,0.0,0.0065779113,0.7,0.46666634,0,0
7072,22.3,22.094568,0.0,0.007942046,0.19999999999999996,0.54498327,0,0
7073,22.1,22.09234,0.0,0.007718588,0.3999999999999999,0.4771093,0,0
7074,21.7,22.031271,0.0,0.008246345,0.19999999999999996,0.50050914,0,0
7075,21.4,21.602482,0.0,0.008532492,0.5,0.44832122,0,0
7076,21.5,21.43988,0.0,0.008901579,0.5,0.50779116,0,0
7077,21.6,21.746567,0.0,0.008706461,0.3999999999999999,0.5684476,0,0
7078,21.4,21.835655,0.0,0.008598353,0.3999999999999999,0.5732806,0,0
7079,21.3,21.66705,0.0,0.009867296,0.30000000000000004,0.5967133,0,0
7080,21.8,22.139505,0.0,0.009879323,0.5,0.61868596,0,0
7081,22.3,23.354422,0.0,0.006776501,1.0,0.7406051,0,0
7082,23.2,23.376556,0.0,0.0100324955,0.3999999999999999,0.90398616,0,0
7083,23.8,23.851175,0.0,0.014360581,0.3999999999999999,0.9409818,0,0
7084,23.4,24.4607,0.0,0.009755132,1.1,0.87937504,0,0
7085,23.7,22.951075,0.0,0.012868842,0.7,1.100533,0,0
7086,24.1,23.13967,0.0,0.010141871,0.9,0.95056766,0,0
7087,24.6,23.589813,0.0,0.009359023,0.6000000000000001,1.1317157,0,0
7088,25.3,23.954155,0.0,0.008572337,0.9,0.96088046,0,0
7089,24.8,24.512577,0.0,0.006635082,1.1,0.932948,0,0
7090,24.5,23.97208,0.0,0.017761692,1.2,0.86345845,0,0
7091,23.8,23.927439,0.0,0.009401601,0.5,0.8815375,0,0
7092,17.8,23.560534,0.5,0.05251988,1.0,0.7744826,1,0
7093,18.5,19.429626,3.0,0.68784356,1.3,0.90519094,1,0
7094,19.0,18.04368,0.5,1.351891,0.3999999999999999,0.93269706,1,1
7095,19.2,18.915106,1.5,0.7360468,1.1,0.7879107,1,1
7096,19.7,18.625065,11.0,0.89294255,2.5,0.8538896,1,1
7097,20.1,18.638783,0.5,6.1890454,1.4,1.4166172,1,1
7098,19.9,21.021832,0.5,0.4376367,1.2,1.1206584,1,0
7099,21.9,19.93677,0.5,0.9232911,0.7,1.0521934,1,1
7100,23.6,21.940891,0.0,0.28465047,0.8,0.8908348,0,0
7101,21.9,22.936068,0.0,0.146537,1.7,0.9288131,0,0
7102,21.0,21.197227,0.0,0.9212507,0.9,1.2405536,0,1
7103,20.0,20.830948,1.5,0.18532,2.6,0.9462616,1,0
7104,18.3,19.776104,19.5,3.7465343,2.5,1.8561778,1,1
7105,18.6,18.064245,5.499999999999999,8.656215,1.5,1.9423289,1,1
7106,18.7,18.684034,0.5,3.314837,2.3,1.2279587,1,1
7107,17.5,18.44293,1.5,1.0465498,2.4,1.4746352,1,1
7108,17.7,17.92307,0.5,1.3332238,1.9,1.8734473,1,1
7109,16.8,17.145594,0.5,0.8942386,1.5,1.8162419,1,1
7110,16.9,16.779058,2.0000000000000004,1.0259504,1.9,1.6111473,1,1
7111,17.1,16.536266,1.5,1.2769313,1.5,1.6550341,1,1
7112,16.3,16.649237,0.5,1.072326,3.2,1.5798335,1,1
7113,15.0,15.565683,0.5,0.7467141,2.5,2.6368375,1,1
7114,15.0,15.341715,2.5,0.35301676,3.0,2.587684,1,1
7115,15.5,14.266296,1.0,1.3627398,2.7,2.7455332,1,1
7116,15.4,14.401838,0.0,0.87278724,3.3,2.8059535,0,1
7117,16.0,15.421551,0.0,0.055417173,1.8,3.0421507,0,0
7118,16.2,15.83416,0.0,0.029889446,1.9,2.5354424,0,0
7119,16.4,16.248466,0.0,0.02236923,2.0,2.2038426,0,0
7120,16.7,16.460073,0.0,0.018465122,2.5,2.0994217,0,0
7121,16.8,16.812632,0.0,0.014769944,2.6,2.4195437,0,0
7122,16.8,16.90604,0.0,0.013947765,2.5,2.581583,0,0
7123,16.7,16.918701,0.0,0.015695708,2.6,2.639686,0,0
7124,13.4,16.863762,3.9999999999999982,0.01257385,4.5,2.6824899,1,0
7125,12.8,13.596753,3.9999999999999982,2.3135645,5.699999999999999,3.6248455,1,1
7126,12.2,11.719285,3.0,2.22579,3.4,4.1567125,1,1
7127,12.5,11.527229,0.5,1.9593763,4.0,3.7270265,1,1
7128,13.5,11.649133,0.0,0.6894958,2.7,3.6471286,0,1
7129,17.1,12.956062,0.0,0.02994042,2.9,3.4727788,0,0
7130,16.9,15.356947,0.0,0.014999576,3.7,3.583841,0,0
7131,16.7,15.128998,0.0,0.014980198,3.0,3.69107,0,0
7132,16.6,15.343779,0.0,0.01405271,2.3,3.3931673,0,0
7133,16.5,15.7120695,0.0,0.010257273,1.5,2.811511,0,0
7134,15.9,15.813922,0.0,0.0029984736,3.0,1.9910724,0,0
7135,13.3,15.643306,0.5,0.025639795,2.6,2.6117678,1,0
7136,13.4,14.219149,0.0,0.40242797,1.5,2.1477954,0,1
7137,13.7,13.91963,0.0,0.018219931,3.5,1.9483618,0,0
7138,13.6,13.989397,0.0,0.016224945,1.8,2.8388643,0,0
7139,13.3,13.487516,0.0,0.012764345,1.9,2.2963805,0,0
7140,13.7,13.496909,0.0,0.01159024,2.7,2.0746095,0,0
7141,14.0,14.381171,0.0,0.011535549,1.9,2.7007143,0,0
7142,14.4,14.729442,0.0,0.010733912,1.7,2.600325,0,0
7143,15.6,14.903701,0.0,0.006404401,2.8,2.2488656,0,0
7144,16.3,16.195578,0.0,0.009316516,2.5,2.8218653,0,0
7145,15.5,16.2824,0.0,0.0089795375,2.8,2.8078456,0,0
7146,15.5,15.678673,0.0,0.00959622,4.4,2.8105447,0,0
7147,15.4,15.842095,0.0,0.011231044,2.4,3.3990707,0,0
7148,15.3,15.401803,0.0,0.009237232,2.9,2.8461478,0,0
7149,15.4,15.511588,0.0,0.00837234,2.8,2.6852443,0,0
7150,15.2,15.495316,0.0,0.007175689,3.1,2.5684695,0,0
7151,15.0,15.338139,0.0,0.008978458,3.0,2.6691775,0,0
7152,15.1,15.221082,0.0,0.009757216,2.4,2.743243,0,0
7153,15.0,15.403666,0.0,0.0083988095,1.9,2.5801713,0,0
7154,15.0,15.11313,0.0,0.007388313,2.2,2.2373984,0,0
7155,15.0,15.265226,0.0,0.007461926,1.6,2.3123753,0,0
7156,14.9,15.483808,0.0,0.0043632286,1.6,2.089249,0,0
7157,14.8,15.439495,0.0,0.0037909313,1.1,1.9204949,0,0
7158,14.8,15.36845,0.0,0.004108667,0.3999999999999999,1.6086166,0,0
7159,15.0,15.420564,0.0,0.0025985278,1.0,0.9147593,0,0
7160,14.9,15.649094,0.0,0.003571246,0.5,1.1069671,0,0
7161,15.1,15.252077,0.0,0.0025989723,0.7,0.74987245,0,0
7162,15.5,15.577021,0.0,0.0027175385,0.6000000000000001,0.7531451,0,0
7163,15.2,16.636126,0.0,0.0017194924,0.6000000000000001,0.81387055,0,0
7164,15.4,16.496971,0.0,5.322963e-05,0.6000000000000001,0.79681814,0,0
7165,16.9,16.72522,0.0,-0.00028271947,1.6,0.7610928,0,0
7166,18.3,18.208338,0.0,-0.0029400038,3.0,1.6863601,0,0
7167,19.9,18.818562,0.0,0.0054393862,3.5,2.9329548,0,0
7168,19.0,20.196526,0.0,0.0034043205,3.1,3.4005702,0,0
7169,19.6,18.234962,0.0,0.006994656,3.0,3.0840948,0,0
7170,20.4,19.070282,0.0,0.003606636,3.3,3.2316952,0,0
7171,20.9,19.941854,0.0,0.0030907386,3.8,3.3191319,0,0
7172,21.4,20.056746,0.0,0.0033908454,2.8,3.472102,0,0
7173,21.3,20.167105,0.0,0.0028837933,2.3,3.1248004,0,0
7174,20.0,20.08925,0.0,0.00424247,3.3,2.6404505,0,0
7175,19.1,19.152077,0.0,0.004398373,2.1,2.6212547,0,0
7176,17.6,18.744968,0.0,0.0009460875,3.2,2.1478736,0,0
7177,17.5,17.8204,0.0,0.0053149294,2.1,2.476399,0,0
7178,17.5,17.475641,0.0,0.003356894,2.1,2.2214923,0,0
7179,17.5,17.410156,0.0,0.0036173887,1.7,2.1621392,0,0
7180,17.4,17.460918,0.0,0.0017218099,0.5,1.96692,0,0
7181,17.5,17.06552,0.0,0.0035830485,0.6000000000000001,1.2109257,0,0
7182,17.6,17.505465,0.0,0.0015547965,0.8,0.8274807,0,0
7183,17.4,17.544445,0.0,0.0017691327,1.0,0.89930314,0,0
7184,17.4,17.541327,0.0,0.0035783644,0.8,0.8537612,0,0
7185,17.0,17.801416,0.0,0.005436165,0.8,0.69966626,0,0
7186,16.7,17.32126,0.0,0.022642205,0.8,0.8222847,0,0
7187,17.0,17.329868,0.0,0.005954472,1.0,0.9068649,0,0
7188,17.0,17.814419,0.0,0.0015530054,1.0,0.9732741,0,0
7189,16.9,17.404848,0.0,0.0043848697,0.9,1.1196804,0,0
7190,16.9,17.242386,0.0,0.008766897,0.5,1.2232057,0,0
7191,17.3,17.264914,0.0,0.0042780186,0.8,1.138538,0,0
7192,17.6,17.813349,0.0,0.0010346246,2.1,1.3018309,0,0
7193,18.0,18.060024,0.0,-0.001258972,1.5,1.9820018,0,0
7194,18.9,18.409216,0.0,-0.002590769,0.3999999999999999,1.8986797,0,0
7195,19.6,19.578932,0.0,-0.0011343503,1.7,1.270372,0,0
7196,20.4,20.069258,0.0,-0.0008162006,1.5,1.6003075,0,0
7197,17.5,20.182993,0.0,-0.00017288196,2.9,1.6733396,0,0
7198,16.9,17.78756,0.0,0.000367837,2.2,1.9801389,0,0
7199,16.7,17.274302,0.0,2.9874813e-05,1.3,1.9215169,0,0
7200,16.6,17.229666,0.0,-0.00045021047,1.5,1.4334903,0,0
7201,16.7,17.066038,0.0,0.0010104564,0.19999999999999996,1.2915404,0,0
7202,16.7,17.061304,0.0,-0.0005569868,0.5,0.7518852,0,0
7203,16.5,16.943207,0.0,-0.00065567694,0.7,0.58743405,0,0
7204,16.4,16.629301,0.0,0.0006505889,0.0,0.5363605,0,0
7205,16.3,16.645485,0.0,0.0017664308,0.30000000000000004,0.40525508,0,0
7206,16.1,16.46576,0.0,0.0017916848,0.19999999999999996,0.5052655,0,0
7207,15.8,16.310207,0.0,0.0036261822,0.19999999999999996,0.42717397,0,0
7208,15.7,16.235844,0.0,0.0066351006,0.3999999999999999,0.37582743,0,0
7209,15.7,15.994553,0.0,0.0061212815,1.1,0.52769554,0,0
7210,17.2,16.07463,0.0,0.012112686,0.8,0.84004915,0,0
7211,18.4,17.7927,0.0,0.0031572483,0.9,0.99936026,0,0
7212,21.0,19.321701,0.0,0.0014736822,0.3999999999999999,0.99808705,0,0
7213,21.5,22.575981,0.0,0.006628587,2.8,0.9711953,0,0
7214,22.3,21.606203,0.0,0.006290695,2.2,2.3557885,0,0
7215,23.0,22.270136,0.0,0.0060541634,1.7,2.470116,0,0
7216,25.2,23.025358,0.0,0.0077971104,0.7,2.1336336,0,0
7217,26.8,23.846146,0.0,0.010101088,1.2,1.6606513,0,0
7218,25.3,24.908464,0.0,0.006973303,3.2,1.6463377,0,0
7219,22.2,23.657946,0.0,0.009959899,1.6,1.9384402,0,0
7220,20.9,22.234102,0.0,0.008650547,0.5,1.3557726,0,0
7221,19.8,20.44062,0.0,0.0077583403,0.7,0.74755204,0,0
7222,19.3,19.596556,0.0,0.0042210487,1.0,0.6705191,0,0
7223,19.3,18.875614,0.0,0.0012141059,0.6000000000000001,0.7572311,0,0
7224,19.4,19.094584,0.0,0.0016832919,0.6000000000000001,0.6277076,0,0
7225,19.4,19.191422,0.0,0.0026020163,0.19999999999999996,0.55466247,0,0
7226,19.0,18.78553,0.0,0.0034276757,0.6000000000000001,0.44006658,0,0
7227,18.8,18.58436,0.0,0.0034521974,0.7,0.47658467,0,0
7228,18.9,18.434402,0.0,0.0032433239,0.6000000000000001,0.5277499,0,0
7229,19.5,18.742197,0.0,0.0036349872,0.3999999999999999,0.5083028,0,0
7230,19.6,19.256433,0.0,0.005193446,0.0,0.48924518,0,0
7231,19.3,19.456324,0.0,0.0068397075,0.10000000000000009,0.43477333,0,0
7232,18.4,19.541569,0.0,0.006408888,0.10000000000000009,0.45923078,0,0
7233,18.6,19.08235,0.0,0.0051335744,0.30000000000000004,0.44469142,0,0
7234,19.3,19.154848,0.0,0.0058318432,0.0,0.58909774,0,0
7235,21.3,20.828682,0.0,0.0061198496,0.30000000000000004,0.61134946,0,0
7236,24.5,22.76788,0.0,0.006986939,0.10000000000000009,0.761848,0,0
7237,27.5,25.42593,0.0,0.0028234504,0.7,0.97831905,0,0
7238,28.3,27.206997,0.0,0.0073495395,2.2,1.4862239,0,0
7239,28.4,27.63292,0.0,0.009559117,1.8,2.110377,0,0
7240,29.7,27.362194,0.0,0.009194138,1.7,1.9647874,0,0
7241,29.3,27.73204,0.0,0.008709414,1.8,1.813189,0,0
7242,25.8,27.296652,0.0,0.0071321256,2.1,1.5590688,0,0
7243,23.6,25.096722,0.0,0.0070099155,1.2,1.4155235,0,0
7244,23.4,23.558678,0.0,0.0075370967,0.30000000000000004,0.8270223,0,0
7245,23.3,22.956854,0.0,0.0065885563,0.3999999999999999,0.5778544,0,0
7246,23.6,22.553015,0.0,0.006884394,0.3999999999999999,0.5432776,0,0
7247,23.5,22.845186,0.0,0.006525047,0.19999999999999996,0.5450312,0,0
7248,23.5,22.893307,0.0,0.005944747,0.5,0.5269797,0,0
7249,21.8,23.059605,0.0,0.006500068,0.10000000000000009,0.596154,0,0
7250,21.6,22.397015,0.0,0.0068330416,0.19999999999999996,0.47179925,0,0
7251,21.5,21.697464,0.0,0.0072925566,0.3999999999999999,0.43054867,0,0
7252,21.4,21.635345,0.0,0.007849518,0.0,0.4751562,0,0
7253,18.8,21.795893,21.499999999999996,0.00779294,2.3,0.4509145,1,0
7254,19.2,18.919672,0.5,8.901332,0.6000000000000001,1.5666765,1,1
7255,21.2,20.449108,16.500000000000004,0.2581205,1.0,1.0813388,1,0
7256,21.5,20.624996,5.0,6.5722437,0.3999999999999999,1.1722935,1,1
7257,21.8,22.72885,1.5,2.6163979,0.5,0.71296835,1,1
7258,19.4,23.547905,0.0,0.47149017,1.6,0.6449021,0,0
7259,17.6,20.422695,0.0,0.08196392,1.6,1.1508024,0,0
7260,17.5,18.32557,0.0,0.029372891,2.3,1.9239554,0,0
7261,18.5,17.9364,0.0,0.01102611,1.9,2.4842327,0,0
7262,17.7,18.231094,0.0,0.007918522,1.9,2.3192658,0,0
7263,17.5,17.55245,0.0,0.0069448426,1.1,2.1671872,0,0
7264,17.5,17.64182,0.0,0.0070667737,0.6000000000000001,1.5687336,0,0
7265,17.7,17.673357,0.0,0.01936643,1.4,1.1550547,0,0
7266,17.7,17.847542,0.0,0.008322103,1.5,1.3319038,0,0
7267,17.3,18.062399,0.0,0.004756661,1.9,1.4666808,0,0
7268,16.6,17.426235,0.0,0.007786388,1.7,1.6876466,0,0
7269,16.8,17.30015,0.0,0.0043301424,1.7,1.9274746,0,0
7270,17.6,17.666695,0.0,0.00061944436,2.1,1.8089128,0,0
7271,19.3,17.439247,0.0,0.0074080597,1.4,2.2191143,0,0
7272,22.8,19.022219,0.0,0.001096549,1.2,1.8358824,0,0
7273,22.3,21.029099,0.0,0.003110252,2.3,1.6445307,0,0
7274,19.1,20.898787,0.0,0.006721969,2.9,2.165428,0,0
7275,17.7,18.925568,0.0,0.019357702,2.3,2.370249,0,0
7276,17.7,18.146023,0.0,0.012720453,1.1,2.1642897,0,0
7277,17.5,18.217024,0.0,0.007232331,1.8,1.5701574,0,0
7278,17.4,17.886005,0.0,0.0065451497,2.4,1.6782233,0,0
7279,16.9,16.997015,0.0,0.021213887,1.9,1.9680593,0,0
7280,17.0,16.622063,0.0,0.013985002,1.1,1.9345349,0,0
7281,17.3,17.132113,0.0,0.011801099,1.3,1.3606843,0,0
7282,17.9,17.37347,0.0,0.011462963,0.0,1.2100347,0,0
7283,15.5,17.915789,16.0,0.007636652,1.3,0.70127845,1,0
7284,16.2,17.32153,1.0,7.576991,1.1,1.5181319,1,1
7285,17.0,17.919504,0.5,0.43890917,0.6000000000000001,1.063293,1,0
7286,17.4,17.737823,3.5,0.5410992,0.6000000000000001,0.87295204,1,1
7287,18.6,17.381105,8.500000000000002,3.4053173,0.3999999999999999,1.1214242,1,1
7288,19.0,18.078272,2.0000000000000004,1.6288288,0.7,0.74172413,1,1
7289,17.8,18.873672,6.499999999999999,1.7811704,2.1,0.794834,1,1
7290,18.3,17.454453,1.5,6.663611,0.6000000000000001,1.6163377,1,1
7291,18.8,18.474539,3.5,1.8578582,1.3,0.9702335,1,1
7292,19.6,19.156246,0.0,1.4346719,0.9,0.8189664,0,1
7293,17.1,20.257761,5.0,0.20483409,1.9,1.0278429,1,0
7294,17.6,17.768246,2.5,6.3017263,1.7,1.5319824,1,1
7295,16.1,18.264275,0.0,1.0131257,3.0,1.1079816,0,1
7296,15.5,16.246737,0.0,0.89830494,2.9,2.5128732,0,1
7297,15.4,15.915555,0.0,0.093053035,3.1,2.7795174,0,0
7298,14.9,15.762447,0.0,0.033524845,2.9,3.0129519,0,0
7299,14.7,15.390441,0.0,0.030840505,3.1,3.0198183,0,0
7300,14.3,14.989485,0.0,0.026433256,1.7,3.1273928,0,0
7301,14.0,14.563909,0.0,0.015171803,3.3,2.4511628,0,0
7302,13.1,14.37612,3.5,0.016286643,1.7,2.9099665,1,0
7303,12.9,13.846482,0.5,1.5000322,2.3,2.06973,1,1
7304,12.8,13.513813,0.0,0.39652073,1.6,2.1504219,0,1
7305,14.4,13.579541,0.0,0.027352132,2.5,2.024809,0,0
7306,14.6,14.128237,0.0,0.011199943,3.0,2.8502278,0,0
7307,14.8,14.830353,0.0,0.012348736,4.3,3.1318035,0,0
7308,15.0,14.851708,0.0,0.013227367,2.9,3.589352,0,0
7309,14.5,14.652586,0.0,0.011955122,3.4,3.2524335,0,0
7310,14.8,14.369942,0.0,0.010965913,3.6,3.0612514,0,0
7311,13.9,14.929183,0.0,0.010285258,3.9,3.2243056,0,0
7312,13.4,14.084186,0.0,0.011950922,3.0,3.2967255,0,0
7313,13.5,13.468999,0.0,0.010057338,3.5,2.9791553,0,0
7314,13.6,13.562542,0.0,0.011643903,3.5,3.146571,0,0
7315,13.6,13.639643,0.0,0.013273234,3.3,3.3122454,0,0
7316,13.5,13.640751,0.0,0.013591478,4.9,3.3418148,0,0
7317,13.7,14.0000305,0.0,0.014117843,4.2,3.87711,0,0
7318,13.6,13.901398,0.0,0.013854937,3.5,3.854864,0,0
7319,13.7,13.772603,0.0,0.014031756,3.3,3.5722525,0,0
7320,13.5,13.641535,0.0,0.01326577,2.9,3.277507,0,0
7321,13.4,13.634479,0.0,0.011033955,4.3,2.985155,0,0
7322,13.0,13.729846,0.0,0.013750143,4.6,3.351105,0,0
7323,12.7,13.418868,0.0,0.014984476,4.1,3.6396217,0,0
7324,12.6,13.444235,0.0,0.014424797,4.2,3.7569096,0,0
7325,12.6,12.988826,0.0,0.01600397,3.4,3.7350585,0,0
7326,12.8,12.888115,0.0,0.015428003,4.4,3.5651748,0,0
7327,12.7,12.889382,0.0,0.017348383,4.7,3.8386447,0,0
7328,12.9,12.753911,0.0,0.017107029,2.8,4.1346726,0,0
7329,12.7,12.855989,0.0,0.016161636,3.2,3.7385921,0,0
7330,12.6,13.039702,0.0,0.015529456,3.5,3.5800776,0,0
7331,12.5,13.049355,0.0,0.014999193,3.3,3.550098,0,0
7332,12.5,12.931675,0.0,0.013964079,2.4,3.383351,0,0
7333,12.6,12.682415,0.0,0.009115835,3.2,2.8223555,0,0
7334,13.2,13.020144,0.0,0.009297915,1.8,2.878397,0,0
7335,13.1,12.961603,0.0,0.0029265494,1.9,2.2520933,0,0
7336,12.8,12.976688,0.0,0.002507212,1.5,1.9409621,0,0
7337,12.6,12.901856,0.0,0.0006997623,1.8,1.6368272,0,0
7338,12.6,12.891598,0.0,0.001780933,1.7,1.6972035,0,0
7339,12.7,12.967716,0.0,0.0019470283,1.0,1.6856971,0,0
7340,12.9,13.296191,0.0,0.003453465,1.9,1.4591277,0,0
7341,12.9,13.86311,0.0,0.0038554196,1.4,1.9014684,0,0
7342,12.9,13.461081,0.0,0.0047189137,0.6000000000000001,1.7457085,0,0
7343,13.5,13.100751,0.0,0.0048919125,0.8,1.2380155,0,0
7344,13.9,13.032416,0.0,0.0038850375,1.2,1.0135198,0,0
7345,13.2,14.491111,0.0,0.0022782083,1.7,1.2754039,0,0
7346,13.5,15.247043,0.0,-0.0013272391,1.1,1.7350544,0,0
7347,14.3,14.885781,0.0,0.002187956,1.3,1.6822855,0,0
7348,15.3,15.720014,0.0,-0.000881323,2.5,1.7112778,0,0
7349,15.5,17.23575,0.0,0.0066958335,3.1,2.772506,0,0
7350,15.7,15.897623,0.0,0.012933032,2.3,3.1268618,0,0
7351,15.7,16.286337,0.0,0.00913215,3.1,2.9027247,0,0
7352,15.4,16.242983,0.0,0.009707718,2.5,3.1842415,0,0
7353,15.1,15.324166,0.0,0.008654511,2.0,2.9195666,0,0
7354,16.0,14.917774,0.0,0.0033360226,2.5,2.409064,0,0
7355,15.5,15.104282,0.0,0.0035882418,3.5,2.4207945,0,0
7356,14.7,15.202433,0.0,0.0068799155,2.1,2.8168347,0,0
7357,13.9,14.3890295,0.0,0.001997654,1.5,2.2827594,0,0
7358,13.7,13.943969,0.0,-0.0022700538,1.7,1.8611759,0,0
7359,13.6,13.901437,0.0,0.0006007544,2.3,1.9611896,0,0
7360,13.3,13.920472,0.0,0.00183919,2.6,2.1907756,0,0
7361,13.1,13.772218,0.0,0.005162373,2.5,2.531434,0,0
7362,12.7,13.520717,0.0,0.006198398,1.5,2.6309063,0,0
7363,12.4,12.93691,0.0,0.0006652166,1.0,2.0864575,0,0
7364,12.2,12.6221285,0.0,-0.0013956799,0.9,1.5910296,0,0
7365,13.9,11.997196,0.0,0.00044555953,0.9,1.3456404,0,0
7366,14.6,12.643634,0.0,0.00033728627,1.3,1.2363783,0,0
7367,14.2,14.246864,0.0,-0.00032471682,2.8,1.5095178,0,0
7368,14.5,14.670412,0.0,0.0067760395,3.6,2.4595757,0,0
7369,15.0,15.323191,0.0,0.011769068,3.9,3.2391703,0,0
7370,16.0,15.143184,0.0,0.013733912,4.1,3.5342612,0,0
7371,16.8,15.94907,0.0,0.013074339,4.6,3.9214687,0,0
7372,17.1,16.858913,0.0,0.012648951,4.3,4.343768,0,0
7373,17.6,17.023636,0.0,0.012092735,4.2,4.4032884,0,0
7374,18.4,17.429592,0.0,0.010838946,3.8,4.3884816,0,0
7375,19.5,18.01992,0.0,0.00871646,3.9,4.2015142,0,0
7376,19.1,18.32721,0.0,0.0072467444,3.6,4.0784903,0,0
7377,18.5,18.19992,0.0,0.0058008595,3.5,3.8088348,0,0
7378,17.6,17.6839,0.0,0.004978343,3.6,3.4738188,0,0
7379,17.1,17.01752,0.0,0.006925453,2.5,3.1868396,0,0
7380,16.1,16.640905,0.0,0.0038869188,2.6,2.5829794,0,0
7381,15.2,15.982786,0.0,0.0030919753,2.3,2.4232924,0,0
7382,14.7,15.132105,0.0,0.0011350294,2.4,2.1893418,0,0
7383,14.4,14.663493,0.0,0.002744277,3.1,2.2730026,0,0
7384,14.0,14.435056,0.0,0.007832462,2.6,2.7384834,0,0
7385,13.7,13.901772,0.0,0.0065697967,2.5,2.5959184,0,0
7386,13.5,13.561277,0.0,0.0061953166,1.2,2.5321314,0,0
7387,13.7,13.385166,0.0,0.0011515401,1.3,1.8921764,0,0
7388,13.8,13.861667,0.0,-0.0006779467,2.6,1.625092,0,0
7389,13.7,14.256523,0.0,0.00451707,1.3,2.3625753,0,0
7390,13.3,13.999349,0.0,0.000322615,1.6,1.8633307,0,0
7391,13.0,13.761638,0.0,0.0025677073,1.2,1.8692414,0,0
7392,13.3,13.575904,0.0,0.001305923,0.9,1.598404,0,0
7393,13.9,14.10604,0.0,0.0010034755,1.4,1.4295099,0,0
7394,15.9,14.949144,0.0,0.00037736984,2.0,1.7210971,0,0
7395,17.5,17.587282,0.0,0.00541534,2.9,2.5339828,0,0
7396,19.2,19.225555,0.0,0.0029355239,2.3,3.1490943,0,0
7397,20.4,20.0875,0.0,0.0028818657,2.6,2.9998238,0,0
7398,21.0,20.373882,0.0,0.003021707,3.3,3.169508,0,0
7399,20.6,20.599699,0.0,0.0038793385,3.5,3.4188163,0,0
7400,20.4,20.025818,0.0,0.003376817,3.9,3.3934848,0,0
7401,20.4,19.99383,0.0,0.0029258023,3.7,3.4690053,0,0
7402,19.7,19.604334,0.0,0.0021861338,3.5,3.288712,0,0
7403,18.9,18.840103,0.0,0.0027708106,2.5,2.98798,0,0
7404,18.0,18.20834,0.0,0.000907905,1.1,2.3760474,0,0
7405,17.0,17.541464,0.0,-0.006195658,1.3,1.4900664,0,0
7406,16.0,16.740717,0.0,-0.005211638,1.2,1.2436453,0,0
7407,15.2,15.632144,0.0,-0.004024639,1.6,1.0287378,0,0
7408,14.9,14.91619,0.0,-0.0021026488,2.3,1.2374519,0,0
7409,13.9,14.671832,0.0,-0.0026416793,1.0,1.6886584,0,0
7410,13.6,13.382347,0.0,-0.0003250706,1.6,1.1029476,0,0
7411,13.0,13.387571,0.0,2.990834e-05,1.0,1.2559769,0,0
7412,12.8,12.806246,0.0,0.0010908206,0.9,1.0433762,0,0
7413,12.3,13.198503,0.0,5.577042e-05,1.3,0.96377057,0,0
7414,11.8,12.556036,0.0,0.002180082,0.3999999999999999,1.1447397,0,0
7415,11.700000000000001,11.741285,0.0,0.0031575884,1.2,0.7585741,0,0
7416,11.700000000000001,12.366495,0.0,0.002439091,0.3999999999999999,1.0668343,0,0
7417,12.0,12.844844,0.0,0.00230172,1.8,0.8744871,0,0
7418,15.0,13.768182,0.0,0.0024362714,1.1,1.7509305,0,0
7419,19.8,17.696852,0.0,-0.005029581,1.0,1.7535444,0,0
7420,22.9,22.767324,0.0,0.008328614,2.6,1.6584458,0,0
7421,23.4,23.308931,0.0,0.007457591,3.2,2.869984,0,0
7422,23.8,22.908247,0.0,0.00770492,3.8,3.3884141,0,0
7423,24.5,22.663113,0.0,0.008073433,2.4,3.6999187,0,0
7424,24.0,22.971619,0.0,0.0077504977,2.3,3.2786856,0,0
7425,23.2,22.693758,0.0,0.0064560464,3.5,2.853253,0,0
7426,22.6,22.169758,0.0,0.005734074,1.6,3.031442,0,0
7427,21.7,21.800203,0.0,0.0066607282,1.8,1.9822525,0,0
7428,20.9,21.036026,0.0,0.0014770473,1.8,1.6289022,0,0
7429,19.8,19.948095,0.0,-0.0011872735,0.9,1.5564775,0,0
7430,18.5,19.175407,0.0,-0.001930746,1.1,1.1256949,0,0
7431,17.6,18.155487,0.0,-0.0029033055,0.8,1.1103045,0,0
7432,16.2,17.222982,0.0,-0.00439126,0.8,0.80345,0,0
7433,15.1,15.688634,0.0,-0.003935191,1.2,0.7056984,0,0
7434,14.4,14.279596,0.0,-0.00071346504,0.5,0.8316084,0,0
7435,13.5,13.894158,0.0,-0.002108515,1.1,0.6284387,0,0
7436,12.5,13.007193,0.0,0.0010281396,0.7,0.76814115,0,0
7437,12.1,12.253149,0.0,0.00226573,1.1,0.7075081,0,0
7438,11.5,12.294324,0.0,0.0021192406,1.0,0.8455703,0,0
7439,11.3,11.964897,0.0,0.0029038896,0.8,0.9195838,0,0
7440,11.2,12.015216,0.0,0.0025157048,0.7,0.90278536,0,0
7441,11.2,12.597949,0.0,0.0035115425,1.1,1.0148791,0,0
7442,15.1,12.750191,0.0,0.0058519426,0.7,1.3400297,0,0
7443,18.8,19.625868,0.0,-0.0020547332,0.9,1.1347543,0,0
7444,21.6,21.4381,0.0,0.0016760676,0.19999999999999996,1.28501,0,0
7445,22.9,23.06986,0.0,0.005289942,0.6000000000000001,1.2592448,0,0
7446,23.2,22.912567,0.0,0.006117148,2.6,1.2442067,0,0
7447,23.0,22.271059,0.0,0.0074326005,1.8,2.097875,0,0
7448,23.3,22.741745,0.0,0.009731276,1.3,1.7770655,0,0
7449,22.9,22.712593,0.0,0.007003819,1.0,1.5301939,0,0
7450,22.6,22.028278,0.0,0.0043500243,1.6,1.1441021,0,0
7451,21.9,21.346771,0.0,0.0026070662,1.2,1.1687254,0,0
7452,21.3,20.799614,0.0,0.001343632,0.9,1.0516909,0,0
7453,19.9,20.074043,0.0,0.00036356627,0.5,0.9112073,0,0
7454,17.9,18.552683,0.0,-0.0008829085,1.1,0.76138985,0,0
7455,17.3,17.141731,0.0,-0.0025938493,0.7,0.843413,0,0
7456,17.1,16.839443,0.0,-0.0043897913,0.5,0.7069931,0,0
7457,15.9,17.178646,0.0,-0.0035730342,0.7,0.62866795,0,0
7458,14.7,15.402196,0.0,-0.0020610718,0.7,0.6525544,0,0
7459,14.2,14.472901,0.0,0.0017798133,0.3999999999999999,0.7307037,0,0
7460,13.9,14.330272,0.0,9.3517865e-06,0.8,0.59324765,0,0
7461,13.5,14.051679,0.0,0.0012218973,0.7,0.6763576,0,0
7462,13.5,13.655565,0.0,0.0017070809,0.9,0.66199005,0,0
7463,13.4,13.834239,0.0,0.0018950319,0.9,0.75461936,0,0
7464,13.1,14.528795,0.0,0.003431503,0.9,0.9478954,0,0
7465,14.3,13.9435625,0.0,0.0049665873,0.7,0.9828683,0,0
7466,17.3,16.01003,0.0,0.00025558507,0.9,0.9155897,0,0
7467,20.3,20.952538,0.0,0.0024053887,0.9,1.2050672,0,0
7468,22.5,22.80841,0.0,0.0066070887,0.5,1.2744353,0,0
7469,23.0,22.820791,0.0,0.008440651,1.2,1.0979036,0,0
7470,23.6,23.156673,0.0,0.008933915,1.5,1.459506,0,0
7471,23.9,23.462324,0.0,0.012651773,1.9,1.6445757,0,0
7472,23.8,23.512579,0.0,0.012803527,1.6,1.6917099,0,0
7473,23.8,23.4014,0.0,0.011889915,1.6,1.6287254,0,0
7474,23.1,23.06034,0.0,0.008275326,2.4,1.5030898,0,0
7475,21.9,22.127922,0.0,0.0052045714,1.9,1.5834221,0,0
7476,21.2,20.518253,0.0,0.004074299,0.5,1.2922494,0,0
7477,20.8,19.81281,0.0,0.0041259117,0.19999999999999996,0.723639,0,0
7478,20.3,19.610804,0.0,0.0035874678,0.0,0.55465317,0,0
7479,19.0,19.842146,0.0,0.0036038733,0.3999999999999999,0.5181515,0,0
7480,18.2,17.9031,0.0,0.0018117815,0.7,0.5553709,0,0
7481,17.4,17.90828,0.0,0.0008447583,0.5,0.56419027,0,0
7482,16.8,17.235952,0.0,0.00073142763,0.8,0.48392057,0,0
7483,16.6,16.529982,0.0,0.0028154675,0.3999999999999999,0.5953566,0,0
7484,16.1,16.706202,0.0,0.0015565499,0.3999999999999999,0.51227117,0,0
7485,16.3,16.21432,0.0,0.0031707392,0.7,0.4779948,0,0
7486,16.2,16.525846,0.0,0.0022002612,0.30000000000000004,0.55284667,0,0
7487,15.9,16.459486,0.0,0.0027794063,0.19999999999999996,0.49187684,0,0
7488,15.9,16.498878,0.0,0.002802138,0.5,0.50517964,0,0
7489,16.7,16.95652,0.0,0.0022797838,0.6000000000000001,0.57659507,0,0
7490,19.8,18.4109,0.0,0.0019304936,0.8,0.6832056,0,0
7491,23.1,22.424435,0.0,0.0072944965,0.7,0.9783145,0,0
7492,25.3,24.879196,0.0,0.00447382,1.0,1.2467588,0,0
7493,25.5,26.206541,0.0,0.007050008,1.9,1.5418686,0,0
7494,25.6,24.691706,0.0,0.010224079,2.4,1.9169053,0,0
7495,25.7,24.730726,0.0,0.009440288,1.5,2.2123363,0,0
7496,25.6,23.875107,0.0,0.01074839,2.6,1.6917045,0,0
7497,25.2,24.358696,0.0,0.009980641,1.5,1.9678156,0,0
7498,24.6,23.737568,0.0,0.010997211,1.7,1.6185751,0,0
7499,23.9,23.447489,0.0,0.0100994585,2.0,1.4549419,0,0
7500,23.3,23.013798,0.0,0.012359541,0.6000000000000001,1.4036943,0,0
7501,22.5,22.482986,0.0,0.010014255,0.30000000000000004,0.8168739,0,0
7502,22.3,21.52429,0.0,0.009846694,0.30000000000000004,0.60801625,0,0
7503,21.8,21.875946,0.0,0.008943333,0.5,0.58709383,0,0
7504,21.2,21.951748,0.0,0.009458078,0.10000000000000009,0.63447344,0,0
7505,19.7,21.608822,0.0,0.00862128,0.6000000000000001,0.51886475,0,0
7506,19.3,20.242392,0.0,0.008311037,0.5,0.5107238,0,0
7507,19.0,19.892271,0.0,0.0077740373,0.5,0.5287844,0,0
7508,19.0,19.362682,0.0,0.0067218496,0.10000000000000009,0.51531315,0,0
7509,18.6,19.250309,0.0,0.006921409,0.7,0.44227767,0,0
7510,18.5,19.07791,0.0,0.0063274554,0.6000000000000001,0.54067266,0,0
7511,18.2,18.92669,0.0,0.0056760353,0.6000000000000001,0.5600929,0,0
7512,18.0,18.900019,0.0,0.0064337263,0.8,0.60317683,0,0
7513,18.7,19.200096,0.0,0.004466388,1.0,0.6883137,0,0
7514,21.2,19.829863,0.0,0.0048805815,0.3999999999999999,0.8228884,0,0
7515,24.0,22.628801,0.0,0.008999522,1.3,0.85419095,0,0
7516,25.2,24.695698,0.0,0.007049036,1.4,1.2917929,0,0
7517,25.6,25.128937,0.0,0.010036455,2.2,1.6023039,0,0
7518,26.1,25.431328,0.0,0.010601004,2.4,2.083698,0,0
7519,26.0,25.560036,0.0,0.010174851,2.1,2.2294722,0,0
7520,26.3,25.184353,0.0,0.010422042,2.8,2.0127535,0,0
7521,26.8,25.291065,0.0,0.009664966,2.8,2.2688818,0,0
7522,26.6,25.28434,0.0,0.0097061675,1.6,2.2711115,0,0
7523,25.5,24.749294,0.0,0.010884855,1.5,1.6088731,0,0
7524,24.9,24.68053,0.0,0.009929145,1.4,1.2985094,0,0
7525,24.1,24.05679,0.0,0.010148856,0.30000000000000004,1.1349639,0,0
7526,23.5,23.905968,0.0,0.009565778,0.0,0.72597563,0,0
7527,23.2,23.893768,0.0,0.0073364316,0.19999999999999996,0.61738,0,0
7528,22.0,23.747906,0.0,0.0074890954,0.5,0.62624323,0,0
7529,21.4,22.358162,0.0,0.008865229,0.6000000000000001,0.5808079,0,0
7530,20.8,21.777359,0.0,0.009008322,1.0,0.58743286,0,0
7531,20.5,21.181162,0.0,0.008533034,0.19999999999999996,0.69912267,0,0
7532,20.3,20.79748,0.0,0.008457591,0.30000000000000004,0.57133543,0,0
7533,20.0,20.645998,0.0,0.008595428,0.6000000000000001,0.52485824,0,0
7534,19.7,21.185143,0.0,0.008149313,0.7,0.62036705,0,0
7535,19.0,20.989817,0.0,0.008724042,0.6000000000000001,0.6787579,0,0
7536,19.0,20.252506,0.0,0.00786311,0.6000000000000001,0.66929173,0,0
7537,19.7,20.361002,0.0,0.007892741,0.6000000000000001,0.69837487,0,0
7538,21.7,21.063873,0.0,0.008101486,0.5,0.7242098,0,0
7539,23.7,23.071527,0.0,0.008862188,0.3999999999999999,0.82833385,0,0
7540,26.0,24.53216,0.0,0.0074157463,0.5,0.8479954,0,0
7541,27.2,26.548674,0.0,0.00914586,2.4,0.97113633,0,0
7542,27.1,27.190216,0.0,0.012002933,3.4,2.0952775,0,0
7543,27.4,27.030058,0.0,0.012208672,2.3,2.774732,0,0
7544,26.8,26.722607,0.0,0.011201765,2.7,2.4407637,0,0
7545,26.6,26.127531,0.0,0.0105849495,3.0,2.3452036,0,0
7546,25.6,25.767824,0.0,0.010074349,3.5,2.3332477,0,0
7547,25.3,25.039886,0.0,0.0117695555,0.9,2.3368146,0,0
7548,24.9,24.909868,0.0,0.012117088,3.6,1.2495831,0,0
7549,24.5,24.203524,0.0,0.014173885,1.5,1.9245789,0,0
7550,24.3,24.084518,0.0,0.011273952,1.0,1.4491559,0,0
7551,24.3,24.267647,0.0,0.012926304,0.6000000000000001,1.0769876,0,0
7552,24.1,24.44395,0.0,0.00943474,0.6000000000000001,0.8048897,0,0
7553,24.3,24.253618,0.0,0.008316665,0.5,0.74130857,0,0
7554,24.2,24.449598,0.0,0.0083132535,0.3999999999999999,0.7438681,0,0
7555,24.3,24.40021,0.0,0.0078708185,0.5,0.6958859,0,0
7556,24.0,24.446703,0.0,0.008253396,0.30000000000000004,0.7534834,0,0
7557,23.8,24.233486,0.0,0.008598131,0.6000000000000001,0.68696046,0,0
7558,23.6,23.950056,0.0,0.008618004,0.6000000000000001,0.72299445,0,0
7559,22.4,23.783064,0.0,0.0101114595,0.9,0.7334542,0,0
7560,22.9,23.804543,0.0,0.010203128,0.7,0.82123506,0,0
7561,23.3,23.518793,0.0,0.011144509,1.2,0.7843138,0,0
7562,25.7,24.47667,0.0,0.008635375,1.0,0.9811971,0,0
7563,28.7,26.90247,0.0,0.009462693,1.5,1.1794438,0,0
7564,29.5,29.22651,0.0,0.013349176,1.5,2.0582638,0,0
7565,29.2,29.517216,0.0,0.014655891,3.3,2.3341846,0,0
7566,29.5,29.16259,0.0,0.015924724,3.7,3.0544016,0,0
7567,27.8,29.200024,0.0,0.015956702,6.1,3.4069092,0,0
7568,27.4,28.204227,0.0,0.016571581,4.1,4.2743936,0,0
7569,26.8,27.259697,0.0,0.015653992,5.2,3.973347,0,0
7570,26.3,26.526888,0.0,0.014141504,4.4,4.094978,0,0
7571,26.3,25.687849,0.0,0.013689004,1.4,3.6491146,0,0
7572,26.3,25.448017,0.0,0.012727512,3.4,1.9668224,0,0
7573,25.9,25.53308,0.0,0.010970396,3.4,2.368047,0,0
7574,25.8,25.38216,0.0,0.013295863,3.1,2.5020099,0,0
7575,25.8,25.436668,0.0,0.013283737,2.7,2.5225255,0,0
7576,25.7,25.364199,0.0,0.025456784,2.2,2.3865333,0,0
7577,25.5,25.266203,0.0,0.013072553,1.4,2.0866568,0,0
7578,25.4,24.805584,0.0,0.011478438,1.2,1.551658,0,0
7579,25.5,24.815374,0.0,0.011106499,1.1,1.2985523,0,0
7580,25.6,24.888966,0.0,0.008828409,1.8,1.1264874,0,0
7581,25.4,24.475725,0.0,0.012844216,0.9,1.4899877,0,0
7582,24.7,25.024805,0.0,0.013068428,0.9,1.1940098,0,0
7583,22.4,23.962894,0.0,0.97263384,0.8,1.1537589,0,0
7584,19.4,22.662563,0.0,0.72523034,1.9,1.0317267,0,0
7585,18.6,19.820927,0.0,0.8653377,1.7,1.6532953,0,0
7586,17.8,18.686907,0.0,0.06617147,2.7,1.7439358,0,0
7587,16.8,17.627752,0.0,0.036093395,2.9,2.4792264,0,0
7588,17.3,16.658648,0.0,0.018912075,3.0,2.6769004,0,0
7589,17.2,17.018713,0.0,0.014367704,4.4,2.855926,0,0
7590,16.9,16.842384,0.0,0.013645033,3.1,3.3168662,0,0
7591,16.6,16.526817,0.0,0.016960632,3.1,3.0268734,0,0
7592,16.0,16.663044,0.0,0.015479599,3.3,2.857555,0,0
7593,15.8,16.44396,0.0,0.014470165,2.6,2.948016,0,0
7594,16.0,16.187767,0.0,0.012449342,3.3,2.6964815,0,0
7595,15.8,16.023125,0.0,0.020431677,2.7,2.9992392,0,0
7596,15.3,15.755676,0.0,0.029647859,3.6,2.959077,0,0
7597,15.1,15.404712,0.0,0.023509704,4.5,3.4080968,0,0
7598,14.5,14.990562,0.0,0.019385466,3.1,3.8316188,0,0
7599,14.3,14.504552,0.0,0.021836411,1.7,3.3908958,0,0
7600,14.7,14.375039,0.0,0.013831643,2.6,2.7639544,0,0
7601,15.4,14.968361,0.0,0.016743079,2.8,2.926572,0,0
7602,15.8,15.561817,0.0,0.012874506,1.9,3.0610976,0,0
7603,16.0,15.747122,0.0,0.010499333,3.6,2.656981,0,0
7604,15.9,15.856596,0.0,0.013976956,3.0,3.2185948,0,0
7605,15.8,15.71388,0.0,0.013306101,3.8,3.1387086,0,0
7606,15.4,15.658927,0.0,0.013667388,4.1,3.384091,0,0
7607,15.1,15.497914,0.0,0.013910695,3.8,3.5407195,0,0
7608,14.7,15.16182,0.0,0.014845183,3.6,3.4626677,0,0
7609,14.1,14.979655,0.0,0.01465063,4.0,3.2838502,0,0
7610,14.4,14.858846,0.0,0.014412316,3.5,3.2788215,0,0
7611,14.6,14.914959,0.0,0.01358799,3.6,3.2062361,0,0
7612,14.6,14.716666,0.0,0.01628338,4.9,3.1963713,0,0
7613,14.5,14.489762,0.0,0.016866313,4.6,3.7337272,0,0
7614,14.6,14.394493,0.0,0.017243916,5.0,4.0095477,0,0
7615,13.2,14.375106,1.5,0.018544113,4.1,4.2193284,1,0
7616,13.3,13.442813,6.499999999999999,1.3448372,2.8,3.813966,1,1
7617,13.1,13.036064,3.0,2.88953,4.4,3.0992613,1,1
7618,13.3,11.911705,1.0,1.9796541,2.8,3.6883352,1,1
7619,13.0,12.6633005,2.0000000000000004,0.9902059,3.1,3.2754135,1,1
7620,13.3,12.859821,1.0,1.1755989,2.6,3.0123196,1,1
7621,13.2,13.254479,0.5,0.7797228,4.1,2.7925444,1,1
7622,14.5,13.205269,3.9999999999999982,0.41480702,3.2,3.300161,1,1
7623,14.4,13.6835165,1.0,2.1103413,3.0,3.023942,1,1
7624,14.6,13.595731,1.0,1.0175426,2.6,3.0536737,1,1
7625,14.3,14.163124,0.5,0.6884469,3.3,2.8253427,1,1
7626,14.1,14.485787,1.0,0.66174126,2.6,2.92844,1,1
7627,14.0,14.528213,2.0000000000000004,0.6701491,2.3,2.6032557,1,1
7628,13.9,14.101245,5.999999999999999,1.0151601,2.4,2.291099,1,1
7629,13.8,14.011953,5.0,3.1804876,2.4,2.2081027,1,1
7630,13.6,13.776456,4.5,2.8300939,2.5,2.2026978,1,1
7631,13.5,13.51359,3.5,2.3442497,1.6,2.1775677,1,1
7632,13.6,14.009994,1.5,2.3023696,0.8,1.8182515,1,1
7633,13.8,14.653079,1.5,0.9212103,1.1,1.3269109,1,1
7634,14.1,14.554014,0.0,1.0483794,1.7,1.3361285,0,1
7635,14.2,14.571609,0.0,0.0347667,1.5,1.6231474,0,0
7636,14.4,14.725462,0.0,0.019388445,1.5,1.7889107,0,0
7637,14.4,15.027003,0.0,0.010832339,1.1,1.8826212,0,0
7638,14.6,15.108985,0.0,0.007269817,1.6,1.5678549,0,0
7639,14.8,15.308209,0.0,0.0053083226,2.3,1.6939443,0,0
7640,14.8,15.448289,0.0,0.006611183,2.1,2.2893567,0,0
7641,14.6,15.375237,0.0,0.006051491,1.9,2.3159072,0,0
7642,14.7,14.99334,0.0,0.005676523,1.2,2.1652577,0,0
7643,14.6,14.748414,0.0,0.006808591,1.2,1.6235713,0,0
7644,14.8,14.831718,0.0,0.007949604,1.4,1.399731,0,0
7645,14.7,16.123022,0.0,0.0014552075,1.8,1.5125787,0,0
7646,14.7,15.906059,0.0,0.0013223134,1.6,1.754984,0,0
7647,15.0,15.501989,0.0,0.006266989,1.7,1.8236967,0,0
7648,15.2,15.857451,0.0,0.005397017,2.2,1.9597183,0,0
7649,15.5,16.173328,0.0,0.01038449,1.5,2.4742105,0,0
7650,15.9,16.579006,0.0,0.009843765,2.3,2.3344426,0,0
7651,16.5,16.717878,0.0,0.0102900835,1.8,2.6358538,0,0
7652,17.8,16.804544,0.0,0.0072139567,2.3,2.3988671,0,0
7653,18.8,18.091402,0.0,0.0062460937,2.2,2.5936375,0,0
7654,18.8,18.366922,0.0,0.005709387,3.0,2.5912054,0,0
7655,18.3,18.044937,0.0,0.006729939,3.6,2.8210418,0,0
7656,18.2,17.658808,0.0,0.0071799406,3.1,2.8789399,0,0
7657,17.7,17.550802,0.0,0.0059277383,2.3,2.702602,0,0
7658,17.1,16.989973,0.0,0.0013714007,2.5,2.1568553,0,0
7659,16.1,16.547707,0.0,0.0020473641,0.9,2.1073303,0,0
7660,16.1,15.92221,0.0,0.00022590977,1.7,1.358002,0,0
7661,15.9,16.423244,0.0,-0.00056826806,1.7,1.5938258,0,0
7662,15.8,16.17362,0.0,0.00051613187,1.5,1.6245911,0,0
7663,16.3,16.145205,0.0,0.00080422725,1.4,1.5107534,0,0
7664,16.6,16.639812,0.0,0.00056975667,1.2,1.4345573,0,0
7665,16.7,16.814308,0.0,0.00097499735,0.5,1.2145338,0,0
7666,16.4,16.778353,0.0,0.00083996716,0.30000000000000004,0.819757,0,0
7667,16.1,16.224768,0.0,0.0028634283,0.6000000000000001,0.62076426,0,0
7668,15.9,15.861074,0.0,0.0058643306,0.10000000000000009,0.64668906,0,0
7669,16.6,15.733883,0.0,0.0039752712,0.19999999999999996,0.5131173,0,0
7670,17.1,18.993258,0.0,0.0012341127,0.3999999999999999,0.6836064,0,0
7671,17.7,20.553387,0.0,0.0048765233,0.8,0.90888125,0,0
7672,18.0,21.232897,0.0,0.004272021,0.5,1.0035094,0,0
7673,19.7,20.712093,0.0,0.0051365215,0.8,0.9290056,0,0
7674,21.6,22.16313,0.0,0.007458725,1.2,1.2557005,0,0
7675,23.1,23.407381,0.0,0.012286643,2.1,1.6452771,0,0
7676,23.8,23.861132,0.0,0.009363833,2.1,2.186645,0,0
7677,24.5,23.813028,0.0,0.008976846,2.1,2.326306,0,0
7678,24.9,23.95642,0.0,0.00921893,2.1,2.2986107,0,0
7679,24.4,23.827835,0.0,0.009031003,2.4,2.1751623,0,0
7680,23.7,23.619265,0.0,0.008655871,2.6,2.1080935,0,0
7681,22.4,22.899485,0.0,0.008500024,2.5,2.0121155,0,0
7682,20.9,21.78954,0.0,0.0066070175,2.1,1.9301305,0,0
7683,20.1,20.422903,0.0,0.0014736971,1.6,1.7312505,0,0
7684,19.7,19.793118,0.0,-0.0010271852,1.4,1.4498291,0,0
7685,19.3,19.287647,0.0,-0.001093842,1.2,1.2213339,0,0
7686,18.7,18.87528,0.0,-0.00085749815,1.0,1.1247528,0,0
7687,18.2,18.382921,0.0,-0.000851807,1.1,0.9608758,0,0
7688,18.0,18.206366,0.0,-0.00080750545,0.6000000000000001,0.97395927,0,0
7689,17.8,18.237667,0.0,0.00010004522,1.0,0.7768283,0,0
7690,17.3,18.095829,0.0,3.1983393e-05,0.5,0.8404274,0,0
7691,17.5,17.334341,0.0,0.00036899227,0.3999999999999999,0.6283474,0,0
7692,16.4,17.654583,0.0,0.0011778899,0.30000000000000004,0.57249105,0,0
7693,16.3,16.457163,0.0,0.004828294,0.3999999999999999,0.50935125,0,0
7694,16.7,16.792948,0.0,0.0028665664,0.7,0.52742076,0,0
7695,17.7,17.855425,0.0,0.001462807,0.8,0.65396214,0,0
7696,19.5,19.50323,0.0,0.0030900585,0.7,0.78433216,0,0
7697,21.9,21.72593,0.0,0.007454533,0.3999999999999999,0.92943376,0,0
7698,23.2,23.747732,0.0,0.006425051,0.30000000000000004,0.98650396,0,0
7699,24.0,24.198677,0.0,0.007865265,1.1,1.0155233,0,0
7700,24.5,24.065582,0.0,0.009157244,1.8,1.3518624,0,0
7701,25.9,23.809196,0.0,0.011166522,1.0,1.6975887,0,0
7702,25.7,25.00613,0.0,0.00761148,1.2,1.5592177,0,0
7703,25.3,24.739643,0.0,0.0076781884,2.2,1.4976206,0,0
7704,25.0,23.750017,0.0,0.011142802,1.0,1.6683902,0,0
7705,24.7,23.822361,0.0,0.0071495194,0.5,1.1264993,0,0
7706,24.2,23.372345,0.0,0.0069540446,0.19999999999999996,0.77888966,0,0
7707,23.6,23.166416,0.0,0.0060892473,0.3999999999999999,0.67385113,0,0
7708,22.2,22.676191,0.0,0.006548149,0.8,0.64255667,0,0
7709,21.6,20.871746,0.0,0.007104171,0.8,0.69575775,0,0
7710,21.2,21.370811,0.0,0.0067841066,1.0,0.7658318,0,0
7711,21.4,21.219522,0.0,0.0064689517,0.6000000000000001,0.7921008,0,0
7712,20.9,21.64314,0.0,0.0072484775,0.19999999999999996,0.7235291,0,0
7713,21.0,21.559166,0.0,0.008934429,0.19999999999999996,0.70241356,0,0
7714,20.6,21.40428,0.0,0.007844901,0.19999999999999996,0.58380425,0,0
7715,20.8,21.032661,0.0,0.008290618,0.3999999999999999,0.5371362,0,0
7716,20.4,20.760765,0.0,0.009190428,0.5,0.56058955,0,0
7717,16.7,20.866058,1.0,0.009440949,0.19999999999999996,0.6294246,1,0
7718,16.9,17.789392,1.5,0.46545735,0.5,0.7908391,1,0
7719,17.0,17.132221,0.5,0.59831285,0.8,0.8212764,1,1
7720,17.1,17.752195,0.5,0.2342519,0.5,0.8320285,1,0
7721,17.3,17.494268,0.5,0.41810435,0.19999999999999996,0.84030235,1,1
7722,16.8,17.547321,0.5,0.31837156,1.1,0.7838812,1,0
7723,16.7,17.174839,0.5,0.50363696,0.5,1.0338513,1,1
7724,16.3,17.318117,5.0,0.4176833,1.3,0.9947821,1,1
7725,16.2,16.389963,3.9999999999999982,1.2618418,0.8,0.95595807,1,1
7726,16.4,16.776508,1.5,1.8834693,0.7,0.85784453,1,1
7727,18.8,16.970554,0.0,0.9110576,0.5,0.7726402,0,1
7728,19.4,18.67505,0.0,0.020314092,2.0,0.681427,0,0
7729,20.0,19.179676,0.0,0.012373026,1.6,1.2378538,0,0
7730,20.8,19.853952,0.0,0.0074645127,1.3,1.5156027,0,0
7731,21.2,20.501507,0.0,0.005984448,2.2,1.3315237,0,0
7732,21.5,20.786264,0.0,0.0036704284,2.2,1.7362701,0,0
7733,21.6,21.456896,0.0,0.0055562505,3.5,1.8846537,0,0
7734,21.0,21.363672,0.0,0.005679516,2.5,2.6761608,0,0
7735,20.7,21.072697,0.0,0.0060525667,1.7,2.4242601,0,0
7736,21.0,20.983318,0.0,0.0058811065,2.7,2.057698,0,0
7737,20.6,21.895266,0.0,0.0061771073,1.9,2.6176164,0,0
7738,20.3,20.993317,0.0,0.0064402767,1.5,2.233108,0,0
7739,20.0,20.197527,0.0,0.0024876127,0.9,1.86815,0,0
7740,18.9,20.11625,0.0,0.0011498096,0.30000000000000004,1.3576341,0,0
7741,19.0,18.396467,0.0,0.0018302851,0.8,0.750131,0,0
7742,18.8,18.526522,0.0,0.0013526108,0.8,0.7745317,0,0
7743,19.3,18.01575,0.0,0.0008790531,1.2,0.73847485,0,0
7744,19.5,18.572145,0.0,0.001058372,1.1,0.90780586,0,0
7745,19.7,19.110355,0.0,0.0029249801,0.8,1.0314829,0,0
7746,18.4,20.507484,0.0,0.0053090043,0.10000000000000009,1.0665178,0,0
7747,19.7,19.121405,0.0,0.0061123054,0.6000000000000001,0.8105861,0,0
7748,24.4,21.795767,0.0,0.007884027,1.7,0.8869006,0,0
7749,26.3,24.668062,0.0,0.009411227,0.30000000000000004,1.7804906,0,0
7750,26.8,26.605888,0.0,0.006871158,1.0,1.2561809,0,0
7751,26.8,26.732403,0.0,0.008418746,1.0,1.3556641,0,0
7752,26.6,26.229773,0.0,0.007979354,1.3,1.4155942,0,0
7753,26.7,25.682451,0.0,0.008167811,0.9,1.4906183,0,0
7754,26.7,25.802317,0.0,0.0050960304,0.9,1.1808516,0,0
7755,25.8,25.541166,0.0,0.004899965,0.6000000000000001,0.9348156,0,0
7756,25.0,24.753428,0.0,0.004755348,0.8,0.7169473,0,0
7757,23.7,23.933844,0.0,0.00619402,0.9,0.7095213,0,0
7758,22.8,22.885302,0.0,0.008426379,0.7,0.75973034,0,0
7759,22.0,22.512566,0.0,0.008681701,0.30000000000000004,0.7512944,0,0
7760,21.5,22.26072,0.0,0.008335412,0.5,0.6253873,0,0
7761,20.7,21.91111,0.0,0.008596441,1.3,0.6410701,0,0
7762,20.5,20.86708,0.0,0.0069504315,0.5,0.84288573,0,0
7763,20.6,20.56871,0.0,0.0069499775,0.3999999999999999,0.6186955,0,0
7764,20.6,20.48912,0.0,0.007520357,0.10000000000000009,0.54855597,0,0
7765,20.4,20.428814,0.0,0.008188223,0.0,0.48016548,0,0
7766,21.1,20.384686,0.0,0.007950869,0.3999999999999999,0.39322233,0,0
7767,21.2,20.616402,0.0,0.009025241,0.9,0.573161,0,0
7768,20.6,21.08808,0.0,0.011112977,0.30000000000000004,0.8515191,0,0
7769,20.9,20.991936,0.0,0.0085683465,0.10000000000000009,0.75510275,0,0
7770,21.4,21.830938,0.0,0.008290422,0.30000000000000004,0.71198034,0,0
7771,22.0,22.69798,0.0,0.007885897,0.6000000000000001,0.75729644,0,0
7772,23.2,22.807842,0.0,0.007825989,0.30000000000000004,0.96587354,0,0
7773,24.3,23.888948,0.0,0.0050109676,0.6000000000000001,1.071572,0,0
7774,25.4,24.557653,0.0,0.0049282103,1.2,1.2248443,0,0
7775,24.5,25.163956,0.0,0.00653975,1.7,1.4923105,0,0
7776,24.8,23.619707,0.0,0.010067776,0.7,1.5651809,0,0
7777,25.8,24.16977,0.0,0.005001166,0.7,1.1473808,0,0
7778,25.0,25.17639,0.0,0.0025906547,1.4,1.067143,0,0
7779,24.3,24.105932,0.0,0.0048532845,0.7,0.9995858,0,0
7780,23.4,22.908056,0.0,0.00728441,1.1,0.7069516,0,0
7781,22.8,22.249876,0.0,0.0077115865,0.3999999999999999,0.70312524,0,0
7782,22.5,21.90787,0.0,0.0068592746,0.6000000000000001,0.562822,0,0
7783,22.3,21.903427,0.0,0.0066179144,0.10000000000000009,0.55494714,0,0
7784,22.0,21.88715,0.0,0.0065050176,0.6000000000000001,0.47993016,0,0
7785,21.4,22.316437,0.0,0.007199181,0.8,0.587361,0,0
7786,21.5,21.673607,0.0,0.0074390406,0.5,0.6338395,0,0
7787,21.2,21.883055,0.0,0.0072367894,0.0,0.60639524,0,0
7788,20.8,21.697508,0.0,0.007431636,0.30000000000000004,0.5125537,0,0
7789,20.7,20.501236,0.0,0.008069832,0.6000000000000001,0.43333173,0,0
7790,20.5,20.864964,0.0,0.0076894276,0.3999999999999999,0.5351337,0,0
7791,20.4,20.544905,0.0,0.007694708,0.9,0.5074798,0,0
7792,20.4,20.524654,0.0,0.007975983,0.3999999999999999,0.6374866,0,0
7793,20.8,21.07645,0.0,0.008661873,0.7,0.63112426,0,0
7794,22.3,21.842562,0.0,0.008464251,0.6000000000000001,0.7644534,0,0
7795,23.9,23.638304,0.0,0.007360107,0.8,0.84528816,0,0
7796,25.8,25.350088,0.0,0.006142815,0.8,1.118867,0,0
7797,27.5,26.52181,0.0,0.008284515,1.1,1.4039432,0,0
7798,27.2,27.433691,0.0,0.010110026,1.4,1.7444274,0,0
7799,26.7,26.147276,0.0,0.009483237,1.2,1.5664451,0,0
7800,26.6,25.99372,0.0,0.008211813,0.6000000000000001,1.4515868,0,0
7801,26.5,26.205627,0.0,0.0057385503,1.8,1.2854093,0,0
7802,26.7,25.733635,0.0,0.006899999,1.1,1.38526,0,0
7803,25.7,25.96752,0.0,0.0045688325,1.1,1.1345497,0,0
7804,24.7,25.01632,0.0,0.007308989,1.1,0.8431158,0,0
7805,24.5,24.136784,0.0,0.010016126,0.30000000000000004,0.72192085,0,0
7806,24.7,23.82549,0.0,0.0078082043,0.6000000000000001,0.5751778,0,0
7807,24.9,23.966478,0.0,0.0065825977,0.5,0.6130339,0,0
7808,21.4,24.302666,0.0,0.009228625,0.19999999999999996,0.68750036,0,0
7809,21.9,22.853773,12.0,0.009492011,0.10000000000000009,0.57747793,1,0
7810,22.1,22.398134,8.500000000000002,6.127499,1.3,1.0538869,1,1
7811,23.1,22.8085,17.499999999999996,8.051273,1.8,1.1863341,1,1
7812,22.0,22.464886,0.5,11.949549,1.5,1.3964498,1,1
7813,22.4,23.097097,0.0,0.6041727,1.2,1.0313879,0,0
7814,22.8,23.372854,0.0,0.02450068,2.7,1.1863326,0,0
7815,22.8,22.845299,0.0,0.013223399,1.3,1.8225244,0,0
7816,22.3,22.653217,0.0,0.021536563,0.7,1.3872118,0,0
7817,21.9,21.928564,0.0,0.17012571,0.6000000000000001,0.99138665,0,0
7818,21.9,21.795921,0.0,0.013741299,0.19999999999999996,0.8138782,0,0
7819,21.7,21.864191,0.0,0.011623772,0.7,0.63417506,0,0
7820,21.3,22.011036,0.0,0.011817295,0.19999999999999996,0.7463031,0,0
7821,21.6,21.652102,0.0,0.010414524,0.3999999999999999,0.6139164,0,0
7822,21.3,21.796188,0.0,0.010091993,0.30000000000000004,0.596537,0,0
7823,21.2,21.605612,0.0,0.0097136,0.30000000000000004,0.55857146,0,0
7824,21.0,21.487858,0.0,0.009955714,0.3999999999999999,0.5658746,0,0
7825,20.9,21.2863,0.0,0.009273273,0.3999999999999999,0.5850564,0,0
7826,20.6,21.13774,0.0,0.009210558,0.19999999999999996,0.5932188,0,0
7827,20.9,20.66402,0.0,0.0106979655,0.8,0.53430796,0,0
7828,21.0,21.20881,0.0,0.009401529,0.19999999999999996,0.6678319,0,0
7829,20.3,21.462511,0.0,0.010645323,0.8,0.64293027,0,0
7830,21.2,21.61405,0.0,0.009373391,0.9,0.7782576,0,0
7831,23.1,22.954714,0.0,0.009927554,0.7,0.9559747,0,0
7832,25.1,24.956968,0.0,0.006053309,0.3999999999999999,1.0275152,0,0
7833,26.6,25.765858,0.0,0.0060917847,0.8,1.0105101,0,0
7834,28.0,27.166748,0.0,0.007574837,1.3,1.2557077,0,0
7835,28.7,27.209555,0.0,0.10598569,1.5,1.5792773,0,0
7836,28.4,28.171074,0.0,0.012131506,1.2,1.8979377,0,0
7837,27.7,27.670515,0.0,0.0104363365,2.6,1.6786559,0,0
7838,27.3,26.557741,0.0,0.010863066,0.9,1.9348967,0,0
7839,26.8,26.24385,0.0,0.009888287,1.4,1.152336,0,0
7840,26.1,25.84613,0.0,0.009781419,0.6000000000000001,0.99081373,0,0
7841,25.6,25.503813,0.0,0.010454767,0.19999999999999996,0.7092619,0,0
7842,24.3,25.082659,0.0,0.0071402597,0.7,0.5965868,0,0
7843,24.2,24.31297,0.5,0.005956461,0.30000000000000004,0.5727346,1,0
7844,24.6,24.371994,0.0,0.011457318,0.5,0.4732988,0,0
7845,24.7,24.238142,0.0,0.006731424,0.30000000000000004,0.5685133,0,0
7846,25.1,24.089643,0.0,0.0073332307,0.6000000000000001,0.7022228,0,0
7847,25.2,24.49906,0.0,0.008866428,0.8,0.884973,0,0
7848,24.0,24.652227,0.0,0.011261957,0.7,0.9793865,0,0
7849,23.8,23.642609,0.0,0.012744822,0.7,0.74713254,0,0
7850,24.6,23.754862,0.0,0.010720358,0.6000000000000001,0.73090017,0,0
7851,25.8,24.812332,0.0,0.008509875,0.30000000000000004,0.76644015,0,0
7852,28.9,26.467772,0.0,0.0077102133,1.8,0.81012845,0,0
7853,29.1,29.627562,0.0,0.013500502,1.8,2.0815017,0,0
7854,28.3,29.560596,0.0,0.015814561,5.0,2.313117,0,0
7855,29.4,28.685255,0.0,0.017526893,2.1,3.7485242,0,0
7856,28.8,29.579063,0.0,0.016527807,1.7,3.139115,0,0
7857,29.3,28.571238,0.0,0.014351317,2.2,2.309652,0,0
7858,29.7,28.618923,0.0,0.0128882835,3.2,2.2377882,0,0
7859,29.7,28.630632,0.0,0.01223455,1.3,2.646847,0,0
7860,29.3,28.169252,0.0,0.011502671,1.9,1.6087432,0,0
7861,20.4,27.514198,30.500000000000007,0.011380109,2.5,1.4100047,1,0
7862,19.6,23.228008,16.0,12.141994,2.9,1.6128541,1,1
7863,18.6,20.01291,3.0,6.412294,1.7,1.7037771,1,1
7864,18.2,19.063673,2.0000000000000004,1.5297766,1.3,1.5881574,1,1
7865,17.7,18.632383,0.5,1.6330178,1.7,1.3106241,1,1
7866,17.2,17.58139,0.5,0.5231246,2.3,1.6402245,1,1
7867,16.6,16.847198,2.0000000000000004,0.29999426,2.5,2.124,1,1
7868,15.9,15.812652,0.0,1.0558448,1.6,2.216172,0,1
7869,16.5,16.2496,0.0,0.023280438,2.1,2.0086987,0,0
7870,17.2,18.000248,0.0,0.008960669,1.3,2.6433086,0,0
7871,17.7,18.645687,0.0,0.003202292,1.3,2.2004833,0,0
7872,18.2,18.598671,0.0,0.0010103406,2.5,1.9619154,0,0
7873,18.8,19.207077,0.0,0.004443922,2.7,2.6785862,0,0
7874,20.8,19.076178,0.0,0.0032949457,1.7,2.941373,0,0
7875,19.8,19.688087,0.0,0.0043384293,2.0,2.5289187,0,0
7876,19.5,18.90056,0.0,0.0020739953,1.9,2.3640008,0,0
7877,19.5,18.444578,0.0,-0.0011438761,1.0,2.135939,0,0
7878,19.0,18.439837,0.0,-0.0047714044,0.9,1.514329,0,0
7879,18.9,17.870047,0.0,-0.004299838,0.6000000000000001,1.1999756,0,0
7880,18.4,17.628672,0.0,-0.004391127,0.7,0.9288204,0,0
7881,17.7,16.9347,0.0,-0.0037984597,0.8,0.8283098,0,0
7882,17.3,16.377527,0.0,-0.0031227402,0.9,0.7837721,0,0
7883,17.0,15.890912,0.0,-0.0016617202,0.5,0.78885865,0,0
7884,17.0,15.705608,0.0,-0.0021041357,0.9,0.64196634,0,0
7885,16.4,15.773532,0.0,-0.00048750918,0.8,0.70493054,0,0
7886,16.2,15.336001,0.0,0.0025943038,0.6000000000000001,0.72087395,0,0
7887,16.2,15.367671,0.0,0.0021139653,0.5,0.6479877,0,0
7888,16.0,15.308164,0.0,0.0038263032,0.5,0.5914937,0,0
7889,15.9,15.860513,0.0,0.005085082,0.7,0.6270143,0,0
7890,15.8,16.465868,0.0,0.0038098493,0.30000000000000004,0.6883079,0,0
7891,15.4,16.037428,0.0,0.004918664,0.19999999999999996,0.5551131,0,0
7892,17.4,15.895136,0.0,0.0055551906,0.3999999999999999,0.5351031,0,0
7893,21.4,19.082281,0.0,0.00406077,0.7,0.6172875,0,0
7894,23.6,23.342241,0.0,0.008126314,1.2,0.9948656,0,0
7895,24.0,25.586386,0.0,0.0077482047,3.2,1.5870005,0,0
7896,24.8,24.744295,0.0,0.010484966,3.3,2.8405447,0,0
7897,25.4,24.635183,0.0,0.010531575,3.0,3.1493585,0,0
7898,25.3,25.002096,0.0,0.010043811,3.5,3.010205,0,0
7899,25.6,24.898445,0.0,0.00986082,3.7,3.0542781,0,0
7900,25.7,24.583069,0.0,0.009641902,3.0,2.9893758,0,0
7901,25.8,24.631708,0.0,0.009725663,2.1,2.5670273,0,0
7902,24.9,23.77323,0.0,0.0110830935,2.1,1.7795303,0,0
7903,24.1,23.497034,0.0,0.011581496,1.3,1.6183386,0,0
7904,23.4,23.04397,0.0,0.0081447875,1.2,1.0703284,0,0
7905,22.1,22.577906,0.0,0.007546682,0.10000000000000009,0.93366027,0,0
7906,22.1,21.730394,0.0,0.0067801126,0.5,0.699599,0,0
7907,21.5,21.761168,0.0,0.0077500707,0.5,0.7797234,0,0
7908,19.6,21.403313,0.0,0.007713501,0.8,0.7140238,0,0
7909,19.1,19.708088,0.0,0.0058109164,0.5,0.76020765,0,0
7910,18.7,19.354364,0.0,0.004104287,0.19999999999999996,0.597433,0,0
7911,18.0,19.66054,0.0,0.004190137,0.7,0.51568675,0,0
7912,17.8,19.645828,0.0,0.0033456471,0.9,0.6586603,0,0
7913,17.8,18.368315,0.0,0.0015248772,0.5,0.720297,0,0
7914,17.6,18.874313,0.0,0.0021206816,1.3,0.6652198,0,0
7915,17.5,19.137772,0.0,0.0019388094,0.6000000000000001,1.0055394,0,0
7916,19.0,18.599947,0.0,0.0070799193,0.7,0.9886855,0,0
7917,21.6,21.763908,0.0,0.0069283303,0.8,0.99250907,0,0
7918,24.5,23.555649,0.0,0.0089199245,0.7,1.2406904,0,0
7919,25.9,25.633816,0.0,0.0065889577,2.7,1.294587,0,0
7920,27.1,26.11502,0.0,0.011539661,1.5,2.784073,0,0
7921,27.5,27.15489,0.0,0.010580545,2.4,2.2791407,0,0
7922,28.1,27.491179,0.0,0.010590914,2.0,2.5990982,0,0
7923,28.5,27.424114,0.0,0.009841619,1.5,2.3039398,0,0
7924,28.2,26.535122,0.0,0.008811595,2.0,1.9338441,0,0
7925,27.3,26.301363,0.0,0.008637429,2.3,1.9471666,0,0
7926,26.1,25.188446,0.0,0.00907483,3.0,1.9002107,0,0
7927,25.1,24.79411,0.0,0.009489043,2.2,2.0498128,0,0
7928,24.0,23.649305,0.0,0.011753875,1.2,1.737987,0,0
7929,22.8,23.131752,0.0,0.009160672,0.7,1.5282351,0,0
7930,22.2,21.8054,0.0,0.006434634,1.2,1.1180149,0,0
7931,21.1,21.401808,0.0,0.005347055,0.8,1.1009363,0,0
7932,20.5,20.353148,0.0,0.003868411,0.8,0.8140235,0,0
7933,20.0,19.702257,0.0,0.003144236,0.6000000000000001,0.70078444,0,0
7934,19.7,19.502058,0.0,0.0033128115,0.6000000000000001,0.5908308,0,0
7935,19.1,19.691975,0.0,0.003596407,0.8,0.618853,0,0
7936,18.3,19.069046,0.0,0.0026001863,1.2,0.6697544,0,0
7937,17.3,18.410736,0.0,0.0010498471,1.1,0.82415247,0,0
7938,16.9,17.484161,0.0,0.0024120917,0.8,0.8461764,0,0
7939,16.8,17.886698,0.0,0.00262858,0.9,0.87917745,0,0
7940,18.7,18.691797,0.0,0.0016479732,0.7,0.98983115,0,0
7941,22.1,21.211615,0.0,0.0054363036,0.7,0.96848595,0,0
7942,24.3,24.790812,0.0,0.004573952,0.7,1.134562,0,0
7943,26.3,25.366785,0.0,0.006026711,1.1,1.1686578,0,0
7944,26.8,26.287884,0.0,0.008989149,1.9,1.4913653,0,0
7945,26.8,25.83591,0.0,0.01134409,2.3,1.9903969,0,0
7946,26.3,25.562168,0.0,0.010304457,2.3,2.1269414,0,0
7947,26.6,25.148333,0.0,0.010298672,2.7,2.0371313,0,0
7948,25.9,25.993198,0.0,0.008885726,2.4,2.1866586,0,0
7949,25.8,24.27474,0.0,0.0101939235,1.3,1.821782,0,0
7950,25.4,24.504948,0.0,0.0063573425,1.1,1.3318766,0,0
7951,24.9,24.25232,0.0,0.0064910618,1.3,0.9314606,0,0
7952,24.4,23.63938,0.0,0.00811106,0.19999999999999996,0.9347072,0,0
7953,23.8,23.399328,0.0,0.005914397,0.19999999999999996,0.6728325,0,0
7954,23.4,23.509409,0.0,0.005579959,0.30000000000000004,0.6856054,0,0
7955,22.2,23.213518,0.0,0.0062610167,0.7,0.6564169,0,0
7956,21.5,21.70127,0.0,0.007864885,0.8,0.655211,0,0
7957,20.4,21.489058,0.0,0.0073694736,1.1,0.6581516,0,0
7958,20.4,20.10292,0.0,0.006115727,0.5,0.681797,0,0
7959,20.3,20.112425,0.0,0.0069007566,0.7,0.5884007,0,0
7960,20.4,20.177765,0.0,0.0070436113,0.30000000000000004,0.6251681,0,0
7961,20.1,20.50887,0.0,0.007569421,0.6000000000000001,0.55649805,0,0
7962,20.3,20.485653,0.0,0.007988022,0.5,0.6128323,0,0
7963,19.8,21.414701,0.0,0.008283639,0.7,0.6657647,0,0
7964,20.7,20.895664,0.0,0.008761039,0.8,0.74474454,0,0
7965,22.8,22.175346,0.0,0.008928258,0.8,0.8607529,0,0
7966,24.9,25.2261,0.0,0.00676001,0.19999999999999996,1.0619261,0,0
7967,26.8,26.478199,0.0,0.006305544,0.19999999999999996,1.0259209,0,0
7968,27.8,27.623146,0.0,0.00693069,0.3999999999999999,1.1384767,0,0
7969,28.3,27.523367,0.0,0.008076182,1.5,1.2527088,0,0
7970,28.6,27.125254,0.0,0.010177737,1.3,1.5498577,0,0
7971,27.1,27.468744,0.0,0.009129534,1.2,1.5189309,0,0
7972,26.5,26.090284,0.0,0.010611969,0.3999999999999999,1.1844985,0,0
7973,27.2,25.812075,0.0,0.0070851725,1.0,0.8737551,0,0
7974,26.8,25.937143,0.0,0.007131,0.7,0.9684912,0,0
7975,26.0,25.506477,0.0,0.009045636,0.8,0.861823,0,0
7976,26.1,24.99375,0.0,0.012746761,0.6000000000000001,0.8059337,0,0
7977,26.0,25.454355,0.0,0.007446183,0.7,0.79693747,0,0
7978,25.8,26.008904,0.0,0.0077480017,0.9,0.8650052,0,0
7979,25.0,26.32189,0.0,0.007697138,0.8,0.9155552,0,0
7980,24.7,25.657564,0.0,0.00970325,0.5,0.8699629,0,0
7981,24.4,25.245024,0.0,0.0076647983,0.6000000000000001,0.7437315,0,0
7982,24.0,24.67651,0.0,0.0085935425,0.6000000000000001,0.7195749,0,0
7983,23.5,24.483442,0.0,0.009668799,0.9,0.7174269,0,0
7984,23.2,23.92401,0.0,0.008339044,0.7,0.7694473,0,0
7985,23.6,23.568676,0.0,0.0100495145,0.3999999999999999,0.755044,0,0
7986,23.6,24.508902,0.0,0.008231453,0.9,0.7429193,0,0
7987,23.5,24.669378,0.0,0.0097851725,0.8,0.8602837,0,0
7988,24.0,25.376226,0.0,0.011099889,0.8,0.9036836,0,0
7989,24.9,25.56999,0.0,0.013418096,0.6000000000000001,0.93941706,0,0
7990,26.2,26.24595,0.0,0.012279564,0.5,0.9053389,0,0
7991,27.9,27.373707,0.0,0.009782927,1.8,0.9506899,0,0
7992,26.0,27.607615,0.0,0.015397689,1.5,1.7758862,0,0
7993,25.8,25.426563,0.0,0.16055651,2.2,1.5217252,0,0
7994,26.2,25.242006,0.0,0.012550779,0.9,1.8219472,0,0
7995,26.2,25.97845,0.0,0.009512543,1.2,1.4359814,0,0
7996,26.2,25.843206,0.0,0.008163972,0.10000000000000009,1.3521991,0,0
7997,25.3,25.395493,0.0,0.010443821,0.10000000000000009,0.8243581,0,0
7998,24.8,24.395844,0.0,0.009247703,0.10000000000000009,0.63260436,0,0
7999,24.6,24.009127,0.0,0.0076888525,0.30000000000000004,0.5513799,0,0
8000,24.3,24.442617,0.0,0.0073114615,0.3999999999999999,0.57902277,0,0
8001,24.2,24.119215,0.0,0.006951516,0.5,0.56434345,0,0
8002,24.1,24.06715,0.0,0.0069517298,1.1,0.5965574,0,0
8003,24.2,23.82999,0.0,0.007625335,0.5,0.7442589,0,0
8004,24.3,24.074387,0.0,0.0070211147,0.6000000000000001,0.6895063,0,0
8005,24.0,24.045275,0.0,0.00736762,0.7,0.68763757,0,0
8006,24.1,23.806828,0.0,0.008971941,0.10000000000000009,0.7016636,0,0
8007,24.3,24.419523,0.0,0.007434559,0.19999999999999996,0.63963807,0,0
8008,24.0,24.91673,0.0,0.00717713,0.3999999999999999,0.64570546,0,0
8009,24.6,24.674908,0.0,0.0069367997,0.19999999999999996,0.6580844,0,0
8010,26.1,25.297792,0.0,0.007972506,0.7,0.6829854,0,0
8011,27.6,27.138727,0.0,0.007908736,0.7,0.8858405,0,0
8012,29.6,28.54607,0.0,0.00879904,0.8,1.1608907,0,0
8013,29.4,29.73311,0.0,0.011936092,2.8,1.5062284,0,0
8014,29.9,29.394886,0.0,0.013847409,1.1,2.4593801,0,0
8015,29.3,29.231375,0.0,0.013805475,4.1,1.8278391,0,0
8016,29.1,28.6618,0.0,0.013463819,3.1,2.8032696,0,0
8017,28.5,28.16699,0.0,0.012266962,1.4,2.5723062,0,0
8018,28.5,27.617067,0.0,0.0104882885,2.3,1.6658534,0,0
8019,27.6,27.262686,0.0,0.009631618,2.5,1.6175321,0,0
8020,27.2,26.448732,0.0,0.010008695,1.5,1.4658641,0,0
8021,27.0,26.515884,0.0,0.011808211,0.7,0.9766132,0,0
8022,27.0,26.487032,0.0,0.0073356996,2.2,0.74428713,0,0
8023,22.3,26.520992,16.500000000000004,0.014724672,4.1,1.2512592,1,0
8024,22.6,21.722622,6.999999999999998,7.728367,1.4,1.8663799,1,1
8025,22.6,24.284887,0.5,1.5963802,0.5,1.0424042,1,1
8026,22.8,25.3239,0.5,0.12494232,1.3,0.8374592,1,0
8027,24.9,25.018795,0.0,0.19107711,0.7,0.89886075,0,0
8028,24.2,24.004486,0.0,1.2000904,0.3999999999999999,0.8689632,0,0
8029,23.9,24.792934,0.0,0.03411043,0.30000000000000004,0.6667273,0,0
8030,25.6,24.47464,0.5,0.047058057,0.10000000000000009,0.7148349,1,0
8031,25.9,25.641323,0.0,0.09249938,1.5,0.5983652,0,0
8032,26.7,25.588215,0.0,0.014342935,2.2,1.0519539,0,0
8033,26.9,26.775234,0.0,0.011058954,1.4,1.8869922,0,0
8034,23.3,26.482208,6.499999999999999,0.0104079265,1.4,1.6370723,1,0
8035,23.5,22.989279,0.5,6.747077,1.0,1.2871116,1,1
8036,23.7,25.36094,0.0,0.16228357,0.19999999999999996,0.9688279,0,0
8037,23.8,24.708641,0.0,0.11041697,0.9,0.7867595,0,0
8038,23.3,24.232828,0.0,0.07419043,0.30000000000000004,0.7772379,0,0
8039,23.1,23.970284,0.0,0.023113336,0.7,0.5988195,0,0
8040,22.8,23.620693,0.0,0.011015734,0.10000000000000009,0.6516683,0,0
8041,22.7,23.109344,0.0,0.012448178,0.19999999999999996,0.50944066,0,0
8042,22.6,23.392096,0.0,0.0107306205,0.5,0.51949203,0,0
8043,22.4,22.979593,0.0,0.01069217,0.5,0.5615903,0,0
8044,22.3,22.647608,0.0,0.011028512,0.5,0.58171916,0,0
8045,22.3,22.316004,0.0,0.011561392,0.3999999999999999,0.5962564,0,0
8046,22.4,22.249933,0.0,0.013129064,0.30000000000000004,0.5794952,0,0
8047,22.6,22.36457,0.0,0.0125052,0.5,0.56051505,0,0
8048,22.7,22.887215,0.0,0.009917527,0.10000000000000009,0.6344131,0,0
8049,23.3,23.141018,0.0,0.012071251,0.30000000000000004,0.5981784,0,0
8050,24.2,24.431938,0.0,0.0089214435,0.10000000000000009,0.67641485,0,0
8051,25.0,25.313711,0.0,0.008138284,0.5,0.72750247,0,0
8052,26.8,25.807106,0.0,0.008753396,0.8,0.85524964,0,0
8053,29.1,27.225449,0.0,0.0071902173,0.9,1.0826517,0,0
8054,29.4,28.620768,0.0,0.009865996,1.8,1.4501859,0,0
8055,28.8,28.564642,0.0,0.01147068,1.9,1.8654906,0,0
8056,28.1,27.614508,0.0,0.011362065,1.2,1.6871898,0,0
8057,26.7,27.168108,0.0,0.009218839,0.8,1.1478889,0,0
8058,27.4,26.15265,0.0,0.0074145305,1.2,0.8284099,0,0
8059,27.3,26.408875,0.0,0.0057057305,1.7,0.8922404,0,0
8060,27.1,26.408625,0.0,0.0064517423,0.5,1.0161121,0,0
8061,26.4,26.216705,0.0,0.0054682125,0.30000000000000004,0.79432,0,0
8062,26.0,25.708967,0.0,0.006201363,0.10000000000000009,0.68182623,0,0
8063,25.9,25.390202,0.0,0.006316296,0.10000000000000009,0.60856545,0,0
8064,25.1,25.394709,0.0,0.005713182,0.3999999999999999,0.5631876,0,0
8065,24.7,24.989449,0.0,0.0060776477,0.30000000000000004,0.56564665,0,0
8066,23.9,24.517857,0.0,0.0060655754,0.3999999999999999,0.55247605,0,0
8067,23.2,23.58211,0.0,0.0075872997,0.9,0.5019872,0,0
8068,23.1,23.004889,0.0,0.009173022,0.8,0.5970806,0,0
8069,22.5,23.384104,0.0,0.007610534,0.7,0.6997056,0,0
8070,22.1,23.172348,0.0,0.008783512,0.3999999999999999,0.71910715,0,0
8071,21.6,22.653023,0.0,0.008917971,0.3999999999999999,0.6426265,0,0
8072,21.9,22.352602,0.0,0.009733589,0.30000000000000004,0.6178663,0,0
8073,23.9,22.613228,0.0,0.009463276,0.3999999999999999,0.621935,0,0
8074,27.6,25.311731,0.0,0.0055984426,1.1,0.7784314,0,0
8075,29.0,28.448614,0.0,0.010234959,2.2,1.5546933,0,0
8076,28.8,29.211555,0.0,0.013276018,3.8,2.4946861,0,0
8077,28.8,28.706028,0.0,0.015575289,3.9,3.3317177,0,0
8078,29.3,28.512001,0.0,0.015251872,4.0,3.5227206,0,0
8079,28.9,28.956022,0.0,0.014750953,4.4,3.6372132,0,0
8080,29.3,28.586023,0.0,0.013816336,3.7,3.7425222,0,0
8081,29.3,28.395742,0.0,0.013439142,5.0,3.5080934,0,0
8082,29.8,28.202715,0.0,0.012697545,2.9,3.746292,0,0
8083,30.9,28.0213,0.0,0.012286405,1.2,2.9929993,0,0
8084,31.1,28.392435,0.0,0.011215168,0.9,1.8358345,0,0
8085,30.2,28.558704,0.0,0.0077196504,1.0,1.2101898,0,0
8086,30.1,28.294563,0.0,0.006241333,0.9,1.0343902,0,0
8087,29.8,28.439377,0.0,0.005830427,1.0,0.9965955,0,0
8088,27.5,28.355211,0.0,0.006526851,1.0,1.055268,0,0
8089,26.8,26.228136,0.0,0.01044865,2.5,0.8204243,0,0
8090,26.6,25.904995,0.0,0.009176337,1.1,1.3806013,0,0
8091,26.6,26.223627,0.0,0.006718264,0.8,1.066985,0,0
8092,26.3,26.361431,0.0,0.006406309,0.7,0.9622682,0,0
8093,24.8,25.754608,0.0,0.0064635524,0.6000000000000001,0.8738149,0,0
8094,24.1,24.517164,0.0,0.007444017,0.3999999999999999,0.7129643,0,0
8095,23.6,24.234217,0.0,0.0063720793,0.8,0.64943945,0,0
8096,24.5,23.45923,0.0,0.008522653,0.30000000000000004,0.67911613,0,0
8097,23.7,25.105621,0.0,0.008054703,2.4,0.7281376,0,0
8098,22.6,23.833082,2.0000000000000004,2.1255763,1.5,1.8388985,1,1
8099,24.3,24.886526,0.5,0.47863585,0.3999999999999999,1.3021526,1,1
8100,26.4,24.976065,0.0,0.3969259,2.0,1.0517699,0,0
8101,25.1,26.380203,0.0,0.01155107,1.7,1.8033252,0,0
8102,24.0,24.256561,0.0,0.33390823,0.3999999999999999,1.3511097,0,0
8103,24.1,24.10435,0.0,0.013892095,0.8,0.88015664,0,0
8104,24.3,23.847826,0.0,0.011606609,1.2,0.863418,0,0
8105,23.0,23.991411,0.0,0.009932553,1.2,0.9971273,0,0
8106,23.0,23.055298,0.0,0.011719204,0.8,1.1037217,0,0
8107,22.9,23.024017,0.0,0.009827618,0.9,0.86310434,0,0
8108,22.7,22.789469,0.0,0.010656486,0.7,0.8470367,0,0
8109,22.2,22.4653,0.0,0.011448287,0.9,0.7532563,0,0
8110,22.0,22.61647,0.0,0.010642744,0.8,0.8426244,0,0
8111,22.2,22.403244,0.0,0.010716882,1.0,0.814355,0,0
8112,22.6,22.759037,0.0,0.009980821,0.7,0.881926,0,0
8113,24.1,23.055408,0.0,0.009646547,0.8,0.82591224,0,0
8114,23.8,23.524488,0.0,0.008764354,0.7,0.82431376,0,0
8115,24.1,23.797365,0.0,0.010207659,0.5,0.79151237,0,0
8116,24.0,24.482643,0.0,0.008816906,0.8,0.76460934,0,0
8117,24.0,24.609106,0.0,0.010087722,1.2,0.8163301,0,0
8118,24.5,25.09294,0.0,0.012582424,0.5,1.1141587,0,0
8119,24.8,25.504827,0.0,0.03878667,1.9,0.9951131,0,0
8120,24.6,24.801933,0.0,0.010969989,0.6000000000000001,1.8036708,0,0
8121,24.6,24.881033,0.0,0.0077644866,0.5,1.4153064,0,0
8122,24.8,24.578215,0.0,0.006844362,1.5,1.3059316,0,0
8123,24.5,23.815817,0.0,0.023799304,1.0,1.3562015,0,0
8124,22.4,24.034601,1.5,0.008162493,0.30000000000000004,1.2907661,1,0
8125,22.6,22.592606,0.5,1.2418928,0.5,0.75937235,1,1
8126,21.7,22.556646,3.9999999999999982,0.43328902,1.2,0.75311005,1,0
8127,21.5,21.851154,0.5,2.5847852,2.6,0.98056364,1,1
8128,19.6,19.70647,0.0,0.58274937,2.2,2.2107859,0,1
8129,19.7,19.605505,0.0,0.01771981,1.6,2.5276232,0,0
8130,19.8,19.499908,0.0,0.013624549,1.6,2.243665,0,0
8131,20.1,20.124577,0.0,0.0065052384,1.8,2.1312215,0,0
8132,20.1,21.062965,0.0,0.0068468745,1.9,2.260487,0,0
8133,19.8,20.466812,0.5,0.0054017813,1.3,2.168041,1,0
8134,19.9,18.940865,0.0,0.12606497,1.3,1.6388612,0,0
8135,20.9,19.158384,0.0,0.014702926,0.3999999999999999,1.5974672,0,0
8136,21.6,19.974232,0.0,0.022638699,1.4,1.1351385,0,0
8137,20.8,21.461077,0.0,0.0053322017,1.7,1.4662907,0,0
8138,20.6,20.255445,0.0,0.01096507,1.4,1.7277611,0,0
8139,20.8,20.694012,0.0,0.004170101,1.5,1.6731229,0,0
8140,20.7,21.35151,0.0,0.0046736114,1.5,1.6945356,0,0
8141,20.5,21.571346,0.0,0.004600384,1.2,1.6446956,0,0
8142,20.3,21.393705,0.0,0.006000548,0.8,1.354761,0,0
8143,20.6,20.555254,0.0,0.008458872,0.19999999999999996,1.055561,0,0
8144,20.2,20.898672,0.0,0.009431243,1.1,0.6716529,0,0
8145,20.1,20.17514,0.0,0.010904174,0.0,0.84476495,0,0
8146,20.1,20.133608,0.0,0.01388814,0.7,0.52010214,0,0
8147,20.0,20.25561,0.0,0.009624368,0.30000000000000004,0.5946474,0,0
8148,19.8,20.056845,0.0,0.00977675,0.8,0.48916864,0,0
8149,19.9,19.919716,0.0,0.009741628,0.30000000000000004,0.59404624,0,0
8150,20.8,20.282547,0.0,0.0087443385,0.5,0.5414282,0,0
8151,22.0,21.423607,0.0,0.008672367,0.10000000000000009,0.64607847,0,0
8152,23.7,22.597149,0.0,0.008765345,0.30000000000000004,0.67311275,0,0
8153,24.7,24.32529,0.0,0.006574405,0.5,0.79840136,0,0
8154,25.6,25.409576,0.0,0.006629918,0.30000000000000004,0.9412942,0,0
8155,26.5,25.834614,0.0,0.0053784107,1.9,1.152526,0,0
8156,26.5,25.747746,0.0,0.008497635,1.0,1.692162,0,0
8157,26.2,25.79542,0.0,0.007942906,1.4,1.4568255,0,0
8158,25.7,25.630856,0.0,0.006826013,1.4,1.3762356,0,0
8159,26.2,25.273678,0.0,0.0058903475,0.3999999999999999,1.173729,0,0
8160,25.9,25.439348,0.0,0.004290518,0.5,0.8405863,0,0
8161,24.9,24.827648,0.0,0.005729311,0.6000000000000001,0.6919564,0,0
8162,24.3,24.166409,0.0,0.007154836,0.19999999999999996,0.624467,0,0
8163,23.9,23.749678,0.0,0.0057326118,1.0,0.525527,0,0
8164,23.6,23.362555,0.0,0.008037097,0.30000000000000004,0.6951605,0,0
8165,23.8,23.377071,0.0,0.011293639,0.0,0.6766175,0,0
8166,23.6,23.871778,0.0,0.0067862067,0.5,0.56355,0,0
8167,23.5,23.615606,0.0,0.006986136,0.30000000000000004,0.5754951,0,0
8168,23.4,23.050163,0.0,0.008517862,0.0,0.69635236,0,0
8169,23.5,22.819164,0.0,0.009144386,0.30000000000000004,0.5338414,0,0
8170,21.8,22.874706,2.0000000000000004,0.009136921,0.9,0.54833114,1,0
8171,22.0,22.39611,8.000000000000002,3.4749765,2.1,0.95301664,1,1
8172,22.4,21.627827,2.5,7.95965,0.10000000000000009,1.2387921,1,1
8173,23.0,23.116068,0.0,1.3877788,0.3999999999999999,0.675882,0,1
8174,24.6,24.10779,0.0,0.042282183,2.3,0.86603874,0,0
8175,24.4,24.631496,0.0,0.010052589,2.3,1.8774486,0,0
8176,24.9,24.600449,0.0,0.011190875,2.3,2.4887395,0,0
8177,24.0,24.720457,0.0,0.011139163,2.2,2.5295613,0,0
8178,23.5,23.827705,0.0,0.010609222,1.2,2.2937078,0,0
8179,22.4,23.4651,0.0,0.012958793,2.3,1.6553631,0,0
8180,22.3,22.086864,0.0,0.009036085,2.0,1.8875705,0,0
8181,22.5,23.55022,0.0,0.01094837,2.1,1.8510952,0,0
8182,22.9,23.598152,0.0,0.009529572,2.1,2.029468,0,0
8183,22.8,23.91139,0.0,0.009608304,2.5,2.1756663,0,0
8184,22.9,23.525433,0.0,0.009156901,2.1,2.526478,0,0
8185,23.0,23.212463,0.0,0.008039275,3.0,2.2689123,0,0
8186,23.0,22.383013,0.0,0.0070012915,3.0,2.7336338,0,0
8187,22.9,21.889252,0.0,0.0059733293,2.2,2.6857584,0,0
8188,21.8,21.706049,0.0,0.0068031745,1.6,2.2407887,0,0
8189,20.6,20.975512,0.0,0.003130626,1.7,1.8102398,0,0
8190,21.8,19.842178,0.0,0.00047845786,1.7,1.6520228,0,0
8191,22.4,21.860744,0.0,0.004786295,2.1,1.7279774,0,0
8192,23.9,22.048101,0.0,0.007994386,2.8,2.0597584,0,0
8193,25.2,24.15915,0.0,0.010520469,3.2,2.935222,0,0
8194,26.1,25.227945,0.0,0.011674121,2.8,3.4664998,0,0
8195,26.8,25.56338,0.0,0.011646956,4.3,3.3417752,0,0
8196,27.4,26.309229,0.0,0.0129341865,3.5,4.086269,0,0
8197,27.2,26.650038,0.0,0.012497787,3.3,3.9361498,0,0
8198,27.2,25.973331,0.0,0.012598833,3.4,3.721336,0,0
8199,27.2,26.099957,0.0,0.0124457665,3.5,3.7023537,0,0
8200,27.0,26.131874,0.0,0.012171432,2.8,3.6459184,0,0
8201,26.6,25.975277,0.0,0.01097725,1.7,3.2084625,0,0
8202,26.1,25.189644,0.0,0.009627508,1.5,2.358416,0,0
8203,24.5,24.13806,0.0,0.010670315,1.5,1.8183684,0,0
8204,23.4,23.506567,0.0,0.0128628425,1.1,1.6770474,0,0
8205,22.3,23.190117,0.0,0.010520722,1.5,1.577965,0,0
8206,21.6,22.527012,0.0,0.007103856,1.0,1.4999886,0,0
8207,21.0,21.523787,0.0,0.0056312517,1.5,1.1504798,0,0
8208,20.7,20.626907,0.0,0.003993392,1.4,1.173251,0,0
8209,20.3,20.11372,0.0,0.0030977603,0.30000000000000004,1.0886583,0,0
8210,20.1,19.522379,0.0,0.0037643933,0.5,0.64657843,0,0
8211,19.6,19.35884,0.0,0.004264292,0.30000000000000004,0.58737385,0,0
8212,19.7,18.917105,0.0,0.004456165,0.6000000000000001,0.5009991,0,0
8213,19.3,19.218678,0.0,0.0046975873,0.7,0.56001925,0,0
8214,19.3,19.39932,0.0,0.005270038,0.7,0.6608962,0,0
8215,21.0,19.935398,0.0,0.0053138803,0.7,0.6986126,0,0
8216,23.7,22.00518,0.0,0.008258173,0.30000000000000004,0.83924985,0,0
8217,25.5,25.366678,0.0,0.0052282456,1.0,0.89314336,0,0
8218,27.0,26.426008,0.0,0.008568981,0.5,1.324427,0,0
8219,27.4,27.689627,0.0,0.009385544,2.6,1.3754658,0,0
8220,28.3,27.439423,0.0,0.011411528,1.5,2.3848624,0,0
8221,27.9,27.689228,0.0,0.011850749,1.7,2.0214465,0,0
8222,27.2,27.068806,0.0,0.011174354,1.7,1.81881,0,0
8223,26.7,26.419342,0.0,0.008497533,2.0,1.5808235,0,0
8224,26.4,25.67071,0.0,0.008181883,1.3,1.498372,0,0
8225,26.0,25.772284,0.0,0.005098913,1.0,1.1338196,0,0
8226,25.7,25.222996,0.0,0.00520198,0.30000000000000004,0.8370203,0,0
8227,25.6,24.69621,0.0,0.006976784,0.19999999999999996,0.61501944,0,0
8228,25.1,24.330017,0.0,0.0052386294,0.10000000000000009,0.5434514,0,0
8229,24.8,24.296658,0.0,0.004948131,0.30000000000000004,0.52482414,0,0
8230,23.9,24.289543,0.0,0.005235458,0.6000000000000001,0.53231776,0,0
8231,23.6,23.632717,0.0,0.006284146,0.19999999999999996,0.5622852,0,0
8232,23.3,23.454277,0.0,0.006219967,0.30000000000000004,0.5144149,0,0
